hieroglyph	gardiner_codes	transliteration	english	occurrence
𓇋	M17	i	I,me,my	1543.85
𓇋	M17	=i	I,me,my	1543.85
𓏲	Z7	W	same as G43*	1051.0
𓏲	Z7	W	same as G43*	1051.0
𓀁	A2	swr	drink	837.0
𓏏	X1	t	you, your	654.555
𓏏	X1	T	you,your	654.555
𓏏	X1	=t	you, your	654.555
𓄿	G1	A	part\u00edcula encl\u00edtica	627.067
𓄿	G1	A	vulture, bird (en general)	627.067
𓆑	I9	f	he, him, his, it, its	597.417
𓆑	I9	=f	he, him, his, it, its	597.417
𓀜	A24	nxt	strong, victorious, stiff, hard	403.0
𓂋	D21	r	to, at, concerning, more than, from	357.364
𓂋	D21	r	so that, until, according as	357.364
𓂋	D21	r	(indicates futurity)	357.364
𓂋	D21	r	a  part (in fractions)	357.364
𓅪	G37	nDs	little / small (of size), dim (of eyes), dull (of ears), poor (of appetite)	338.0
𓅪	G37	Srr	little, meagre, younger, junior, short	338.0
𓁹	D4	iri	create, beget, make, construct, do, act, take action, achieve, prepare, treat	282.5
𓅓	G17	m	with, by means of, from, out of, as, namely, when, as, though, together with	272.742
𓅓	G17	m	in the position of	272.742
𓅓	G17	m	do not	272.742
𓂝	D36	mH	cubit	270.972
𓂝	D36	rdi	give, put, place, appoint, cause, permit, grant	270.972
𓏛	Y1	dmD	total	270.25
𓀀	A1	i	I, me, my	258.5
𓀀	A1	=i	I, me, my	258.5
𓎡	V31	k	you, your	251.617
𓎡	V31	=k	you, your	251.617
𓈖	N35	n	to, for, to (persons), in (sun, dew, time), because, belongs to	213.314
𓈖	N35	ny	of, belonging to	213.314
𓈖	N35	n	we, us, our	213.314
𓈖	N35	=n	we, us, our	213.314
𓀭	A40	i	I,me,my	207.5
𓀭	A40	=i	I,me,my	207.5
𓉐	O1	pA	this, the	177.4
𓂧	D46	Ssp	palm (of hand), one seventh of a cubit (measurement)	161.417
𓂧	D46	dw	give, place, put, implant (obstacle), strike (blow), cause	161.417
𓊃	O34	s	she, her, it, its	160.686
𓊃	O34	sy	she, her, it	160.686
𓊃	O34	=s	she, her, it, its	160.686
𓂜	D35	n	not	156.167
𓆇	H8	imy	in which is	148.0
𓊛	P1	imw	ship	138.5
𓃀	D58	bw	place	133.25
𓃀	D58	bw	place	133.25
𓌙	T14	qmA	throw, create, beget, produce, carry out (teaching), hammer out (from metal)	128.0
𓈉	N25	smyt	desert, necropolis	121.5
𓊹	R8	nTry	divine, sacred	112.75
𓁷𓏤	D2,Z1	Hr	face, sight	109.0
𓁷𓏤	D2,Z1	Hr	upon, in, at, from, on account of, concerning, through, and, having on it, because	109.0
𓇩	M40	ist	gang (of workmen)	104.0
𓄹	F51	fAk	pubic region	103.0
𓊖	O49	niwt	city, town	94.5
𓍿	V13	T	you, your	86.3333
𓅱	G43	w	property	85.9
𓅱	G43	w	not	85.9
𓅱	G43	wi	I, me	85.9
𓅱	G43	wy	how !	85.9
𓆼	M12	xA	1000	83.0
𓆼	M12	xA  tA	land measure (of 10 arouras)	83.0
𓋹	S34	anx	swear	80.6667
𓏴	Z9	Hsb	one quarter (number), one quarter of an aroura	77.75
𓏴	Z9	Sbn	mixed, various	77.75
𓏤	Z1	1	one	75.0
𓉔𓄿	O4,G1	hA	ho ! , ha !	74.0
𓋴	S29	s	she, her, it, its	72.9623
𓋴	S29	sy	she, her, it	72.9623
𓋴	S29	sy	who ?, what ?	72.9623
𓋴	S29	.sn	they, them, their	72.9623
𓋴	S29	snb	health	72.9623
𓋴	S29	=s	she, her, it, its	72.9623
𓃒	E1	kA	bull	69.0
𓄛	F27	dHr	leather, hide	68.5
𓎟	V30	nb	lord, master, owner	68.5
𓎟	V30	nb	any, every, all	68.5
𓅨	G36	wr	swallow (bird)	64.0952
𓅨	G36	wr	great	64.0952
𓁣	C7	stX	Seth (god)	59.0
𓂡	D40	nxt	strong, victorious, stiff, hard	53.5833
𓂡	D40	xAi	measure, examine (patient), patrol	53.5833
𓂡	D40	srwx	treatment	53.5833
𓇋𓀁	M17,A2	i	O!, say, utterance	51.0
𓇳𓏤	N5,Z1	hrw	day, daytime	49.0
𓏇	W19	mi	like, according as	46.8333
𓄡	F32	Xt	belly, womb, body, sole (of foot)	45.0
𓄣𓏤	F34,Z1	ib	heart, mind, understanding, intelligence, will, desire, mood, wish	44.0
𓇋𓏏	M17,X1	ity	sovereign	43.25
𓅷	G47	TAty	vizier	42.0
𓄓	F20	ns	tongue	41.0
𓎝	V29	wAH	(see entries under wAH)	40.25
𓇋𓂋	M17,D21	ir	as to, if	39.2786
𓇋𓂋	M17,D21	r	to, at, concerning, more than, so that, until, according as	39.2786
𓊪𓈖	Q3,N35	pn	this, he of	39.0
𓅭	G39	Apd	duck, bird (en general)	38.9167
𓅭	G39	wSA	fatten	38.9167
𓅭	G39	sA	land measure of 1/8 aroura	38.9167
𓇋𓈖	M17,N35	in	by, so says	38.4167
𓇆	M14	wAD	green	38.0
𓇑𓇑	M22,M22	nn	this, these, here, hither	37.6667
𓀸	A47	mniw	herdsman	37.5
𓍘	U33	ti	(not translated)	37.0
𓏎	W25	ini	bring, fetch, carry off, bring away, bring about, remove (something)	36.3333
𓏎	W25	ini	overcome (trouble), reach, attain (a place), buy, appoint, use	36.3333
𓉿	O31	aA	door	35.0
𓆄	H6	mAat	right - doing, righteousness	34.3333
𓆄	H6	Swt	side	34.3333
𓏏𓏭	X1,Z4	ty	forsooth, pray	33.5
𓇋𓀀	M17,A1	i	I,me,my	32.75
𓇋𓀀	M17,A1	=i	I,me,my	32.75
𓈘	N36	mr	partisan, supporter	32.0
𓏇𓇋	W19,M17	mi	like, according as	31.6667
𓇼	N14	wnwty	hour watcher, astronomer	31.25
𓇍	M18	ii	come, return	31.0
𓉻	O29	aA(i)	great (of size)	30.4333
𓉻	O29	aAw	greatly	30.4333
𓈗	N35A	mw	water, rain, semen	30.0
𓌡𓂝𓏤	T21,D36,Z1	wa	one, unique, one only	29.5
𓌡𓂝	T21,D36	waty	sole, single	29.5
𓄲	F46	pXr	turn, turn about	29.0667
𓎆	V20	mD	(the number) ten	28.0
𓀼	A51	Spsy	noble, august (of gods), splendid (of buildings), valuable (of plants, minerals), costly	27.0
𓁷𓂋	D2,D21	Hry	master	27.0
𓇥𓂋	M36,D21	Dr	in, since, before, until	26.0
𓇥𓂋	M36,D21	Dr	at an end	26.0
𓈍	N28	xaw	crown	26.0
𓊹𓀭	R8,A40	nTr	god	25.5
𓀢	A30	iAw	adoration	25.0
𓁛	C2	ra	Re	25.0
𓅐	G14	mwt	mother	25.0
𓇯	N1	pt	sky, heaven	24.5
𓇯	N1	hAyt	portal	24.5
𓏞	Y3	Tms	be besmeared	23.1
𓊡	P5	TAw	wind	23.0
𓏌𓎡	W24,V31	ink	I am, belonging to me	23.0
𓍱	V6	Ss	rope	22.6667
𓍱	V6	Ss	alabaster, vessels of alabaster	22.6667
𓀙	A21	sr	nobleman, magistrate	22.0
𓏏𓄿	X1,G1	tA	this, the	21.6
𓎼𓂋	W11,D21	grw	also, further, any more	20.5
𓅃𓀭	G5,A40	Hr	Horus	20.0
𓎛𓈖	V28,N35	Hna	together with, and	20.0
𓅡	G29	bA	possess a soul, be a soul	19.5
𓅠𓅓	G28,G17	gmi	find, use (one''s hand), be able to (do something), control (land)	19.0
𓌾	U10	it	barley, (corn en general)	19.0
𓎡𓇋𓇋	V31,M17,M17	ky	other, another	18.6667
𓋀	R14	imnt	the West	18.5
𓌡𓏤	T21,Z1	wa	unique, one only, sole	18.3333
𓌡𓏤	T21,Z1	wai	be alone	18.3333
𓌨𓂋	T28,D21	Xr	under, carrying, holding, possessing	18.25
𓌨𓂋	T28,D21	Xr	at (head or foot), through (of means), subject (to someone''s actions)	18.25
𓌉	T3	HD	white, bright	18.1667
𓀯	A41	nsw	king of Upper Egypt, king	18.0
𓅓𓁹	G17,D4	m  ir	do not	18.0
𓏏𓈖	X1,N35	tn	this	17.5464
𓏏𓈖	X1,N35	Tn	you, your	17.5464
𓃹𓈖𓈖	E34,N35,N35	wnn	be, exist	17.5
𓆰	M2	i	I, me, my	17.5
𓆰	M2	=i	I, me, my	17.5
𓅢	G30	bAw	souls (of dead)	17.0
𓍘𓇋	U33,M17	ti	not translated	17.0
𓊃𓈖	O34,N35	sn	they, them, their	16.9571
𓊃𓈖	O34,N35	=sn	they, them, their	16.9571
𓏏𓏏	X1,X1	twt	full, entire	16.95
𓇉	M16	mHw	Lower Egypt	16.8333
𓋁	R15	iAby	left (hand), east, eastern, the left side of	16.5833
𓂝𓏏	D36,X1	at	house	16.0
𓊹𓅆	R8,G7	nTr	god	16.0
𓌃𓂧𓏭𓀁	S43,D46,Z4,A2	mdw	speak, address (someone), speech, word, plea	16.0
𓏃	W17	xnty	who is at the head of, foremost	16.0
𓇋𓅓	M17,G17	im	there, therein, therewith, therefrom	15.75
𓇋𓅓	M17,G17	im	in, with, by means of, from, out of, as, namely, when, as, though, together with	15.75
𓅭𓏤	G39,Z1	aff	fly	15.5
𓂾	D56	wart	quarter (of necropolis)	15.3333
𓂾	D56	rd	foot	15.3333
𓂋𓆑	D21,I9	rf	not to be translated	15.0
𓃝	E10	bA	ram	15.0
𓅧	G35	aq	enter (into)	15.0
𓇇	M15	mHw	Lower Egypt	15.0
𓊪𓏏𓇯	Q3,X1,N1	pt	sky, heaven	15.0
𓏊	W22	Hnkt	beer	15.0
𓈐	N31	wA	far (from), long ago, for a long time past, go	14.6667
𓈐	N31	wA	fall (into  a condition)	14.6667
𓂚	D34	aHA	warrior	14.5
𓄔	F21	sDm	hear (voice etc), hear of 9something), listen (to), obey, understand, judge, satisfy (conditions)	14.0
𓇔	M24	rsy	southern, south of, South	14.0
𓍃𓅓	U15,G17	tm	(negates the sentence)	14.0
𓏏𓆑	X1,I9	it	father	14.0
𓏏𓆑	X1,I9	tf	that (over there)	14.0
𓇓𓏏	M23,X1	swt	force (of wind)	13.8333
𓈝	N40	Sm	pass (of property)	13.5
𓇼𓄿	N14,G1	dwA	praise, worship	13.25
𓀻	A50	i	I,me,my	13.0
𓀻	A50	=i	I,me,my	13.0
𓆤	L2	bity	king of Lower Egypt	13.0
𓊚	O51	Snwt	granary	13.0
𓋉	R22	mnw	Min (god)	13.0
𓊢	P6	aHa	stand	12.9833
𓊢	P6	aHa	portion, allotment	12.9833
𓀗	A19	iAwi	be aged, attain old age, old age	12.8333
𓀗	A19	iky	quarryman	12.8333
𓎔𓏛	V22,Y1	mH	fill, be full of, pay in full, make whole, complete, finish	12.6667
𓎔𓏛	V22,Y1	mH	be full, be complete,	12.6667
𓎔𓏛	V22,Y1	mH	inlay	12.6667
𓂋𓏤	D21,Z1	r	mouth, opening, utterance, speech, language, intent	12.5
𓂋𓏤	D21,Z1	r	water''s edge	12.5
𓄊	F12	wsr	powerful	12.25
𓄊	F12	wsrw	strength, power	12.25
𓂋𓈖	D21,N35	rn	name	12.2143
𓂋𓈖	D21,N35	rn	young one (of animals)	12.2143
𓄤	F35	nfr	good, beautiful  etc......	12.0048
𓄤	F35	nfr	beauty	12.0048
𓄤	F35	nfr	zero	12.0048
𓄂𓏏𓏭𓄣	F4,X1,Z4,F34	HAty	heart, central chest , thought	12.0
𓊌𓏤	O39,Z1	stAt	aroura (of land), sheet (of metal)	12.0
𓍅𓏛	U17,Y1	grg	found (a land), establish (a house), people (a place)	11.6667
𓍅𓏛	U17,Y1	grg	furnish (waste lands with veg), settle (crown on king), provide (for), set in order,	11.6667
𓍅𓏛	U17,Y1	grg	be ready, put one''s trust (in), make preparation	11.6667
𓀉	A7	bAgi	weariness, languor, slackness, remissness	11.5
𓀉	A7	Hmsi	sit down	11.5
𓅜	G25	Ax	spirit	11.3333
𓅜	G25	Ax	be, become a spirit, beneficial, useful, profitable	11.3333
𓉐𓏤	O1,Z1	pr	house, household, palace, temple	11.3333
𓊢𓂝	P6,D36	aHa	attendant	11.15
𓀾	A53	twt	statue, image, figure, likeness	11.0
𓂿	D57	siAt	encroach upon (lands), cheat	11.0
𓃫	E21	stX	Seth (god)	11.0
𓇾𓇾	N16,N16	tAwy	the Two Lands, Egypt	11.0
𓊪𓆑	Q3,I9	pf	that (yonder)	11.0
𓋸𓋸	S33,S33	Tbwty	sandals, soles (of feet)	11.0
𓌀	S40	wAs	dominion, have dominion	11.0
𓌬	T32	sSm	conduct (work, war)	11.0
𓍊	U22	mnx	potent (of king etc...)	11.0
𓎆𓎆𓎆	V20,V20,V20	mabA	harpoon	11.0
𓃀𓈖	D58,N35	bn	negative particle	10.9167
𓈖𓏏	N35,X1	nt	of, belonging to	10.8381
𓋴𓏏	S29,X1	st	it, them	10.6575
𓁹𓏏𓏤	D4,X1,Z1	irt	eye	10.5
𓆈	I1	aSA	many, numerous, much, plentiful, ordinary, quantity, multitude	10.5
𓊨𓏏𓉐	Q1,X1,O1	st	seat, throne, place, grounds (of house), department, office, storehouse, position, rank of official	10.0
𓋩	S20	xtm	seal	10.0
𓍛𓀭	U36,A40	Hm	Majesty	10.0
𓎛𓈖𓂝	V28,N35,D36	Hna	together with, and, therewith, together with them	10.0
𓏎𓈖	W25,N35	ini	bring, fetch, carry off, remove, overcome, reach, attain, buy, appoint, use	10.0
𓅓𓂝	G17,D36	m	(not translated)	9.90833
𓅓𓂝	G17,D36	m	behold	9.90833
𓅓𓂝	G17,D36	m	who ?, what ?	9.90833
𓅓𓂝	G17,D36	m	take !	9.90833
𓅓𓂝	G17,D36	m  a	in the hand, possession, charge of, together with, from	9.90833
𓂝𓏤	D36,Z1	a	arm, hand, forearm	9.88889
𓂝𓏤	D36,Z1	a	region, province	9.88889
𓂝𓏤	D36,Z1	a	condition, state	9.88889
𓂝𓏤	D36,Z1	a	item, piece	9.88889
𓂝𓏤	D36,Z1	a	track, trace	9.88889
𓂝𓏤	D36,Z1	a	warrant, certificate	9.88889
𓂝𓏤	D36,Z1	mH	forearm	9.88889
𓅮	G40	pA	this, the	9.75
𓅮	G40	pAw	''past tense'' marker	9.75
𓂢	D41	mH  tA	land cubit  (one hundredth of one auoura)	9.66667
𓂢	D41	rmn	shoulder, arm, uprights (of ladder), side	9.66667
𓂢	D41	rmn	half (of rod, aroura)	9.66667
𓁀	A55	XAt	corpse	9.5
𓁀	A55	sDr	spend the night, sleep, lie down, go to rest, be inert, inactive, do in the night	9.5
𓇆𓏛	M14,Y1	wADw	happiness	9.5
𓊹𓊹𓊹	R8,R8,R8	nTrw	gods	9.5
𓌙𓅯	T14,G41	qmA	throw, create, beget, produce, carry out (teaching), hammer out (from metal)	9.5
𓇋𓋴	M17,S29	is	part\u00edcula encl\u00edtica	9.48333
𓏴𓂡	Z9,D40	swA	break, cut (throat), cut off, cut down	9.33333
𓄙	F25	wHm	ass	9.16667
𓄙	F25	wHm	repeat	9.16667
𓆓𓏏	I10,X1	Dt	estate	9.16667
𓋭	S24	Ts	model (face of sphinx)	9.16667
𓅨𓂋	G36,D21	wrr	great, much, many, eldest, important	9.09524
𓅨𓂋	G36,D21	wr	greatness (of size), sufficiency (of food), excess (of supplies), much, how much ?	9.09524
𓅨𓂋	G36,D21	wr	great one, magnate	9.09524
𓅨𓂋	G36,D21	wri	portion (of meat)	9.09524
𓂝𓏛	D36,Y1	a	warrant, certificate, record, register	9.0
𓄈	F10	am	know	9.0
𓆃	H5	DnH	wing	9.0
𓊦	P10	Hmw	steering-oar	9.0
𓇉𓄿	M16,G1	HA	in attendance	8.83333
𓋁𓃀	R15,D58	Abi	desire, wish for	8.75
𓉻𓏛	O29,Y1	aA(i)	great (of size)	8.66667
𓂜𓈖	D35,N35	nn	not	8.5
𓁹𓁹	D4,D4	irwy	eyes	8.5
𓃭𓏤	E23,Z1	rw	lion	8.5
𓄖	F22	pHwy	reach, attain, finish, end by, attack, contest, spear, hit, surround, caught	8.5
𓄖	F22	pHwy	hinder parts, hind quarters	8.5
𓍛𓏤	U36,Z1	Hm	Majesty (of king)	8.5
𓀐	A14	mt	die, perish, death	8.0
𓂸𓏏	D52,X1	mt	strip ? (of cloth)	8.0
𓄡𓏏𓏤	F32,X1,Z1	Xt	belly, womb, body, sole (of foot)	8.0
𓇋𓅱	M17,G43	iiw	welcome	8.0
𓇋𓅱	M17,G43	iw	is, are	8.0
𓇦	M37	dmA	bind together	8.0
𓈀	N18	stAt	aroura (of land), sheet (of metal)	8.0
𓇰	N2	xAwy	night	8.0
𓈅𓈅	N21,N21	idbwy	the Two Banks (Egypt)	8.0
𓉴	O24	mr	pyramid	8.0
𓊜	P1A	pna	turn upside down	8.0
𓊨𓁹	Q1,D4	wsir	Osiris	8.0
𓍁	U13	hb	plough	8.0
𓆣𓂋	L1,D21	xpr	exist, be, come into being, become, change (into), occur, happen, come to pass	7.9
𓆣𓂋	L1,D21	xpr	take place, be effective, go by, be past, continue (of action)	7.9
𓆣𓂋	L1,D21	xpr	bring about	7.9
𓆣𓂋	L1,D21	xpr	fully cooked (of meat)	7.9
𓁸	D3	wS	be destroyed	7.66667
𓁸	D3	Snw	hair, grass	7.66667
𓋾𓈎	S38,N29	HqA	rule over, govern	7.66667
𓎼𓂋𓍅𓏛	W11,D21,U17,Y1	grg	found (a land), establish (a house), people (a place)	7.5
𓎼𓂋𓍅𓏛	W11,D21,U17,Y1	grg	furnish (waste lands with veg), settle (crown on king), provide (for), set in order,	7.5
𓎼𓂋𓍅𓏛	W11,D21,U17,Y1	grg	be ready, put one''s trust (in), make preparation	7.5
𓀒	A15	xr	fall (in military sense)	7.33333
𓀒	A15	xrw	enemy	7.33333
𓁶𓏤	D1,Z1	tp	head, headman, chief, tip (of toe), example (mathematics), the best of	7.04286
𓁶𓏤	D1,Z1	tp	(financial) principal	7.04286
𓁶𓏤	D1,Z1	tp	upon	7.04286
𓁶𓏤	D1,Z1	DADA	head, tip (of bow)	7.04286
𓀨	A35	qd	builder	7.0
𓂓𓏤	D28,Z1	kA	soul, spirit, essence (of a being), personality, fortune, will (of king), kingship, goodwill, phantom	7.0
𓂓𓏤	D28,Z1	kAw	food	7.0
𓄭𓂻	F42,D54	spr	arrive, reach, come	7.0
𓅷𓏤	G47,Z1	TA	fledgling (figurative  for Child)	7.0
𓋹𓍑𓋴	S34,U28,S29	anx  wDA  snb	may he live, be prosperous and healthy	7.0
𓎟𓏏	V30,X1	nbt	lady, mistress	7.0
𓄂𓏏𓏤	F4,X1,Z1	HAt	forehead, forepart (of animal), prow (of ship), vanguard (of army)	6.83333
𓄂𓏏𓏤	F4,X1,Z1	HAt	beginning (of region), foremost, chief, the best of,	6.83333
𓅓𓅓	G17,G17	m  m	among, therein	6.83333
𓅓𓅓	G17,G17	m  m	therein	6.83333
𓅓𓅓	G17,G17	mm	transport (cattle)	6.83333
𓈖𓄿	N35,G1	nA	this, these, the, here, hither	6.8
𓊃𓏭	O34,Z4	sy	she, her, it	6.75
𓆼𓄿𓂝𓂻	M12,G1,D36,D54	xAa	throw	6.66667
𓀔𓀀	A17,A1	Xrd	child	6.5
𓀔𓀀	A17,A1	Xrd	be, become a child	6.5
𓎿	W14	Hsi	spin (yarn)	6.5
𓎿	W14	Hsi	favour (someone), praise (someone0	6.5
𓆑𓏭	I9,Z4	fy	his, its	6.33333
𓂀	D10	wDAt	the uninjured eye of Horus	6.0
𓅿	H1	Apd	duck, bird (en general)	6.0
𓇍𓇋𓂻	M18,M17,D54	ii	come, return	6.0
𓇛	M29	nDm	sweet (of flavour, odour)	6.0
𓇹	N11	Abd	month	6.0
𓇹	N11	Ssp	palm (of hand), one seventh of a cubit (measurement)	6.0
𓈙𓅓𓅓𓊮	N37,G17,G17,Q7	Smm	be warm, hot, have fever, become feverish	6.0
𓋀𓏏𓏏𓈉	R14,X1,X1,N25	imntt	the West	6.0
𓋽	S37	xw	fan	6.0
𓌟𓏤	T19,Z1	qs	bone	6.0
𓌐	T8	tpy	being upon, principal, first, high (priest)	6.0
𓎱	W3	Hb	festival	6.0
𓂋𓎡	D21,V31	rk	(not translated)	5.83333
𓂋𓎡	D21,V31	rk	but, now	5.83333
𓇓𓏏𓈖	M23,X1,N35	nsw	King of Upper Egypt, king	5.83333
𓃂	D60	wab	pure, purify oneself, bathe, cleanse, purification, purity	5.68333
𓃂	D60	wab	serve as priest	5.68333
𓁨	C11	HH	Heh (god)	5.5
𓁨	C11	HH	million, a great number	5.5
𓏏𓍔	X1,U30	tA	kiln	5.41667
𓂋𓋴	D21,S29	rs	not translated	5.4
𓇋𓏠𓈖	M17,Y5,N35	imn	create	5.33333
𓅓𓂋	G17,D21	imy  r	overseer	5.25
𓏏𓍃	X1,U15	tm	(negates the sentence)	5.16667
𓂠	D39	Hnk	offer (something to)	5.0
𓄑𓊃𓃒	F18,O34,E1	bHs	calf	5.0
𓄞𓂧𓍼	F30,D46,V12	Sd	poultice	5.0
𓄥𓄿	F36,G1	smA	priest (who clothed the god)	5.0
𓇋𓂋𓏭	M17,D21,Z4	iry	thereof, thereto	5.0
𓇏𓏏𓈇	M20,X1,N23	sxt	marshland, field, country (beside town)	5.0
𓈎𓈖𓏴	N29,N35,Z9	qn	offence, attack	5.0
𓊮	Q7	psi	cook	5.0
𓊮	Q7	srf	warm, warmth, temperature, inflammation, fever, mood	5.0
𓊮	Q7	Smm	be warm, hot, have fever, become feverish	5.0
𓋑	S1	HDt	the White Crown	5.0
𓌴𓏤	U2,Z1	mA	stern (of boat)	5.0
𓍬𓂻	V2,D54	sTA	see under other entries for sTA	5.0
𓎛𓇳𓎛	V28,N5,V28	nHH	eternity, for ever	5.0
𓎛𓇳𓎛	V28,N5,V28	nHH	eternity	5.0
𓏙	X8	rdi	give, put, place, appoint, cause, permit, grant	5.0
𓏴𓂻	Z9,D54	swA	pass (on road), escape (from), surpass (someone), pass away, transgress, occur	5.0
𓌂	S42	xrp	baton (of office)	4.78333
𓌂	S42	xrp	undertake (works)	4.78333
𓌂	S42	xrp	controller, administrator	4.78333
𓌂	S42	sxm	power, grimness	4.78333
𓎡𓄿	V31,G1	kA	so, then	4.78333
𓇋𓏏𓆑𓀀	M17,X1,I9,A1	it	father	4.75
𓎡𓏏	V31,X1	kAt	thought, plan, device	4.75
𓎡𓏏	V31,X1	kt	other, another	4.75
𓊃𓏤	O34,Z1	s	doorbolt	4.6
𓊃𓏤	O34,Z1	s	man, someone, anyone, (no)-one, man of rank	4.6
𓊵	R4	Htp	boon, offering	4.5671
𓊵	R4	Htp	satisfy, make content, pacify, occupy (throne), rest in (tomb), assume (titulary)	4.5671
𓊵	R4	Htp	be pleased (with), be happy, be gracious (to), pardon (someone), be at peace, peaceful, become calm	4.5671
𓂧𓏏𓏤	D46,X1,Z1	Drt	hand	4.5
𓂧𓏏𓏤	D46,X1,Z1	Drt	hand, trunk (of elephant), handle (of jar)	4.5
𓇍𓇋𓇋𓂻	M18,M17,M17,D54	ii	come, return	4.5
𓈌𓏏𓉐	N27,X1,O1	Axyt	still - room	4.5
𓈌𓏏𓉐	N27,X1,O1	Axt	horizon	4.5
𓇶	N8	wbnw	wound	4.5
𓇶	N8	Sw	dry, dried	4.5
𓏏𓄿𓇋𓇋𓆑	X1,G1,M17,M17,I9	tAy .f	his	4.4
𓀠	A28	qAt	height	4.25
𓀠	A28	qAyt	high ground, arable land	4.25
𓀀𓀀𓀀	A1,A1,A1	rmT	man, men, mankind, Egyptians	4.0
𓁷𓄣	D2,F34	Hr  ib	in the middle, midst of	4.0
𓁷𓄣	D2,F34	Hry  ib	which is in the middle / midst of, who dwell in, middle, inmost parts of, contents of torso	4.0
𓂘𓂡	D32,D40	qni	embrace	4.0
𓂟	D38	rdi	give, put, place, appoint, cause, permit, grant	4.0
𓄚𓈖𓉐	F26,N35,O1	Xnw	interior, home, abode, Residence	4.0
𓄂𓂝	F4,D36	HAt  a	beginning	4.0
𓅱𓀀	G43,A1	wi	I, me, my	4.0
𓅾𓀁	G54,A2	snD	fear, respect	4.0
𓇅𓏛	M13,Y1	wAD	fresh	4.0
𓆳𓏏𓊗	M4,X1,O50	HAt  sp	regnal year	4.0
𓇬𓀁	M42,A2	wnm	eat	4.0
𓇾𓈇𓏤	N16,N23,Z1	tA	earth, land, ground	4.0
𓈋𓏤	N26,Z1	Dw	mountain	4.0
𓈙𓏏𓍔	N37,X1,U30	StA	mysterious, secret, hidden, difficult	4.0
𓈞𓅓	N41,G17	Hm	assuredly, indeed	4.0
𓉡	O10	Hwt  Hr	Hathor	4.0
𓉓	O3	prt  xrw	invocation offerings	4.0
𓊀	O32	bxnt	pylon	4.0
𓊀	O32	sbA	door	4.0
𓊃𓀀𓏤	O34,A1,Z1	s	man, someone, anyone, (no)-one, man of rank	4.0
𓊕	O48	nxn	Nekhen	4.0
𓊖𓏏𓏤	O49,X1,Z1	niwt	city, town	4.0
𓊻	R10	Xrt  nTr	necropolis	4.0
𓋠	S14	HD	silver, money	4.0
𓎛𓂝𓄹	V28,D36,F51	Ha	flesh	4.0
𓍯𓏏𓈐	V4,X1,N31	wAt	road, way	4.0
𓊃𓈖𓏥	O34,N35,Z2	sn	they, them, their	3.85714
𓊃𓈖𓏥	O34,N35,Z2	=sn	they, them, their	3.85714
𓍿𓈖	V13,N35	tn	this	3.83333
𓍿𓈖	V13,N35	Tn	you, your	3.83333
𓇋𓅷𓄿𓇋𓇋𓂷𓂡	M17,G47,G1,M17,M17,D51,D40	iTAy	take	3.66667
𓉻𓂝𓏛	O29,D36,Y1	aA(i)	great (of size)	3.66667
𓂋𓍿	D21,V13	rT	now, but	3.6
𓄟𓋴𓏯	F31,S29,Z5	msi	bear, give birth	3.5
𓄟𓋴𓏯	F31,S29,Z5	ms	child	3.5
𓅷𓄿𓂷𓂡	G47,G1,D51,D40	TAw	don (garment)	3.5
𓅽𓏤	G53,Z1	bA	soul, BA	3.5
𓅽𓏤	G53,Z1	bA	be a soul, possess a soul	3.5
𓇋𓏏𓈖𓇳	M17,X1,N35,N5	itn	sun, disk of the sun	3.5
𓇮𓏛	M44,Y1	spd	sharp, effective, skilled	3.5
𓇮𓏛	M44,Y1	spd	display skill, supply (food), restore to order	3.5
𓈝𓅓𓏏𓂻	N40,G17,X1,D54	Smt	walking, gait, movements, actions, business	3.5
𓊹𓏤	R8,Z1	nTr	god	3.5
𓌗	T12	rwD	cord	3.5
𓌗	T12	rwD	enduring, permanent	3.5
𓌗	T12	rwdt	success	3.5
𓌉𓆓𓏴	T3,I10,Z9	HDi	injure, destroy, disobey, annul, waste, eclipse, degrade	3.5
𓌉𓆓𓏴	T3,I10,Z9	HDi	be destroyed, perished, be lacking, fail	3.5
𓌉𓆓𓏴	T3,I10,Z9	HDi	damage, destruction	3.5
𓍉	U21	stp	cut up (animal)	3.5
𓏌𓏤	W24,Z1	nw	of, belonging to	3.5
𓏌𓏤	W24,Z1	nw	of, belonging to	3.5
𓉐𓂋𓂻	O1,D21,D54	pri	go, come out, escape (from), be renowned (of name)	3.4
𓉐𓂋𓂻	O1,D21,D54	pri	come out, burst forth (of storm), be issued (of supplies)	3.4
𓉐𓂋𓂻	O1,D21,D54	pri	go up, ascend (to), be subtracted (mathematical)	3.4
𓉐𓂋𓂻	O1,D21,D54	prw	motion, procession, outcome, result	3.4
𓊢𓂝𓂻	P6,D36,D54	aHa	stand, stand by, stand erect, raise oneself , stand up, rise up, arise, attend, wait, lifetime	3.4
𓊢𓂝𓂻	P6,D36,D54	aHaw	lifetime, period, space (of time)	3.4
𓂾𓂾	D56,D56	rdwy	feet	3.33333
𓌡𓏤𓂝	T21,Z1,D36	wai	be alone	3.33333
𓎝𓎛𓏛	V29,V28,Y1	wAH	set down, lay down, apply, stack, stow, store up, lay aside, discard	3.25
𓎝𓎛𓏛	V29,V28,Y1	wAH	leave aside, overlook, ignore, institute, enter, pitch, wait, permit	3.25
𓎝𓎛𓏛	V29,V28,Y1	wAH	live long, endure, be patient	3.25
𓊵𓏏𓊪	R4,X1,Q3	Htp	altar	3.23377
𓊵𓏏𓊪	R4,X1,Q3	Htp	be pleased, be happy, be gracious, pardon, be at peace	3.23377
𓊵𓏏𓊪	R4,X1,Q3	Htp	be peaceful, become calm, go to rest, set	3.23377
𓊵𓏏𓊪	R4,X1,Q3	Htp	satisfy, make content, pacify, occupy (throne), rest in (tomb), assume (titulary)	3.23377
𓈖𓆑	N35,I9	nf	that, those	3.2
𓊃𓏏	O34,X1	st	it, them	3.08333
𓁷𓏤𓂋	D2,Z1,D21	Hr	face, sight	3.0
𓁷𓏤𓁶𓏤	D2,Z1,D1,Z1	Hr  tp	on behalf of	3.0
𓁷𓂋𓇯	D2,D21,N1	Hrw	upper part, top	3.0
𓂓𓏏𓀋	D28,X1,A9	kAt	work, construction, craft, profession	3.0
𓁿	D9	rmw	weep	3.0
𓄋𓏏𓏤	F13,X1,Z1	wpt	horns, top, brow, top-knot, head-dress, zenith	3.0
𓄋𓊪𓏴	F13,Q3,Z9	wpi	open, open up, inaugurate, part, separate, divide, judge, discern, distinguish, take	3.0
𓄔𓅓	F21,G17	sDm	hear (voice etc), hear of (something), listen (to), obey, understand, judge, satisfy (conditions)	3.0
𓄗𓏤	F23,Z1	xpS	foreleg, thigh, arm	3.0
𓄟𓋴𓇋𓇋𓏏	F31,S29,M17,M17,X1	mswt	children, offspring, young (of animals)	3.0
𓅡𓏤	G29,Z1	bA	soul, BA	3.0
𓅰	G42	wSA	fatten	3.0
𓇋𓏠𓈖𓅆	M17,Y5,N35,G7	imn	Amun	3.0
𓆷𓄿𓂝𓏛	M8,G1,D36,Y1	SAa	begin, be the first, spring, originate	3.0
𓈍𓂝𓏛	N28,D36,Y1	xai	rise (of sun),  appear in glory (of god or king), be shining (of kings)	3.0
𓈎𓌳𓌙	N29,U1,T14	qmA	throw, create, beget, produce, carry out (teaching), hammer out (from metal)	3.0
𓈞𓊃𓀉	N41,O34,A7	Hmsi	sit down	3.0
𓉺𓏌𓊖	O28,W24,O49	iwnw	Heliopolis	3.0
𓉗𓏏𓉐	O6,X1,O1	Hwt	temple, funerary chapel	3.0
𓉗𓏏𓉐	O6,X1,O1	Hwt	administrative district, estate	3.0
𓉗𓏏𓉐	O6,X1,O1	Htt	mine, quarry	3.0
𓊪𓎛𓄖	Q3,V28,F22	pHwy	reach, attain, finish, end by, attack, contest, spear, hit, surround, caught	3.0
𓊭	Q6	qrs	bury	3.0
𓊲	R3	wdHw	offering table	3.0
𓋞𓈒𓏥	S12,N33,Z2	nbw	gold	3.0
𓌃𓂧𓏏𓀁	S43,D46,X1,A2	mdw	speak, address (someone), speech, word, plea	3.0
𓌃𓂧𓏏𓀁	S43,D46,X1,A2	mdt	speech, words, (legal) plea, talk, (written) word, content (of letter), matter, affair	3.0
𓍅𓅪	U17,G37	grg	falsehood, lie	3.0
𓍇𓏤	U19,Z1	nwt	adze	3.0
𓌴𓏛	U2,Y1	mAwy	new	3.0
𓌽	U9	HqAt	corn-measure (of 4.54 litres)	3.0
𓍼𓂻	V12,D54	fx	set out, depart (to)	3.0
𓎅	V19	mDt	byre	3.0
𓎅	V19	XAr	sack, leather bag	3.0
𓎔𓂝	V22,D36	mH	cubit	3.0
𓎛𓀜	V28,A24	Hwi	surge up, overflow	3.0
𓎛𓃀𓎱	V28,D58,W3	Hb	festival	3.0
𓎛𓎿𓋴𓀁	V28,W14,S29,A2	Hsi	sing	3.0
𓍯𓈐	V4,N31	wA	far (from), long ago, for a long time past, go	3.0
𓍯𓈐	V4,N31	wA	fall (into a condition)	3.0
𓎸	W9	Xnm	be united, associated (with), be provided, endowed (with)	3.0
𓏶	Z11	imy	who is in, which is in	3.0
𓋴𓈖	S29,N35	sn	they, them, their	2.84722
𓋴𓈖	S29,N35	=sn	they, them, their	2.84722
𓂋𓍿𓀀	D21,V13,A1	rmT	man, men, mankind, Egyptians	2.83333
𓉲	O22	arq	know, perceive, gain full knowledge of, be wise, skilled (in)	2.83333
𓉲	O22	sH	booth, hall	2.83333
𓅱𓂻	G43,D54	iw	come, return	2.8
𓋴𓏏𓏥	S29,X1,Z2	st	they	2.75
𓂋𓈖𓀁	D21,N35,A2	rn	name	2.71429
𓂝𓆑	D36,I9	af	his command	2.66667
𓄊𓀜	F12,A24	wsr	powerful	2.66667
𓇑𓇑𓈖	M22,M22,N35	nn	this, these, here, hither	2.66667
𓇑𓇑𓈖	M22,M22,N35	nny	be weary, inert	2.66667
𓈐𓏏𓏤	N31,X1,Z1	wAt	road, way	2.66667
𓄤𓆑𓂋	F35,I9,D21	nfr	beautiful, fair, kindly (of face), good / fine / goodly (quality)	2.57143
𓄤𓆑𓂋	F35,I9,D21	nfr	necessary, good / fair (character), happy / well / good (condition), well - supplied, lawful	2.57143
𓄤𓆑𓂋	F35,I9,D21	nfr	happily, well	2.57143
𓄤𓆑𓂋	F35,I9,D21	nfr	good	2.57143
𓂜𓇋	D35,M17	ni	drive away, rebuff	2.5
𓃹𓈖𓏏	E34,N35,X1	wnt	that	2.5
𓃹𓈖𓏏	E34,N35,X1	wnnt	indeed, really	2.5
𓅧𓈎𓂻	G35,N29,D54	aq	enter, charge, come in, have the entree, set (of sun), run aground, be noticed	2.5
𓅧𓂻	G35,D54	aq	enter (into)	2.5
𓆓𓂝𓌙	I10,D36,T14	Dar	search out, investigate, seek, probe, palpate (wound), plan (work), take thought (for)	2.5
𓇼𓉐	N14,O1	sbA	door	2.5
𓉐𓂋𓏏𓇳	O1,D21,X1,N5	prt	the month of Peret (Winter)	2.5
𓊖𓊖	O49,O49	niwty	local (of gods)	2.5
𓊹𓉗	R8,O6	Hwt  nTr	temple	2.5
𓋭𓊃𓏛	S24,O34,Y1	Ts	used as a prefix to form abstracts	2.5
𓌥	T25	DbA	clothe, adorn	2.5
𓎛𓂝𓊪𓏭𓈘	V28,D36,Q3,Z4,N36	Hapy	Nile	2.5
𓏞𓀀	Y3,A1	sS	scribe	2.5
𓂋𓂧𓂾	D21,D46,D56	rd	foot	2.4
𓂋𓂞	D21,D37	rdi	give, put, place, appoint, send (letter), cause, permit, grant	2.4
𓇋𓋴𓏏	M17,S29,X1	ist	non-eclitic particle	2.4
𓇋𓋴𓏏	M17,S29,X1	isT	(non - part\u00edcula encl\u00edtica)	2.4
𓏏𓈖𓏥	X1,N35,Z2	tn	you, your	2.375
𓏏𓈖𓏥	X1,N35,Z2	Tn	you, your	2.375
𓏏𓈖𓏥	X1,N35,Z2	=Tn	you, your	2.375
𓀗𓀀	A19,A1	wr	great one, magnate	2.33333
𓎟𓂋𓇥𓂋𓀭	V30,D21,M36,D21,A40	nb  r  Dr	Lord-of-All	2.33333
𓅮𓄿	G40,G1	pA	this, the	2.25
𓅮𓄿	G40,G1	pAw	''past tense'' marker	2.25
𓊃𓏥	O34,Z2	.sn	they, them, their	2.25
𓌨𓂋𓏭	T28,D21,Z4	Xry	which is under, lower, having, possessing, suffering from (illness)	2.25
𓌨𓂋𓏭	T28,D21,Z4	Xrw	base, lower part, underside	2.25
𓌉𓆓𓇳	T3,I10,N5	HD	white, bright	2.16667
𓏇𓏏	W19,X1	mit	copy (of document)	2.16667
𓏏𓅱	X1,G43	tw	you	2.125
𓏏𓅱	X1,G43	tw	one	2.125
𓏏𓅱	X1,G43	tw	this, that	2.125
𓏏𓅱	X1,G43	tw	you, your	2.125
𓄊𓋴	F12,S29	wsr	strong	2.08333
𓀓	A16	ksw	bowings	2.0
𓀨𓀜	A35,A24	qd	build, fashion (men)	2.0
𓀼𓋴	A51,S29	Sps	a noble thing (to do)	2.0
𓀋𓏪	A9,Z3	kAt	work, construction, craft, profession	2.0
𓁶𓊪	D1,Q3	tp	head, headman, chief, tip (of toe), example (mathematics), the best of	2.0
𓁶𓊪	D1,Q3	tpy	being upon, principal, first, high (priest)	2.0
𓂋𓌨𓂋	D21,T28,D21	r  Hrw	below	2.0
𓁹𓊩	D4,Q2	wsir	Osiris	2.0
𓂭𓏤	D50,Z1	Dba	finger, thumb, toe, digit (one twentyeigth cubit), 10,000 (numeral)	2.0
𓃹𓈖𓂻	E34,N35,D54	wni	hasten, hurry, pass by, pass away	2.0
𓄖𓂻	F22,D54	pH	reach (a person or place), attain (wealth), finish (doing something)	2.0
𓄖𓂻	F22,D54	pH	end by (doing something), attack (someone), contest (a will), spear (fish)	2.0
𓄖𓂻	F22,D54	pH	hit (someone with comment), surround, caught	2.0
𓄟𓏏	F31,X1	mst	apron of fox-skins	2.0
𓄃	F5	SsA	be conversant (with)	2.0
𓅐𓏏𓁐	G14,X1,B1	mwt	mother	2.0
𓅓𓂻	G17,D54	mi	come !	2.0
𓅭𓇳	G39,N5	sA  ra	son of Re	2.0
𓅹𓈇	G49,N23	sS	marsh	2.0
𓆓𓏤	I10,Z1	Dt	cobra	2.0
𓇓𓏏𓆤𓏏	M23,X1,L2,X1	nsw   bity	king of Upper and Lower Egypt	2.0
𓇓𓏏𓆤𓏏	M23,X1,L2,X1	nsw bit	King of Upper and Lower Egypt	2.0
𓇓𓈞𓏏	M23,N41,X1	Hmt  nsw	queen	2.0
𓇗	M26	SmAw	Upper Egypt, Upper Egyptian	2.0
𓇩𓏏𓏤	M40,X1,Z1	ist	boundary stone, landmark	2.0
𓆵𓇳	M6,N5	tr	time, season	2.0
𓇼𓄿𓀜	N14,G1,A24	sbA	teach, teaching	2.0
𓈋𓏏𓅪	N26,X1,G37	Dwt	evil, sadness (of heart), dirt (encumbering ruin)	2.0
𓈎𓌳𓄿𓅓𓌙𓅯𓏛	N29,U1,G1,G17,T14,G41,Y1	qmA	form, appearance, nature	2.0
𓈖𓏭	N35,Z4	ny	therefore, for it, because of it	2.0
𓈖𓏭	N35,Z4	ny	we two, us two, our, they, them	2.0
𓈙𓅓𓏏	N37,G17,X1	Smt	mother - in - law	2.0
𓇲	N4	iAdt	dew	2.0
𓇳𓏤𓎟	N5,Z1,V30	ra  nb	everyday	2.0
𓉐𓂋𓏏𓂻	O1,D21,X1,D54	prt	(ritual) procession	2.0
𓉬	O18	kAr	shrine	2.0
𓉒	O2	pr  HD	treasury	2.0
𓊄	O35	is	go !	2.0
𓊄	O35	sy	she, her, it	2.0
𓊄	O35	sy	who ?, what ?	2.0
𓊄	O35	sbi	go, travel, attain, watch over, send, conduct (to), spend, pass (time), attain (good repute), approach	2.0
𓉔𓄿𓃀𓂻	O4,G1,D58,D54	hAb	send (someone, something)	2.0
𓉠	O9	nbt  Hwt	Nephthys (goddess)	2.0
𓊪𓏤	Q3,Z1	p	mat	2.0
𓊪𓊃𓂧𓇶	Q3,O34,D46,N8	psD	shine	2.0
𓊪𓈎𓂋𓊖	Q3,N29,D21,O49	pqr	precinct of Osiris at Abydos	2.0
𓊪𓏏𓎛	Q3,X1,V28	ptH	create	2.0
𓋄	R17	tA  wr	the Thinite nome	2.0
𓋭𓄲	S24,F46	Ts  pXr	vice - versa	2.0
𓋼	S36	Swyt	spirit (of god)	2.0
𓌢𓈖𓀀	T22,N35,A1	sn	brother	2.0
𓌢𓈖𓀀	T22,N35,A1	sn	husband	2.0
𓌨𓏏	T28,X1	Xrt	possessions, belongings, share, portion, requirements, due 9from), duty, skill	2.0
𓌉𓇳	T3,N5	HD	white, bright	2.0
𓌴𓁹𓄿𓄿	U2,D4,G1,G1	mAA	see, look upon, regard, see to (the performance of a task), inspect (work etc..)	2.0
𓌴𓁹𓄿𓄿	U2,D4,G1,G1	mAA	look on (at event) , look (at )	2.0
𓌴𓁹𓄿𓄿	U2,D4,G1,G1	mAw	aspect, appearance	2.0
𓌵	U3	mAA	see, look upon, regard, see to, inspect, look on	2.0
𓎔𓎛𓇇	V22,V28,M15	mHw	Lower Egypt	2.0
𓎛𓆑𓏏𓆙	V28,I9,X1,I14	HfAt	intestinal worm	2.0
𓎛𓋴𓈎𓌪	V28,S29,N29,T30	Hsq	cut off (head etc), cut out (heart etc), behead	2.0
𓎛𓈎𓂋𓀁	V28,N29,D21,A2	Hqr	be hungry	2.0
𓎟𓀭	V30,A40	nb	Lord, Master, Owner	2.0
𓍯𓄿𓈐	V4,G1,N31	wA	far (from), long ago, for a long time past, go	2.0
𓍯𓄿𓈐	V4,G1,N31	wA	fall (into a condition)	2.0
𓎼𓂋𓀁	W11,D21,A2	gs	be silent, be quiet, be still, cease, desist (from)	2.0
𓎼𓂋𓀁	W11,D21,A2	gs	silence	2.0
𓎼𓂋𓀁	W11,D21,A2	grw	also, further, any more	2.0
𓏂	W16	qbH	fountain ?	2.0
𓏌𓏲𓀀	W24,Z7,A1	wdpw	butler, cook	2.0
𓏌𓅱	W24,G43	wdpw	cupbearer	2.0
𓎳	W4	Hb	festival	2.0
𓎴	W5	Xry  Hbt	lector (priest)	2.0
𓏏𓏐	X1,X2	t	bread, loaf	2.0
𓏲𓏥	Z7,Z2	w	they, them, their	2.0
𓋴𓃀𓇼	S29,D58,N14	sbA	pupil, stutent	1.875
𓃂𓈗	D60,N35A	wab	pure, purify oneself, bathe, cleanse, purification	1.85
𓃂𓈗	D60,N35A	wab	serve as priest	1.85
𓀠𓏛	A28,Y1	qAi	tall, high, exalted, be raised on high, uplifted	1.75
𓀠𓏛	A28,Y1	qAt	height	1.75
𓄊𓋴𓂋𓂡	F12,S29,D21,D40	wsr	strong, powerful, wealthy, influential, rich (in years)	1.75
𓊢𓂝𓇳𓏤	P6,D36,N5,Z1	aHaw	lifetime, period, space (of time)	1.75
𓇼𓄿𓏏𓉐	N14,G1,X1,O1	dwAt	netherworld	1.66667
𓈖𓏏𓏭	N35,X1,Z4	nty	who, which	1.66667
𓉻𓉐	O29,O1	pr  aA	Great House, Palace, Pharaoh	1.66667
𓊃𓈙	O34,N37	sSw	disk (of metal)	1.66667
𓋹𓏤	S34,Z1	anx	sandal strap	1.66667
𓋹𓏤	S34,Z1	anx	captive	1.66667
𓏏𓍃𓅓	X1,U15,G17	tm	(negates the sentence)	1.66667
𓏏𓍃𓅓	X1,U15,G17	tm	be complete, complete, entire, everything, the universe	1.66667
𓂋𓉐	D21,O1	r  pr	temple, chapel	1.6
𓄤𓄤𓄤	F35,F35,F35	nfrw	beauty, goodness, young people (Book ofthe Dead)	1.6
𓄤𓄤𓄤	F35,F35,F35	nfrw	end (period of time)	1.6
𓇋𓂋𓇋	M17,D21,M17	iri	companion	1.6
𓉻𓂝𓄿𓏛	O29,D36,G1,Y1	aA(i)	great, plentiful, much, rich, senior	1.6
𓉻𓂝𓄿𓏛	O29,D36,G1,Y1	aA	greatness	1.6
𓉻𓂝𓄿𓏛	O29,D36,G1,Y1	aAw	greatly	1.6
𓋬	S23	dmD	reassemble (dismembered body), assemble, bring together (people)	1.58333
𓋬	S23	dmD	associate (with), join (someone), unite (lands)	1.58333
𓋬	S23	dmD	accumulate (grain), compile (spell), extend (hand)	1.58333
𓂚𓄿𓀜	D34,G1,A24	aHA	fight	1.5
𓃀𓇋𓈖𓅪	D58,M17,N35,G37	bin	bad, evil	1.5
𓃀𓇋𓈖𓅪	D58,M17,N35,G37	bin	evil	1.5
𓄟𓋴𓁒	F31,S29,B3	msi	bear, give birth, calve (of gazelle), lay (of bird), be born	1.5
𓄟𓋴𓁒	F31,S29,B3	msi	create (of god), bring forth (of field), make, fashion	1.5
𓄲𓂻	F46,D54	dbn	go round (a place), travel round (a region)	1.5
𓅓𓂜	G17,D35	m	do not	1.5
𓅭𓀀	G39,A1	sA	son	1.5
𓆈𓏏𓏥	I1,X1,Z2	aSAt	the many, the masses	1.5
𓆓𓏏𓇾	I10,X1,N16	Dt	eternity, for ever	1.5
𓆓𓏏𓇾	I10,X1,N16	Dt	estate	1.5
𓆓𓏏𓇾	I10,X1,N16	Dt	serf	1.5
𓇍𓇋𓇋𓏏𓂻	M18,M17,M17,X1,D54	iyt	mishap, trouble, harm, a wrong (which is done)	1.5
𓇔𓏭𓈇	M24,Z4,N23	rsy	southern, south of, South	1.5
𓈉𓏏𓏤	N25,X1,Z1	xAst	hill country, foreign land, desert	1.5
𓈍𓆱𓏥	N28,M3,Z2	xaw	weapons, funeral furniture, tomb-equipment, tackle (of ship), utensils, implements	1.5
𓊛𓏥	P1,Z2	dpwt	ships	1.5
𓊠	P4	wHa	investigate	1.5
𓊠𓂝	P4,D36	wHa	investigate	1.5
𓊹𓂋	R8,D21	nTry	divine, sacred	1.5
𓌙𓏛	T14,Y1	qmA	throw, create, beget, produce, carry out (teaching), hammer out (from metal)	1.5
𓌞𓋴𓂻	T18,S29,D54	Sms	follow, accompany, serve, bring, present	1.5
𓌞𓋴𓂻	T18,S29,D54	Smsw	following, suite	1.5
𓍛𓏤𓀀	U36,Z1,A1	Hm	servant	1.5
𓏏𓊹	X1,R8	it  nTr	god''s father	1.5
𓅱𓏥	G43,Z2	w	they, them, their	1.4
𓂧𓌪	D46,T30	dm	pronounce, proclaim (name), mention (by name), be renowned (of office)	1.33333
𓄿𓏤	G1,Z1	A	vulture, bird (en general)	1.33333
𓆑𓄿𓀋	I9,G1,A9	fAi	deliver (taxes, tribute)	1.33333
𓇉𓄿𓁶	M16,G1,D1	HA	occiput, back (of ear), behind, around	1.33333
𓇓𓅱	M23,G43	sw	(not translated)	1.33333
𓇓𓅱	M23,G43	sw	he, him, it	1.33333
𓇓𓅱	M23,G43	sw	he, she, it	1.33333
𓎟𓅆	V30,G7	nb	Lord, Master, Owner	1.33333
𓎡𓇋𓏏	V31,M17,X1	kit	shout of acclaim	1.33333
𓏇𓇋𓇋	W19,M17,M17	my	likewise, accordingly	1.33333
𓏲𓈇	Z7,N23	w	district, region	1.33333
𓅨𓂋𓏏	G36,D21,X1	wrt	greatness (of rank), what is important, very	1.28571
𓂡𓏥	D40,Z2	nxtw	victory	1.25
𓅓𓂺𓏛	G17,D53,Y1	m  bAH	in the presence of, in front of, in front, formerly	1.25
𓇼𓄿𓇳	N14,G1,N5	dwA	rise early	1.25
𓇼𓄿𓇳	N14,G1,N5	dwAw	dawn, morning	1.25
𓊃𓊪𓂋𓄭𓂻	O34,Q3,D21,F42,D54	spr	arrive, reach, come	1.25
𓅱𓇋	G43,M17	wi	I, me	1.2
𓈖𓏥	N35,Z2	n	we, us, our	1.14286
𓈖𓏥	N35,Z2	ny	we two, us two, our, they ,them	1.14286
𓈖𓏥	N35,Z2	=n	we, us, our	1.14286
𓀔𓂺	A17,D53	TA	boy	1.0
𓀧	A34	xwsi	pound, beat up, beat flat, build up, build, construct, stir	1.0
𓀸𓄿𓂡	A47,G1,D40	sAw	guard, ward off, restrain, heed	1.0
𓀋𓀜	A9,A24	ATp	be heavy laden (with trouble)	1.0
𓀋𓀜	A9,A24	fAi	carry, support	1.0
𓁦	C10	mAat	right - doing, righteousness	1.0
𓁷𓂋𓇯𓀀	D2,D21,N1,A1	Hry	head man	1.0
𓁷𓁶	D2,D1	Hry  tp	who is upon	1.0
𓂑	D27	mnD	breast	1.0
𓂓𓏥	D28,Z2	kAw	food	1.0
𓂓𓏏𓈓	D28,X1,N33A	kAt	work, construction, craft, profession	1.0
𓂓𓂋𓉬	D28,D21,O18	kAr	shrine	1.0
𓂚𓄿𓏲𓏏𓏭𓀜	D34,G1,Z7,X1,Z4,A24	aHAwty	warrior	1.0
𓂝𓈗	D36,N35A	a	dyke	1.0
𓂝𓆱	D36,M3	a	wooden rod	1.0
𓂥	D44	xrp	bring, provide, make offering of, dedicate	1.0
𓂧𓊃𓌪	D46,O34,T30	ds	flint	1.0
𓃀𓅱	D58,G43	bw	place	1.0
𓃃	D61	sAH	dependant ?	1.0
𓁼	D7	msdmt	black eye paint	1.0
𓃣	E16	SstA	make secret, mysterious, make inaccessible, secret, confidential matter,  (religious) mystery, problem	1.0
𓃥	E17	sAb	jackal	1.0
𓃹𓈖𓉿𓂡	E34,N35,O31,D40	wn	open, open up, rip open	1.0
𓃹𓏏𓇼	E34,X1,N14	wnwt	priesthood	1.0
𓃹𓈖𓈙𓄛	E34,N35,N37,F27	wnS	jackal	1.0
𓄋𓊪𓏏𓏴	F13,Q3,X1,Z9	wpwt	inventory, schedule	1.0
𓄋𓊪𓏏𓏴𓀁	F13,Q3,X1,Z9,A2	wpwt	message	1.0
𓄋𓊪𓏏𓏴	F13,Q3,X1,Z9	wpwt	business, mission	1.0
𓄐𓏛𓏥	F17,Y1,Z2	abw	offerings	1.0
𓄖𓏛	F22,Y1	kfA	be discreet	1.0
𓄗𓇼𓀭	F23,N14,A40	xpS	constellation of the Great Bear	1.0
𓄘	F24	xpS	stromg arm	1.0
𓄚𓈖𓂻	F26,N35,D54	Xn	approach	1.0
𓄟𓋴𓏏𓁒	F31,S29,X1,B3	mst	mother	1.0
𓄤𓏤	F35,Z1	nfr	beauty, good, kindness, goodness, happiness, good fortune	1.0
𓄤𓏤	F35,Z1	nfr	heart and wind-pipe	1.0
𓄭𓂋𓏏𓀁	F42,D21,X1,A2	sprt	petition	1.0
𓄆𓏪	F8,Z3	Sfyt	majesty, respect	1.0
𓅒	G16	nbty	The Two Ladies (Nekhbet and Edjoyet)	1.0
𓅁𓇋𓇋𓂺	G3,M17,M17,D53	mAy	foetus	1.0
𓅢𓏛𓏥	G30,Y1,Z2	bAw	power	1.0
𓅱𓃀𓈖𓇳	G43,D58,N35,N5	wbn	rise, shine, glitter, appear, overflow, be excessive	1.0
𓅷𓄿𓇋𓇋𓂺𓀀	G47,G1,M17,M17,D53,A1	TAy	male, man	1.0
𓅸	G48	sSy	nest	1.0
𓅽𓏤𓀭𓏪	G53,Z1,A40,Z3	bAw	souls (of dead), power, deed of power	1.0
𓆈𓏥	I1,Z2	aSA	many, numerous, much, plentiful, ordinary, quantity, multitude	1.0
𓆎𓅓𓏏𓊖	I6,G17,X1,O49	kmt	the Black Land, Egypt	1.0
𓆎𓏏𓊖	I6,X1,O49	kmt	the Black Land, Egypt	1.0
𓆐	I8	Hfn	100,000 , a great quantity	1.0
𓆣𓂋𓈖	L1,D21,N35	xpr  n	accrue to	1.0
𓆣𓏤	L1,Z1	xprr	dung beetle, scarab	1.0
	M163	rx  nsw	king''s aquaintance	1.0
𓇋𓄿𓀗	M17,G1,A19	iAw	old man	1.0
𓇓𓏏𓇋𓇋	M23,X1,M17,M17	nsyt	kingship	1.0
𓇘𓏏	M27,X1	Smaw	musician	1.0
𓆱𓏏𓏤	M3,X1,Z1	xt	wood, timber, tree, woodland, mast, stick, pole, rod (measurement)	1.0
𓆳𓏏𓏤	M4,X1,Z1	rnpt	year	1.0
𓇭𓈒𓏥	M43,N33,Z2	iSd	fruit of various trees	1.0
𓇮𓏏𓏛	M44,X1,Y1	spdt	effectiveness ?	1.0
𓆷𓄿𓏛	M8,G1,Y1	SA	ordain, order, predestine, assign, settle, decide	1.0
𓆷𓂝𓏛	M8,D36,Y1	SAa	beginning	1.0
𓇼𓏏𓏛	N14,X1,Y1	sbAty	pupil, student	1.0
𓈎𓀠	N29,A28	qAi	tall, high, exalted, be raised on high, uplifted	1.0
𓈎𓈖𓏏𓂡	N29,N35,X1,D40	qnt	valour	1.0
𓈎𓈖𓈎𓈖𓏴𓂡	N29,N35,N29,N35,Z9,D40	qnqn	beat (people), pound up (medicines), beat out, flatten (metal), deal wrongly (with)	1.0
𓈎𓋴𓌟	N29,S29,T19	qs	bone	1.0
𓈙𓍯𓄿𓀢𓅪	N37,V4,G1,A30,G37	SwA	poor	1.0
𓈝𓅓𓂻	N40,G17,D54	Sm	go (to), walk, set out, pass, set (of sun)	1.0
𓈞𓅓𓊦	N41,G17,P10	Hm	steer	1.0
𓈞𓅓𓊦	N41,G17,P10	Hmw	steering-oar	1.0
𓉔𓂋𓅱𓇳𓏤	O4,D21,G43,N5,Z1	hrw	day, daytime	1.0
𓉔𓉔𓊮	O4,O4,Q7	hh	blast (of fire, of heat of sun, of disease)	1.0
𓊍	O40	xtyw	platform, dais, terraced hillside	1.0
𓊏𓊪𓂡	O42,Q3,D40	Ssp	take, accept, receive, assume (crown), catch (fish), purchase, wear (clothes)	1.0
𓊑𓏏𓏤	O44,X1,Z1	iAt	office, function	1.0
𓊗𓏮	O50,Z4A	sp  2	twice (repetition)	1.0
𓉗𓉗𓉗	O6,O6,O6	Htwt	mines, quarries	1.0
	P4A	wiA	sacred barque	1.0
𓊢𓂝𓏲	P6,D36,Z7	aHaw	(ceremonial) stations (of persons)	1.0
𓊤𓏏𓏤	P8,X1,Z1	Hpt	oar	1.0
𓊥	P9	xrw .fy	says	1.0
𓊨𓁹𓀭	Q1,D4,A40	wsir	Osiris	1.0
𓊪𓅱	Q3,G43	pw	this	1.0
𓊪𓅱	Q3,G43	pw	who ?, what ?, whichever	1.0
𓊪𓆑𓏭	Q3,I9,Z4	pf	that (yonder)	1.0
𓊪𓎛𓂋𓂋𓂻	Q3,V28,D21,D21,D54	pHrr	run	1.0
𓊪𓏏𓂋𓆵𓀁	Q3,X1,D21,M6,A2	ptr	who ?, what ?	1.0
𓋁𓃀𓏏𓏭	R15,D58,X1,Z4	iAbty	east, eastern, left-hand	1.0
𓋉𓊾𓀭	R22,R12,A40	mnw	Min (god)	1.0
𓊶	R5	kApw	roof	1.0
𓊸	R7	snTr	cense	1.0
𓊹𓉗𓏏𓉐	R8,O6,X1,O1	Hwt  nTr	temple	1.0
𓋣	S15	THn	gleam, glittering	1.0
𓋨	S19	sDAw	seal - bearer	1.0
𓋨	S19	sDAw	precious	1.0
𓋷𓀁	S32,A2	siA	recognize, perceive, know, be aware of,	1.0
𓋾𓀀	S38,A1	HqA	ruler	1.0
𓋕	S4	bity	king of Lower Egypt	1.0
𓋗	S6	sxmty	the Double - Crown	1.0
𓌡𓏏𓏤	T21,X1,Z1	waty	sole, single	1.0
𓌢𓌢𓌢	T22,T22,T22	snwt	flagstaff	1.0
𓌥𓃀	T25,D58	DbAw	payments, reward, compensation, bribes	1.0
𓌌𓏴𓅪	T5,Z9,G37	HDi	damage, destruction	1.0
𓌴𓁹𓄿𓈖	U2,D4,G1,N35	mAA   n	look at	1.0
𓍋𓅓𓂋𓉴	U23,G17,D21,O24	mr	pyramid	1.0
𓍕	U31	rtH	confine, restrain	1.0
𓍖𓈔𓈓	U32,N34,N33A	Hsmn	bronze	1.0
𓍘𓅨𓂋	U33,G36,D21	twr	show respect to	1.0
𓌷𓂝𓊡	U5,D36,P5	mAaw	breeze	1.0
𓌻𓂋𓀁	U7,D21,A2	mri	love, want, wish, desire	1.0
𓍸𓆱	V11,M3	pxA	decking (of ship)	1.0
𓍿𓊃𓅓𓃡	V13,O34,G17,E14	Tsm	hound, dog	1.0
𓍬𓏥	V2,Z2	stAw	injury	1.0
𓎔𓏏	V22,X1	mHty	North	1.0
𓎛𓃀𓎳	V28,D58,W4	Hb	festival	1.0
𓎛𓈎𓏏𓏊	V28,N29,X1,W22	Hnqt	beer	1.0
𓎛𓈎𓏏𓏊	V28,N29,X1,W22	Hnqt	beer	1.0
𓎟𓀀	V30,A1	nb	Lord, Master, Owner	1.0
𓎟𓀀	V30,A1	nb	husband	1.0
𓎡𓇋𓀁	V31,M17,A2	ki	cry out	1.0
𓍯𓄿𓀁	V4,G1,A2	wA	brood (on), conspire (against), schemer	1.0
𓍯𓄿𓀜	V4,G1,A24	wA	far (from), long ago, for a long time past, go	1.0
𓍯𓄿𓏲𓏲𓈐𓂻	V4,G1,Z7,Z7,N31,D54	wA	far (from), long ago, for a long time past, go	1.0
𓍯𓄿𓂻	V4,G1,D54	wA	fall (into a condition)	1.0
𓎺𓏛	W10,Y1	wsx	extensive (of riches)	1.0
𓎼𓄿𓆑	W11,G1,I9	gAf	monkey	1.0
𓎼𓂋𓀁𓀀	W11,D21,A2,A1	grw	the silent man	1.0
𓏌𓏌𓏌𓇯𓈗	W24,W24,W24,N1,N35A	nnw	primaeval waters	1.0
𓏌𓏌𓏌𓇯𓈗	W24,W24,W24,N1,N35A	nnw	primaeval waters	1.0
𓏏𓅨	X1,G36	twr	be clean	1.0
𓏏𓅨	X1,G36	twr	cleanse	1.0
𓏙𓋹	X8,S34	di   anx	given life	1.0
𓏙𓋹	X8,S34	di  anx	given life	1.0
𓏠𓈖𓏛	Y5,N35,Y1	mn	be firm, established, enduring (of king)	1.0
𓏠𓈖𓏛	Y5,N35,Y1	mn	be fixed, stick fast (in), be attached (to), remain (in), dwell (in), be vested (in)	1.0
𓏠𓈖𓏛	Y5,N35,Y1	mn	establish, press (with fingers)	1.0
𓏠𓈖𓂝𓂒	Y5,N35,D36,D27A	mnat	nurse	1.0
𓏠𓈖𓂝𓏏𓂑	Y5,N35,D36,X1,D27	mnat	nurse	1.0
𓋴𓇥𓂋𓁀	S29,M36,D21,A55	sDr	spend the night, sleep, lie down, go to rest, be inert, inactive, do in the night	0.875
𓋴𓇥𓂋𓁀	S29,M36,D21,A55	sDrw	sleeper	0.875
𓋁𓏏	R15,X1	iAbt	the East	0.833333
𓂋𓅓𓂝	D21,G17,D36	r  m	to what purpose ?	0.8
𓂋𓀀	D21,A1	ri	(not translated)	0.8
𓂋𓄂𓏏𓏤	D21,F4,X1,Z1	r  HAt	in front of, before, superior to	0.8
𓅱𓂜	G43,D35	w	not	0.8
𓂋𓂧𓌗	D21,D46,T12	rd	grow	0.766667
𓂝𓏏𓄹	D36,X1,F51	at	limb, member (of body)	0.75
𓆑𓏏𓅪	I9,X1,G37	ft	disgust	0.75
𓆑𓏏𓅪	I9,X1,G37	ft	show dislike	0.75
𓇋𓈖𓂋𓊌	M17,N35,D21,O39	inr	stone, rock, slab, block	0.75
𓇋𓈎𓂋𓏛	M17,N29,D21,Y1	iqr	trust, trustworthy, skilful, excellent, pleasing, well-to-do, superior	0.75
𓇋𓈎𓂋𓏛	M17,N29,D21,Y1	iqr	wealth, virtue, excellence	0.75
𓋴𓃀𓇼𓄿𓀜	S29,D58,N14,G1,A24	sbA	teach, teaching	0.75
𓋴𓏇	S29,W19	smi	report, make report, complain, announce, proclaim	0.725
𓋴𓏇	S29,W19	smi	report, acknowledgement (of letter)	0.725
𓋴𓏏𓍔𓄿	S29,X1,U30,G1	sTA	weave, spin (yarn)	0.711111
𓁸𓏥	D3,Z2	Snw	hair, grass	0.666667
𓂜𓃹𓈖𓏏	D35,E34,N35,X1	n  wnt	there is/are not	0.666667
𓂜𓃹𓈖𓏏	D35,E34,N35,X1	n  wnt	there is not	0.666667
𓂝𓈖𓁹	D36,N35,D4	ain	eye	0.666667
𓂝𓈎𓂻	D36,N29,D54	aq	enter (into)	0.666667
𓂧𓄑𓀁	D46,F18,A2	dbH	ask for, beg, requisition (from)	0.666667
𓂧𓈖𓋴𓍖𓊌	D46,N35,S29,U32,O39	dns	heavy, irksome, burdensome (of years), overburdened (of stomach), weighty	0.666667
𓂧𓈖𓎛𓆃	D46,N35,V28,H5	DnH	wing	0.666667
𓃀𓈎𓆭	D58,N29,M1	bAq	bright	0.666667
𓃀𓇋𓏏𓄑	D58,M17,X1,F18	bit	character, qualities	0.666667
𓄿𓎛𓏏𓈇	G1,V28,X1,N23	AHt	field, arable land, earth, mound	0.666667
𓆓𓏏𓏤	I10,X1,Z1	Dt	body, image, bodily form (of god, statues), self	0.666667
𓆓𓏏𓏤	I10,X1,Z1	Dt	estate	0.666667
𓆎𓅓𓏛	I6,G17,Y1	km	black	0.666667
𓆎𓅓𓏛	I6,G17,Y1	km	total up, amount to, complete, put an end to, pay (to),	0.666667
𓆎𓅓𓏛	I6,G17,Y1	km	completion, profit, duty	0.666667
𓇋𓀞	M17,A26	i	O !	0.666667
𓇋𓋔	M17,S3	in	by, so says	0.666667
𓇋𓁹𓀾	M17,D4,A53	irw	shape, form	0.666667
𓇋𓄞𓂧	M17,F30,D46,M46	iSd	Ished tree	0.666667
𓇹𓇼𓂧𓇳𓏤	N11,N14,D46,N5,Z1	Abd	month	0.666667
𓇼𓄿𓉐	N14,G1,O1	sbA	door	0.666667
𓉻𓏏	O29,X1	aAt	a great thing	0.666667
𓉻𓂝𓏏	O29,D36,X1	aAt	a great thing	0.666667
𓋾𓈎𓏏	S38,N29,X1	HqAt	sceptre	0.666667
𓋾𓈎𓏏𓏛	S38,N29,X1,Y1	HqAt	rulership	0.666667
𓌉𓆓𓇳𓇾𓈇𓏤	T3,I10,N5,N16,N23,Z1	HD  tA	dawn	0.666667
𓎂	V16	sA	cattle - hobble	0.666667
𓎂	V16	sA	protection	0.666667
𓎂	V16	sAw	magician	0.666667
𓏇𓏏𓏏𓏛	W19,X1,X1,Y1	mitt	the like	0.666667
𓏲𓍑𓄿𓉐	Z7,U28,G1,O1	wDA	storehouse	0.666667
𓏴𓏏𓊮	Z9,X1,Q7	sDt	fire, flame	0.666667
𓊃𓊪𓊗	O34,Q3,O50	sp	times, twice	0.628788
𓊃𓊪𓊗	O34,Q3,O50	sp	matter, affair, case	0.628788
𓊃𓊪𓊗	O34,Q3,O50	sp	deed, act	0.628788
𓊃𓊪𓊗	O34,Q3,O50	sp	misdeed, fault	0.628788
𓊃𓊪𓊗	O34,Q3,O50	sp	occasion, chance, venture, success	0.628788
𓊃𓊪𓊗	O34,Q3,O50	sp	occasion, chance, venture, success, condition	0.628788
𓊃𓊪𓊗	O34,Q3,O50	sp	medicine, dose, portion (of food)	0.628788
𓊃𓊪𓊗	O34,Q3,O50	spi	remain over, be left out, excluded, abandoned	0.628788
𓋴𓅨𓂋	S29,G36,D21	swr	promote (an official), increase (herds)	0.625
𓂋𓇋𓇋𓏏	D21,M17,M17,X1	rwt	(see under  wDa-rwt)	0.6
𓈖𓎡𓏏𓏴𓏛	N35,V31,X1,Z9,Y1	nkt	some, a little, something, piece (of wood), profit, advantage	0.6
𓋴𓏇𓇋𓀁	S29,W19,M17,A2	smi	report, make report, complain, announce, proclaim	0.6
𓋴𓏇𓇋𓀁	S29,W19,M17,A2	smi	report, acknowledgement (of letter)	0.6
𓏏𓏏𓏛	X1,X1,Y1	twt	fair, pleasing	0.6
𓏏𓏏𓀾	X1,X1,A53	twt	fair, pleasing	0.6
𓏞𓏛	Y3,Y1	naa	undecorated	0.6
𓏞𓏛	Y3,Y1	snaa	make smooth, polish	0.6
𓏞𓏛	Y3,Y1	sS	write, inscribe, paint, draw, enrol (troops)	0.6
𓏞𓏛	Y3,Y1	sS	writing, depiction, record, papyrus roll, letter, document	0.6
𓂝𓏏𓉐	D36,X1,O1	at	room, chamber, house	0.583333
𓇋𓊄	M17,O35	is	go !	0.583333
𓋴𓏭	S29,Z4	sy	she, her, it	0.571429
𓋴𓋹	S29,S34	sanx	make live, preserve, revive (dead), nourish, feed, perpetuate (name)	0.571429
𓏏𓈖𓏌𓏲𓌙𓅯𓏛𓏥	X1,N35,W24,Z7,T14,G41,Y1,Z2	tnw	number	0.571429
𓏏𓈖𓏌𓏲𓌙𓅯𓏛𓏥	X1,N35,W24,Z7,T14,G41,Y1,Z2	Tnw	number	0.571429
𓄲𓂋𓂻	F46,D21,D54	pXr	turn, turn about, revolve (of sun), move about (of limbs)	0.566667
𓄲𓂋𓂻	F46,D21,D54	pXr	surround, enclose, travel around / traverse (a region)	0.566667
𓄲𓂋𓂻	F46,D21,D54	pXr	perambulate (a hall), circumambulate (walls), pervade (hearts), unroll (a papyrus)	0.566667
𓄲𓂋𓂻	F46,D21,D54	pXr	twist / distort (what is said)	0.566667
𓀸𓏏𓏥	A47,X1,Z2	irt	duty (of someone)	0.5
𓁷𓏤𓂝𓏤	D2,Z1,D36,Z1	Hr  a	in default ?	0.5
𓁷𓏤𓂝𓏤	D2,Z1,D36,Z1	Hr  awy	immediately	0.5
𓁷𓂋𓏏𓇯	D2,D21,X1,N1	Hrt	sky, heaven	0.5
𓁷𓂋𓏏𓈉	D2,D21,X1,N25	Hrt	tomb, necropolis	0.5
𓂋𓂝𓇳𓀭	D21,D36,N5,A40	ra	Re	0.5
𓂋𓂝𓇳𓀭	D21,D36,N5,A40	ra	Re (Sun god)	0.5
𓂜𓏏𓏭𓅪	D35,X1,Z4,G37	iwty	who.......not, which.......not	0.5
𓁹𓀀	D4,A1	ir	doer (of good)	0.5
𓁹𓂋𓀀	D4,D21,A1	irr	(evil) doer	0.5
𓁹𓏏𓍯𓏏𓈐	D4,X1,V4,X1,N31	irt  wAt	to escort	0.5
𓃢	E15	inpw	royal child	0.5
𓃢	E15	SstA	make secret, mysterious, make inaccessible, secret, confidential matter,  (religious) mystery, problem	0.5
𓃭𓏤𓃭𓏏𓏭𓉐	E23,Z1,E23,X1,Z4,O1	rwty	lion''s den	0.5
𓃹𓈖𓏌𓏏𓇼𓇳	E34,N35,W24,X1,N14,N5	wnwt	hour	0.5
𓃹𓈖𓏌𓏏𓇼	E34,N35,W24,X1,N14	wnwt	duty, service	0.5
𓃹𓈖𓈖𓄤𓀭	E34,N35,N35,F35,A40	wnn  nfrw	Onnophris	0.5
𓃛𓂝𓄯	E9,D36,F44	iwaw	leg (of beef)	0.5
𓃛𓂝𓄯	E9,D36,F44	iwa	inherit, succeed, act as heir	0.5
𓄛𓏏𓏏	F27,X1,X1	swtwt	go forth	0.5
𓄤𓈖	F35,N35	nfr  n	not	0.5
𓄫𓅱𓏛	F40,G43,Y1	Aw	long (de espacio, tiempo)	0.5
𓄫𓅱	F40,G43	Aw	long, length (de espacio, tiempo)	0.5
𓅓𓏇𓇋	G17,W19,M17	m   mi	as if	0.5
𓅓𓏠𓈖𓏏𓇳	G17,Y5,N35,X1,N5	m  mnt	daily	0.5
𓅡𓎡𓀀	G29,V31,A1	bAk	servant	0.5
𓅤	G32	baHw	inundation, flood	0.5
𓅤	G32	baH	inundated land	0.5
𓅤	G32	baH	abundance	0.5
𓅤	G32	baHi	have abundance, be well - supplied, be inundated, flood, inundate	0.5
𓅷𓂷𓂡	G47,D51,D40	TAw	take up, seize, snatch, don (garment), rob, steal, shave, harbour (enemies)	0.5
𓅷𓋽	G47,S37	TAw  xw	fan bearer	0.5
𓅷𓏏𓏤𓀀	G47,X1,Z1,A1	TAty	vizier	0.5
𓆓𓂝𓌙𓂻	I10,D36,T14,D54	Da	spear (fish)	0.5
𓇆𓅨𓈘	M14,G36,N36	wAD  wr	the sea	0.5
𓇋𓂋𓎡	M17,D21,V31	irk	(part\u00edcula encl\u00edtica)	0.5
𓇋𓋴𓆑𓏏𓅪	M17,S29,I9,X1,G37	isft	wrong, wrong-doing, falsehood	0.5
𓇋𓂋𓎡	M17,D21,V31	irk	but, now	0.5
𓇔𓏮𓈅	M24,Z4A,N21	rsy	southern, south of, South	0.5
𓇼𓅐𓏏𓆑𓀭	N14,G14,X1,I9,A40	dwA  mwt  .f	Duamutef	0.5
𓈍𓏤	N28,Z1	xa	hill	0.5
𓈎𓃀𓄲𓏛	N29,D58,F46,Y1	qAb	fold over, double over, double (quantity)	0.5
𓈎𓃀𓄲𓏛	N29,D58,F46,Y1	qAbw	windings (of waterway)	0.5
𓈎𓂝𓎛𓂢	N29,D36,V28,D41	qaH	elbow, arm, shoulder	0.5
𓈎𓂝𓎛𓂢	N29,D36,V28,D41	qaH	bend (arm, hand, people to one''s will), turn one''s back	0.5
𓈖𓏏𓆑	N35,X1,I9	ntf	he, belongs to him	0.5
𓈖𓏏𓆑	N35,X1,I9	nty  .f	which he.......	0.5
𓈖𓏏𓆑	N35,X1,I9	n  it  .f	to his father	0.5
𓈘𓏤	N36,Z1	mr	canal, artificial lake	0.5
𓈘𓈅𓏤	N36,N21,Z1	mr	canal, artificial lake	0.5
𓉐𓋹	O1,S34	pr  anx	House of Life (Temple Scriptorium, School)	0.5
𓊪𓅮𓄿	Q3,G40,G1	pA	this, the	0.5
𓊪𓅮𓄿	Q3,G40,G1	pAw	''past tense'' marker	0.5
𓊪𓈙𓈖𓏴	Q3,N37,N35,Z9	pSn	split (heads, metal, wood) fracture (bones), separate (combatants), slice (bread)	0.5
𓊪𓈙𓈖𓏴𓂡	Q3,N37,N35,Z9,D40	pSn	split (wood)	0.5
𓋀𓏏𓈉	R14,X1,N25	imnt	the West	0.5
𓊹𓄤	R8,F35	nfr  nTr	the good god	0.5
𓊹𓌢𓍿𓂋𓈓	R8,T22,V13,D21,N33A	snTr	incense, Frankincense ?	0.5
𓋭𓊃𓈇	S24,O34,N23	Ts	sandbank, drought	0.5
𓋴𓅨𓂋𓇋𓈗𓀁	S29,G36,D21,M17,N35A,A2	swr	drink	0.5
𓋴𓈖𓏥	S29,N35,Z2	sn	they, them, their	0.5
𓋴𓏏𓈖𓏌𓏲𓌙𓅯	S29,X1,N35,W24,Z7,T14,G41	sTny	distinguish, honour, make distinctions, differentiate	0.5
𓋴𓈖𓏥	S29,N35,Z2	=sn	they, them, their	0.5
𓌃𓂧𓅱𓀁	S43,D46,G43,A2	mdw	speak, address (someone)	0.5
𓌃𓂧𓅱𓀁	S43,D46,G43,A2	mdw	speech, word, plea	0.5
𓌗𓏛	T12,Y1	rwD	hard	0.5
𓌥𓏛	T25,Y1	DbA	stop up, block	0.5
𓌉𓏤	T3,Z1	HD	mace	0.5
𓌒	T9	pD	stretch (cord in foundation ceremony)	0.5
𓌒	T9	pDi	sharpen (a knife)	0.5
𓍉𓎂	U21,V16	stp  sA	protect, do escort duty	0.5
𓍋𓃀𓂻	U23,D58,D54	Ab	tarry, stray	0.5
𓍋𓃀𓂻	U23,D58,D54	Ab	avoid, cease	0.5
𓍋𓅓𓂋𓅪	U23,G17,D21,G37	mr	sick, ill, diseased, painful	0.5
𓍋𓅓𓂋𓅪	U23,G17,D21,G37	mr	pain, ailment	0.5
𓍿𓌳𓂝	V13,U1,D36	TmA  awy	strong - armed	0.5
𓍿𓊃𓍞𓂻	V13,O34,U39,D54	Tsi	go up (to a place)	0.5
𓍿𓊃𓍞𓀁	V13,O34,U39,A2	Tsi	be angry (with), bear a grudge (against)	0.5
𓎃𓏤	V17,Z1	sA	amulet	0.5
𓎃	V17	sA	protection	0.5
𓎛𓂝𓊪𓏭𓈘𓈗𓀭	V28,D36,Q3,Z4,N36,N35A,A40	Hapy	Hapy (Nile god)	0.5
𓎛𓃀𓋴𓋳	V28,D58,S29,S28	Hbs	clothe, be clothed, don (garment), furnish (house), hide, cover up	0.5
𓎛𓃀𓋴𓋳	V28,D58,S29,S28	Hbs	garment, clothes, clothing, cloth, covering	0.5
𓎡𓎡𓇰	V31,V31,N2	kk	be dark (of child about to be born)	0.5
𓎡𓎡𓇰	V31,V31,N2	kkw	darkness	0.5
𓎺𓏏	W10,X1	Hnt	cup	0.5
𓎺𓏏	W10,X1	Hnwt	mistress	0.5
𓎼𓏏𓉐	W11,X1,O1	nst	seat, throne	0.5
𓎼𓂋𓏏	W11,D21,X1	grt	moreover, now	0.5
𓎼𓏏	W11,X1	grt	either	0.5
𓎼𓂋𓍅𓅪𓏥	W11,D21,U17,G37,Z2	grg	falsehood, lie	0.5
𓏠𓏌	Y5,W24	mnw	type of stone, quartz ?	0.5
𓏠𓏌𓏌𓏌	Y5,W24,W24,W24	mnw	monument	0.5
𓇋𓂋𓏏	M17,D21,X1	irt	duty (of someone)	0.428571
𓇋𓂋𓏏	M17,D21,X1	irt	(part\u00edcula encl\u00edtica)	0.428571
𓇋𓂋𓏏	M17,D21,X1	irt	now, but	0.428571
𓋴𓏤	S29,Z1	s	ornamental vessel	0.428571
𓋴𓊢𓂝𓂻	S29,P6,D36,D54	saHa	raise up, cause to stand, set up, erect, insatl, accuse, establish (against)	0.428571
𓋴𓅱𓎛𓏏𓆇	S29,G43,V28,X1,H8	swHt	egg	0.428571
𓋴𓆑𓇳	S29,I9,N5	sf	yesterday	0.428571
𓋴𓌬	S29,T32	sSm	guidance	0.428571
𓋴𓂧𓈖	S29,D46,N35	sDn	carry (child)	0.428571
𓋴𓆓𓂧	S29,I10,D46	sDd	relate, recount, talk (of)	0.428571
𓅓𓂝𓎡	G17,D36,V31	mk	behold	0.422222
𓂋𓏙	D21,X8	rdi	give, put, place, appoint, cause, permit, grant	0.4
𓃂𓈗𓀀	D60,N35A,A1	wab	Wab priest	0.4
𓄿𓏏𓇳𓏤	G1,X1,N5,Z1	At	striking-power	0.4
𓄿𓏏𓇳	G1,X1,N5	At	momento, instante, tiempo (en general)	0.4
𓄿𓏏𓇳𓏤	G1,X1,N5,Z1	At	momento, instante, tiempo (en general)	0.4
𓆣𓂋𓇋𓀭	L1,D21,M17,A40	xprr	Khopri	0.4
𓈖𓇋𓇋	N35,M17,M17	ny	therefore, for it, because of it	0.4
𓋴𓊵	S29,R4	sHtp	propitate, please, pacify, satisfy (employees)	0.35
𓋴𓊵	S29,R4	sHtp	provide (for temple), make gracious (to)	0.35
𓀒𓏏	A15,X1	sxr	overthrow, throw down, force into place (dislocated bone)	0.333333
𓂋𓏠𓈖𓂢	D21,Y5,N35,D41	rmn	shoulder, arm, uprights (of ladder), side	0.333333
𓂋𓏠𓈖𓂢	D21,Y5,N35,D41	rmni	shoulder, carry, support, match, equal, bearer, supporter	0.333333
𓂝𓏏𓉐𓋴𓃀𓇼	D36,X1,O1,S29,D58,N14	at   sbA	school, school - house	0.333333
𓂝𓈖𓁼	D36,N35,D7	an	beautiful	0.333333
𓂝𓈖𓂧𓅪	D36,N35,D46,G37	and	few, scarcity, fewness, be diminished	0.333333
𓂝𓄡𓆃	D36,F32,H5	aXi	fly, fly away	0.333333
𓂝𓈙𓂝𓈙𓄈𓄹	D36,N37,D36,N37,F10,F51	aSaS	voicebox, larynx	0.333333
𓂝𓏏𓉐𓋴𓃀𓇼𓄿𓀜	D36,X1,O1,S29,D58,N14,G1,A24	at  sbA	school	0.333333
𓂧𓅱	D46,G43	dw	give, place, put, implant (obstacle), strike (blow), cause	0.333333
𓂧𓏇𓇋𓈇𓏤	D46,W19,M17,N23,Z1	dmi	town, quarter (of town), abode, vicinity, quay	0.333333
𓂧𓈖𓂧𓌪	D46,N35,D46,T30	dnd	slaughter (animals)	0.333333
𓂧𓉔𓈖𓁶	D46,O4,N35,D1	dhn	bow (to), appoint, order (burial)	0.333333
𓃀𓇋𓎡𓅄	D58,M17,V31,G6	bik	falcon	0.333333
𓃀𓈙𓂐	D58,N37,D26	bSi	spit, spit out	0.333333
𓃀𓂧𓈙𓏏𓀉	D58,D46,N37,X1,A7	bdSt	weakness	0.333333
𓃂𓏏𓈗	D60,X1,N35A	wabwt	priestly service	0.333333
𓄙𓅓𓀁	F25,G17,A2	wHm	repeat,report (of speech), bruit abroad	0.333333
𓄙𓀀	F25,A1	wHmw	herald, reporter, (legal) register	0.333333
𓄞𓂧𓀜	F30,D46,A24	Sdi	take away, remove, cut out, dig (lake), rescue, salvage (boat)	0.333333
𓄞𓂧𓀜	F30,D46,A24	Sdi	stave off (event), pull (on), exact (dues), ransack (a country), apportion (field-plots)	0.333333
𓄞𓂧𓀜	F30,D46,A24	Sdi	nourish (strife)	0.333333
𓄂𓏏𓏤𓂋	F4,X1,Z1,D21	HAt  r	starting with	0.333333
𓄿𓊪𓂧𓅬	G1,Q3,D46,G38	Apd	duck, bird	0.333333
𓄿𓉔𓇋𓇋𓂻	G1,O4,M17,M17,D54	Ahy	descend	0.333333
𓅜𓏤	G25,Z1	Ax	the spirit-state	0.333333
𓆄𓅱	H6,G43	Sw	ascend	0.333333
𓆑𓈖𓏏𓆑	I9,N35,X1,I9	fnT	(intestinal) worm, become maggoty	0.333333
𓆑𓈖𓂧𓂉	I9,N35,D46,D19	fnD	nose	0.333333
𓆑𓈎𓄿𓏒	I9,N29,G1,X4	fqA	a cake	0.333333
𓆻𓏛	M11,Y1	wdn	offer (to)	0.333333
𓆻	M11	wdnw	offerings	0.333333
𓆻	M11	wdn	offerer	0.333333
𓆼𓄿𓂋𓏏𓁐	M12,G1,D21,X1,B1	xArt	widow	0.333333
𓇋𓄿𓏏𓈏	M17,G1,X1,N30	iAt	mound, ruin	0.333333
𓇋𓂝𓈗	M17,D36,N35A	iai	wash	0.333333
𓇋𓊪𓈖	M17,Q3,N35	ipn	these	0.333333
𓇋𓏶𓅓𓏭	M17,Z11,G17,Z4	imy	who, which is in, in which is	0.333333
𓇋𓆛𓈖𓎛𓂃𓂃	M17,K1,N35,V28,D13,D13	inH	eyebrows	0.333333
𓇋𓂋𓆑	M17,D21,I9	irf	part\u00edcula encl\u00edtica	0.333333
𓇋𓎛	M17,V28	iHy	sistrum player	0.333333
𓇋𓂋𓆑	M17,D21,I9	irf	(not translated)	0.333333
𓇓𓏏𓈖𓀭	M23,X1,N35,A40	nsw	King	0.333333
𓇹𓈒𓏥	N11,N33,Z2	waH	earth - almond ?, carob ?	0.333333
𓇼𓄿𓇋𓇋𓏏𓏛	N14,G1,M17,M17,X1,Y1	sbAyt	(written) teaching, instructions	0.333333
𓇼𓄿𓅱𓇳	N14,G1,G43,N5	dwAw	dawn, morning, tomorrow, the morrow	0.333333
𓈖𓅓𓂝	N35,G17,D36	n  m	who ?,  what ?	0.333333
𓈖𓅓𓂝	N35,G17,D36	nm	who ?	0.333333
𓉐𓉻	O1,O29	pr  aA	Great-House, Palace	0.333333
𓉐𓉻	O1,O29	pr  aA	Pharaoh	0.333333
𓉐𓏤𓏛𓏏𓏤𓍼	O1,Z1,Y1,X1,Z1,V12	pr  mDAt	library	0.333333
𓉐𓌉𓉐	O1,T3,O1	pr  HD	treasury	0.333333
𓉐𓌉𓉐	O1,T3,O1	pr  HD	treasury	0.333333
𓉲𓏤𓉐	O22,Z1,O1	sH	booth, hall	0.333333
𓊃𓏏𓈉	O34,X1,N25	smyt	desert, necropolis	0.333333
𓊃𓏏𓈉	O34,X1,N25	smyt	desert, necropolis	0.333333
𓊢𓏤	P6,Z1	aHa	stela	0.333333
𓋁𓏏𓏏	R15,X1,X1	iAbtt	the East	0.333333
𓌂𓏤	S42,Z1	abA	sceptre	0.333333
𓌂𓏤	S42,Z1	sxm	sceptre, sistrum	0.333333
𓎟𓎟𓎟	V30,V30,V30	nbwt	the isles (of the Aegean)	0.333333
𓎡𓊃𓀓	V31,O34,A16	ksi	bend down, bow down, be prostrate	0.333333
𓍱𓈙	V6,N37	Ss	alabaster, vessels of alabaster	0.333333
𓍱𓏏	V6,X1	Sst	alabaster	0.333333
𓏇𓇋𓏛	W19,M17,Y1	my	likewise, accordingly	0.333333
𓏎𓈐𓅆	W25,N31,G7	in  Hrt	Onuris	0.333333
𓈖𓏏𓏏	N35,X1,X1	ntt	that	0.285714
𓈖𓏏𓎡	N35,X1,V31	nty  .k	which you.......	0.285714
𓈖𓏏𓎡	N35,X1,V31	ntk	you, belongs to you	0.285714
𓈖𓏏𓏏	N35,X1,X1	ntT	you	0.285714
𓋴𓍿	S29,V13	isT	(non - part\u00edcula encl\u00edtica)	0.285714
𓋴𓅓𓋴	S29,G17,S29	smsw	elder, eldest	0.285714
𓋴𓄤	S29,F35	snfr	make beautiful, embellish, restore (what is defective), carry out (business)	0.285714
𓂝𓍯𓄿𓀜	D36,V4,G1,A24	awAi	steal, rob, robbery	0.25
𓂝𓍯𓄿𓀜	D36,V4,G1,A24	awAy	robber	0.25
𓂧𓃀𓎛𓄑𓀁	D46,D58,V28,F18,A2	dbH	ask for, beg, requisition (from)	0.25
𓂧𓃀𓎛𓄑	D46,D58,V28,F18	dbH	ask for, beg, requisition (from)	0.25
𓃀𓏤	D58,Z1	bw	place	0.25
𓃀𓎼𓀉	D58,W11,A7	bAgi	be slack, remiss	0.25
𓃀𓏤	D58,Z1	bw	place	0.25
𓃀𓈖𓈖𓂺	D58,N35,N35,D53	bnn	beget, become erect (of male),  overflow	0.25
𓃀𓎼𓀉	D58,W11,A7	bAgi	be slack, remiss	0.25
𓅓𓇋𓂻	G17,M17,D54	mi	come !	0.25
𓅓𓊢𓏏𓉐	G17,P6,X1,O1	maHat	tomb, cenotaph (above ground level)	0.25
𓅓𓆑𓂓𓏏𓈓	G17,I9,D28,X1,N33A	mfkAt	turquoise	0.25
𓅓𓏏𓏱	G17,X1,Z6	mt	dead man	0.25
𓅭𓏏𓁐	G39,X1,B1	sAt	daughter	0.25
𓇋𓄿𓀢	M17,G1,A30	iAi	adore	0.25
𓇋𓄿𓀢	M17,G1,A30	iAw	adoration	0.25
𓇋𓊄𓂻	M17,O35,D54	is	go !	0.25
𓇋𓋴𓍿	M17,S29,V13	isT	non-eclitic particle	0.25
𓊃𓅜	O34,G25	sAx	glorify (uraeus)	0.25
𓊃𓍿𓊃𓍞𓀁𓏪	O34,V13,O34,U39,A2,Z3	sTsw	praises	0.25
𓋁𓃀𓏏𓈉	R15,D58,X1,N25	iAbt	the East	0.25
𓋁𓃀𓏏𓈉	R15,D58,X1,N25	iAbty	east, eastern	0.25
𓊹𓏏	R8,X1	it  nTr	god''s father	0.25
𓊹𓏏𓂋	R8,X1,D21	nTr	godhood, divinity	0.25
𓊹𓏏𓂋𓏛	R8,X1,D21,Y1	nTry	divine, sacred	0.25
𓋬𓂋	S23,D21	dmD  r	total	0.25
𓍿𓈖𓏥	V13,N35,Z2	Tn	you, your	0.25
𓍿𓈖𓏭	V13,N35,Z4	Tny	you two, your	0.25
𓎡𓄿𓂋𓉱	V31,G1,D21,O21	kAr	shrine	0.25
𓎡𓆑𓄿𓄖	V31,I9,G1,F22	kfA	hinder - parts (of bird), bottom (of jar), base (of abscess)	0.25
𓎡𓆑𓄿𓄖𓏛	V31,I9,G1,F22,Y1	kfA	be discreet	0.25
𓏏𓂋𓆵𓀁	X1,D21,M6,A2	tr	forsooth, pray	0.25
𓏏𓆵	X1,M6	tr	forsooth, pray	0.25
𓏏𓎡𓈖𓂻	X1,V31,N35,D54	tkn	be near, approach, draw near, attack (someone), border (on)	0.25
𓏛𓏏𓏤	Y1,X1,Z1	mDAt	papyrus roll, book, letter, dispatch	0.25
𓏛𓏏𓏤𓍼	Y1,X1,Z1,V12	mDAt	papyrus - roll	0.25
𓏛𓏏𓏤	Y1,X1,Z1	mDAt	chisel	0.25
𓏴𓈖	Z9,N35	Sbn	mixed, various	0.25
𓏴𓈖	Z9,N35	Sbnw	various	0.25
𓁶𓏤𓀀	D1,Z1,A1	tp	person, people	0.2
𓁶𓏤𓂝𓏤	D1,Z1,D36,Z1	tp  a	before (time)	0.2
𓂋𓂝𓇳𓏤	D21,D36,N5,Z1	ra	sun	0.2
𓂋𓊪𓂝	D21,Q3,D36	rpat	noble, heir	0.2
𓂋𓂋𓆵	D21,D21,M6	rr	time	0.2
𓂋𓈎𓂢	D21,N29,D41	rq	incline, turn aside (from), defy	0.2
𓂋𓂧𓏲𓏭𓂾𓂾	D21,D46,Z7,Z4,D56,D56	rdw	steps (of throne)	0.2
𓃂𓈗𓏏𓉐	D60,N35A,X1,O1	wabt	place of embalment, tomb, kitchen, refectory	0.2
𓅓𓂝𓎡𓇉𓄿𓁶	G17,D36,V31,M16,G1,D1	mkHA	back of the head	0.2
𓅱𓍿𓊃𓍞	G43,V13,O34,U39	wTs	raise, lift up, wear, weigh, extol, display, announce	0.2
𓈖𓇋𓈖𓇋	N35,M17,N35,M17	nyny	Greeting !	0.2
𓈖𓉔𓅱	N35,O4,G43	nhw	the protection (of king''s arm)	0.2
𓈖𓁷𓂋	N35,D2,D21	nHr	resemble	0.2
𓈖𓅘𓎛	N35,G21,V28	nHH	eternity, for ever	0.2
𓈖𓊃𓊪𓊗	N35,O34,Q3,O50	n  sp	together, at once	0.2
𓋴𓏠𓈖𓏛	S29,Y5,N35,Y1	smn	make firm, establish, make to endure, perpetuate, fasten, make fast	0.2
𓋴𓏠𓈖𓏛	S29,Y5,N35,Y1	smn	set in place (parts of body), set up (stela), record (events), confirm (office)	0.2
𓋴𓏠𓈖𓏛	S29,Y5,N35,Y1	smn	affix (adornments), make to stay, set aside, leave to stand, take station,	0.2
𓋴𓏠𓈖𓏛	S29,Y5,N35,Y1	smn	mainstay (of land), confirmation (of land-holding)	0.2
𓌂𓈇	S42,N23	xrp	district, estate	0.2
𓍚𓀜	U35,A24	xsf	drive away, ward off, oppose, repel, repress (crime), redress (wrong)	0.2
𓍚𓀜	U35,A24	xsf	reprove (words), drive (cattle), divert (water), avoid (anger), prevent	0.2
𓍚𓀜	U35,A24	xsf	punish	0.2
𓍚𓀜	U35,A24	xsf	punishment, disapproval	0.2
𓍚𓀜𓂋	U35,A24,D21	xsf  r	contend against	0.2
𓎡𓄿𓀁	V31,G1,A2	kA	so, then	0.2
𓎡𓄿𓀁	V31,G1,A2	kAi	think about, plan	0.2
𓏏𓄿𓇋𓇋𓀀	X1,G1,M17,M17,A1	tAy .i	my	0.2
𓂋𓅱𓇋𓂻	D21,G43,M17,D54	rwi	go away, depart, pass away, advance (against), serve (someone)	0.166667
𓂋𓅱𓇋𓂻	D21,G43,M17,D54	rwi	expel / drive off / remove (someone, something), leave (a place), escape (harm)	0.166667
𓂋𓂧𓌗𓏛	D21,D46,T12,Y1	rwD	enduring, permanent	0.166667
𓂋𓍿𓈖	D21,V13,N35	rTn	now, but	0.166667
𓄲𓂋𓂻𓈖	F46,D21,D54,N35	pXr  n	serve, pass  to, revert to	0.166667
𓅓𓂟	G17,D38	m	(not translated)	0.166667
𓅓𓂟	G17,D38	m	behold	0.166667
𓅓𓂟	G17,D38	m	who ?, what ?	0.166667
𓅓𓂧𓋴𓌪	G17,D46,S29,T30	mds	sharp (of knife), acute (of vision), forceful (of character)	0.166667
𓅓𓂧𓋴𓌪	G17,D46,S29,T30	mds	firm-planted (of foot), cut down (quarry)	0.166667
𓅓𓂧𓋴𓌪	G17,D46,S29,T30	mds	cut down (quarry)	0.166667
𓇋𓊪𓏛	M17,Q3,Y1	ip	count, reckon up, make reckoning, assess, allot	0.166667
𓇋𓊪𓏛	M17,Q3,Y1	ip	exact, detail, claim, examine, recognize, take heed of	0.166667
𓇋𓊪𓏛	M17,Q3,Y1	ip	set in order, muster, assemble,	0.166667
𓇋𓊪𓏛	M17,Q3,Y1	ip	accounting, estimation	0.166667
𓇋𓂋𓍿𓈖	M17,D21,V13,N35	irTn	(part\u00edcula encl\u00edtica)	0.166667
𓇋𓂋𓍿𓈖	M17,D21,V13,N35	irTn	now, but	0.166667
𓈖𓏏𓏯𓈗	N35,X1,Z5,N35A	nt	water	0.166667
𓈖𓏏𓂝𓏤𓏛𓏥	N35,X1,D36,Z1,Y1,Z2	nt  a	custom, habit, rite, ritual, routine, duty, execution (of task), organize	0.166667
𓈖𓏏𓋴	N35,X1,S29	nts	she	0.166667
𓊃𓈖𓂻	O34,N35,D54	sni	pass, pass by, surpass, transgress	0.166667
𓊃𓈖𓎡𓏏𓇳	O34,N35,V31,X1,N5	snkt	darkness, obscurity	0.166667
𓊃𓈖𓏏𓍰	O34,N35,X1,V5	snT	measure out (land), found (a house etc)	0.166667
𓊃𓈙𓏛	O34,N37,Y1	sS	writing, depiction, record, papyrus roll, letter, document	0.166667
𓊃𓈙𓏛	O34,N37,Y1	sS	scribe	0.166667
𓋭𓊃𓏲𓂡	S24,O34,Z7,D40	Ts	tie (knot), tie on (fillet), weave (cloth)	0.166667
𓋭𓊃𓏲𓂡	S24,O34,Z7,D40	Ts	join, rejoin, knit together (bones), form (unborn bodies), unite (Two Lands)	0.166667
𓋭𓊃𓏲𓂡	S24,O34,Z7,D40	Ts	build (monuments), model (face of Sphinx)	0.166667
𓋭𓊃𓏲𓂡	S24,O34,Z7,D40	Ts	marshal (troops), levy (troops), order, arrange (rites), knot itself up (with confederacies)	0.166667
𓋭𓊃𓏲𓂡	S24,O34,Z7,D40	Ts	clot, become constricted	0.166667
𓋴𓆣𓂋	S29,L1,D21	sxpr	bring into being, create, make, make grow (a garden)	0.166667
𓋴𓆣𓂋	S29,L1,D21	sxpr	raise (a child), educate, breed (animals), bring about (an event)	0.166667
𓋴𓆣𓂋	S29,L1,D21	sxpr	effect (a deed), foster (truth), turn, transform (into)	0.166667
𓋴𓆣	S29,L1	sxpr	bring into being, create, make, make grow (a garden)	0.166667
𓋴𓆣	S29,L1	sxpr	raise (a child), educate, breed (animals), bring about (an event)	0.166667
𓋴𓆣	S29,L1	sxpr	effect (a deed), foster (truth), turn, transform (into)	0.166667
𓏏𓍔𓄿𓊮	X1,U30,G1,Q7	tA	hot, hot - tempered	0.166667
𓏏𓍔𓄿𓊮	X1,U30,G1,Q7	tAw	heat	0.166667
𓁶𓏤𓂾𓏤	D1,Z1,D56,Z1	tp  rd	instructions, regulations	0.142857
𓁶𓏤𓂾𓏤	D1,Z1,D56,Z1	tp  rd	instructions, regulations, duty, governance	0.142857
𓁶𓏤𓂾𓏤𓏛	D1,Z1,D56,Z1,Y1	tp  rd	instructions, regulations	0.142857
𓅨𓂋𓂧𓀉𓅪	G36,D21,D46,A7,G37	wrD	be weary, grow weary, tire	0.142857
𓋴𓎡	S29,V31	isk	(non - part\u00edcula encl\u00edtica)	0.142857
𓋴𓍘	S29,U33	isT	(non - part\u00edcula encl\u00edtica)	0.142857
𓋴𓃹𓈖𓏏𓌕𓏛	S29,E34,N35,X1,T11,Y1	swnt	price	0.142857
𓋴𓆑𓄿𓏏𓅪	S29,I9,G1,X1,G37	sfAt	hatred ?	0.142857
𓋴𓅓𓀀	S29,G17,A1	sm	a priest	0.142857
𓋴𓍋𓅓𓂋𓀙𓀀	S29,U23,G17,D21,A21,A1	smr	friend (of king)	0.142857
𓋴𓁷𓂋𓇋𓀜𓂻	S29,D2,D21,M17,A24,D54	sHri	remove, exorcise (ill), drive away (foes), avert (face), deliver (from)	0.142857
𓋴𓋾𓈎𓏛	S29,S38,N29,Y1	sHqA	cause to rule, instal as ruler	0.142857
𓋴𓋴𓈖𓇛𓆱	S29,S29,N35,M29,M3	ssnDm	a costly wood	0.142857
𓋴𓎼𓂋𓀁	S29,W11,D21,A2	sgr	silence	0.142857
𓋴𓆓𓏏𓀔	S29,I10,X1,A17	sDty	child, foster - child (of king)	0.142857
𓋴𓇆𓏛	S29,M14,Y1	swAD	make green (herbage), make to flourish (of person, office)	0.125
𓋴𓇆𓏛	S29,M14,Y1	swAD	make prosperous (of years), richly provide (altars), refurbish (stela)	0.125
𓋴𓃂𓈗	S29,D60,N35A	swab	cleanse, purify, decorate (a building), consecrate (temple servants)	0.125
𓋴𓃂	S29,D60	swab	cleanse, purify, decorate (a building), consecrate	0.125
𓋴𓅨𓂋𓇋𓀁	S29,G36,D21,M17,A2	swr	drink	0.125
𓋴𓃀𓇼𓄿𓇋𓇋𓏏𓏛	S29,D58,N14,G1,M17,M17,X1,Y1	sbAyt	(written) teaching, instructions	0.125
𓋴𓊪𓂧𓇮	S29,Q3,D46,M44	spd	sharp, effective, skilled	0.125
𓋴𓊪𓂧𓇮	S29,Q3,D46,M44	spd	display skill, supply (food), restore to order	0.125
𓋴𓈍	S29,N28	sxay	cause to appear (of a god or king), dispaly (object)	0.125
𓋴𓈍𓂝	S29,N28,D36	sxay	cause to appear (of a god or king), dispaly (object)	0.125
𓋴𓏏𓍔𓍬𓂻	S29,X1,U30,V2,D54	sTA	see under other entries for sTA	0.125
𓋴𓂧𓈅𓏴𓂡	S29,D46,N21,Z9,D40	sD	break, break into, invade, breach (wall), break open (way)	0.125
𓋴𓂧𓈅𓏴𓂡	S29,D46,N21,Z9,D40	sD	break up (hailstorm), rupture (cist), inflict (wound), fracture, rupture	0.125
𓏏𓅱𓎡	X1,G43,V31	tw .k	you	0.125
𓅓𓂝𓌨𓂋𓈇𓏤	G17,D36,T28,D21,N23,Z1	mXr	low lying land	0.111111
𓋴𓇋𓊪𓏏	S29,M17,Q3,X1	sipty	inspect	0.111111
𓋴𓇋𓊪𓏏	S29,M17,Q3,X1	sipty	investigation	0.111111
𓋴𓇋𓊪𓏏	S29,M17,Q3,X1	sipty	investigation	0.111111
𓋴𓈖𓍿𓇋𓇋𓉱	S29,N35,V13,M17,M17,O21	snTy	cabin (on vessel)	0.111111
𓋴𓈖𓏏𓇋𓇋𓉱	S29,N35,X1,M17,M17,O21	snTy	cabin (on vessel)	0.111111
𓋴𓏏𓍔𓄿𓊮	S29,X1,U30,G1,Q7	stA	heat, kindle (taper)	0.111111
𓋴𓊵𓏏𓊪𓏛	S29,R4,X1,Q3,Y1	sHtp	propitate, please, pacify, satisfy (employees)	0.1
𓋴𓊵𓏏𓊪𓏛	S29,R4,X1,Q3,Y1	sHtp	provide (for temple), make gracious (to)	0.1
𓋴𓏏𓍔𓄿𓍬𓂻	S29,X1,U30,G1,V2,D54	sTA	see under other entries for sTA	0.1
𓋴𓏏𓍔𓄿𓍬𓂻	S29,X1,U30,G1,V2,D54	sTA	see under other entries for sTA	0.1
𓊵𓏏𓊪𓏛	R4,X1,Q3,Y1	Htp	satisfy, make content, pacify, occupy (throne), rest in (tomb), assume (titulary)	0.0909091
𓊵𓏏𓊪𓏛	R4,X1,Q3,Y1	Htp	be pleased (with), be happy, be gracious (to), pardon (someone)	0.0909091
𓊵𓏏𓊪𓏛	R4,X1,Q3,Y1	Htp	be at peace, peaceful, become calm	0.0909091
𓊵𓏏𓊪𓏛	R4,X1,Q3,Y1	Htpw	peace, contentment, good pleasure	0.0909091
𓊃𓊪𓊗𓄤𓆑𓂋	O34,Q3,O50,F35,I9,D21	sp  nfr	a happy event	0.0833333
	A113	smsw  hAyt	Elder of the portal	0.0
𓀎𓀀𓏥	A12,A1,Z2	mSa	soldiers, army, infantry, gang (of workmen)	0.0
𓀎𓊛	A12,P1	mSa	make an expedition, expedition	0.0
𓀎𓂻𓏥	A12,D54,Z2	mSa	expedition	0.0
𓀎	A12	mSa	expedition	0.0
𓀐𓏏	A14,X1	mt	die, perish, death	0.0
𓂡	A158,D40	qd	use the potter''s wheel	0.0
𓀔𓏥𓈖𓂣	A17,Z2,N35,D42	Xrdw  n  mH	small children ?	0.0
𓀔𓈋𓅐𓏏𓈒𓏥	A17,N26,G14,X1,N33,Z2	msdmt	black eye paint	0.0
𓀖𓏏	A18,X1	imty	foster child (of king of Lower Egypt)	0.0
𓀗𓏏	A19,X1	iAwt	old age	0.0
𓀘	A20	smsw	elder, eldest	0.0
𓇋𓇋𓀀	A21A,M17,M17,A1	iky	quarryman	0.0
𓀜𓅱𓂡	A24,G43,D40	mniw	herdsman	0.0
𓀝𓂝	A25,D36	Hwi	beat, strike, smite	0.0
𓀠𓏏	A28,X1	qAi	be raised on high, uplifted	0.0
	A282	nmw	dwarf	0.0
	A299B	nsw	king	0.0
	A349	Hsy	favoured, praised one, spin	0.0
𓀩𓏏𓏭𓀜	A36,X1,Z4,A24	afty	brewer	0.0
𓀪𓏏𓏭	A37,X1,Z4	afty	brewer	0.0
𓀫	A38	qis	Cusae (El - Kusiyah)	0.0
𓀫𓋴𓏭𓊖	A38,S29,Z4,O49	qis	Cusae (El - Kusiyah)	0.0
𓀬	A39	qis	Cusae (El - Kusiyah)	0.0
	A410	swr	drink	0.0
𓀰𓅱𓀀	A42,G43,A1	mniw	herdsman	0.0
𓀸𓋴𓌬	A47,S29,T32	iry  sSm	functionary	0.0
𓀸𓏛𓏥	A47,Y1,Z2	irt	duty (of someone)	0.0
𓀸𓅱𓂡	A47,G43,D40	mniw	herdsman	0.0
𓀸𓏏𓏛𓏥	A47,J1,X1,Y1,Z2	iry  xt	overseer, administrator	0.0
𓀸𓄿𓏲𓀜	A47,G1,Z7,A24	sAw	guard, ward off, restrain, heed	0.0
𓀸𓅱𓀜	A47,G43,A24	sAw	guard, ward off, restrain, heed	0.0
𓀸𓅱	A47,G43	sAw	guardian, warden	0.0
𓀸𓄿𓅱𓏏𓂡𓏥	A47,G1,G43,X1,D40,Z2	sAwt	watch and ward, warding off (evil)	0.0
𓀸𓄿𓅱𓏏𓏭𓂡	A47,G1,G43,X1,Z4,D40	sAwty	guardian	0.0
𓀸𓄿𓂻	A47,G1,D54	sAi	linger, await, creep	0.0
𓀸𓂻	A47,D54	sAi	await	0.0
𓀸𓇋𓇋	A47,M17,M17	sAi	await	0.0
𓀸𓅱𓂡𓂋𓇍𓇋𓏏𓆑	A47,G43,D40,D21,M18,M17,X1,I9	sAi  iit  .f	one whose coming is awaited	0.0
𓀸𓄿𓏲𓀜	A47,G1,Z7,A24	sAi	sift (flour  etc)	0.0
𓀺𓂝𓏏𓉐	A49,D36,X1,O1	iry  at	hall-keeper	0.0
𓀺𓉿	A49,O31	iry  aA	door-keeper	0.0
𓀺𓌔𓏏𓏤	A49,T10,X1,Z1	iry  pDt	bowman	0.0
𓀺𓄤𓄂𓏏	A49,F35,F4,X1	iry  nfr  HAt	keeper of the diadem	0.0
𓀺𓉔𓊪𓏛	A49,O4,Q3,Y1	iry  hp	custodian of laws	0.0
𓀺𓏏𓏛𓏥	A49,J1,X1,Y1,Z2	iry  xt	overseer, administrator	0.0
𓀻𓋴𓏭𓏛	A50,S29,Z4,Y1	Spsy	noble, august (of gods), splendid (of buildings), valuable (of plants, minerals), costly	0.0
𓀻𓅱𓏥	A50,G43,Z2	Spsw	costly offerings	0.0
𓀻𓋴𓉐	A50,S29,O1	Sps	tomb - chapel	0.0
𓀻𓋴𓏏𓎿	A50,S29,X1,W14	Spst	ritual jar	0.0
𓀻𓋴𓀀	A50,S29,A1	Sps	nobleman, wealthy man	0.0
𓀻𓋴𓏏𓏛𓁐	A50,S29,X1,Y1,B1	Spst	noblewoman	0.0
𓀻𓋴𓋴𓏛	A50,S29,S29,Y1	Spss	noble, august, well - esteemed, rich, enrich, value (someone)	0.0
𓀻𓋴𓋴𓏛𓀀	A50,S29,S29,Y1,A1	Spss	wealthy man	0.0
𓀻𓋴𓋴𓏛𓏥	A50,S29,S29,Y1,Z2	Spssw	riches, wealth, precious things, dainties (to eat)	0.0
𓀼𓋴𓊃𓈓	A51,S29,O34,N33A	Spssw	riches, wealth, precious things, dainties (to eat)	0.0
𓀽𓊃𓊃𓏛	A52,O34,O34,Y1	Spssw	riches, wealth, precious things, dainties (to eat)	0.0
𓀾𓅱𓏛𓏥	A53,G43,Y1,Z2	irw	shape, form	0.0
𓀾𓅱𓏛𓏥	A53,G43,Y1,Z2	xprw	form, shape	0.0
𓁂	A57	Htp  di  nsw	an offering the King gives	0.0
𓁄	A59B,A59	rHwy	the Two Combatants (of human contestants)	0.0
𓀆	A6	wab	pure, purify oneself, bathe, cleanse, purification, purity	0.0
𓀆𓃀𓅱𓏏	A6,D58,G43,X1	wabwt	priestly service	0.0
𓀇	A6A	wab	pure, purify oneself, bathe, cleanse, purification, purity	0.0
𓀊𓀀𓁐𓏥	A8,A1,B1,Z2	hnw	associates, family	0.0
𓀋𓏲𓏛𓏥	A9,Z7,Y1,Z2	Atpw	cargo	0.0
𓀋𓊪𓏲𓏛𓏥	A9,Q3,Z7,Y1,Z2	Atpw	cargo	0.0
𓀋𓏏𓏛𓏥	A9,X1,Y1,Z2	kAt	work, construction, craft, profession	0.0
𓁒	B3	msi	calve (of gazelle)	0.0
𓁨𓈖	C11,N35	HH  n	many	0.0
	C229	sxt	the Fen goddess	0.0
𓁶𓏤𓄤	D1,Z1,F35	tp  nfr	a good beginning	0.0
𓁶𓏤𓇔	D1,Z1,M24	tp  rsy	the South of	0.0
𓁶𓏤𓈖𓆊𓏏𓏤	D1,Z1,J1,N35,I3,X1,Z1	tp  xnt	act of rebellion ?	0.0
𓁶𓏤𓅓	D1,Z1,G17	tp  m	in front of, in the direction of, before (of time)	0.0
𓁶𓏤𓇋𓅓	D1,Z1,M17,G17	tp  im	previously	0.0
𓁶𓏤𓇳𓏤𓎟	D1,Z1,N5,Z1,V30	tp  ra  nb	daily	0.0
𓁶𓏤𓏏𓆘	D1,Z1,X1,I13	tpt	uraeus	0.0
𓁶𓊪𓏭	D1,Q3,Z4	tpy	being upon, principal, first, high (priest)	0.0
𓁶𓏤𓇋𓄿𓏏𓄇𓇳	D1,Z1,M17,G1,X1,F9,N5	tp  iAt	due time (to do something)	0.0
𓁶𓏤𓃒𓏥𓊖	D1,Z1,E1,Z2,O49	tp  iHw	Aphroditopolis (Atfih)	0.0
𓁶𓂝𓅱	D1,D36,G43	tp  awy	who are in front of (of place), before (of place)	0.0
𓁶𓂝𓅱	D1,D36,G43	tp  awy	who had been before (of time), former (of time), who takes precedence of (of rank)	0.0
𓁶𓂝𓅱	D1,D36,G43	tp  awy	predecessors, ancestors	0.0
𓁶𓊪𓅱𓂝𓏤𓀼𓏪	D1,Q3,G43,D36,Z1,A51,Z3	tp  awy	who are in front of (of place), before (of place)	0.0
𓁶𓊪𓅱𓂝𓏤𓀼𓏪	D1,Q3,G43,D36,Z1,A51,Z3	tp  awy	who had been before (of time), former (of time)	0.0
𓁶𓅱𓂝𓇋𓇋	D1,G43,D36,M17,M17	tp  awy	predecessors, ancestors	0.0
𓁶𓊪𓏏𓂝𓏤	D1,Q3,X1,D36,Z1	tpt  a	former state	0.0
𓁶𓏤𓈐𓏏𓏤	D1,Z1,N31,X1,Z1	tpt  wAt	journey, beginning (of region)	0.0
𓁶𓏤𓌴𓂝𓆀	D1,Z1,U2,J11,D36,H2	tp  mAa	beside, in the neighbourhood of, accompanying, escorting	0.0
𓁶𓏤𓄤	D1,Z1,F35	tp  nfr	a good beginning	0.0
𓁶𓏤𓂋𓏤	D1,Z1,D21,Z1	tpy  r	utterance	0.0
𓁶𓊪𓂋𓏤	D1,Q3,D21,Z1	tpy  r	utterance, (financial) principle, base (of triangle), radius (of circle)	0.0
𓁶𓏭𓂋𓏤	D1,Z4,D21,Z1	tpy  r	(financial) principle	0.0
𓁶𓏏𓂋𓏤	D1,X1,D21,Z1	tpt  r	utterance	0.0
𓁶𓊪𓏏𓂋𓏤	D1,Q3,X1,D21,Z1	tpt  r	utterance	0.0
𓁶𓏤𓇳𓎆	D1,Z1,N5,V20	tp  ra  mD	ten - day ''week''	0.0
𓁶𓏤𓆳𓏏𓏤	D1,Z1,M4,X1,Z1	tp  rnpt	annual	0.0
𓁶𓏤𓇔	D1,Z1,M24	tp  rsy	the South	0.0
𓁶𓏤𓂋𓂧𓂾𓏤𓏛𓏥	D1,Z1,D21,D46,D56,Z1,Y1,Z2	tp  rd	instructions, regulations	0.0
𓁶𓂾𓏏𓀜	D1,D56,X1,A24	tpt  rd	task	0.0
𓁶𓏤𓉗𓏏𓉐	D1,Z1,O6,X1,O1	tpt  Hwt	roof	0.0
𓁶𓏤𓁷𓂋𓀀	D1,Z1,D2,D21,A1	tp  Hry	master	0.0
𓁶𓏤𓎛𓋴𓃀𓏛	D1,Z1,V28,S29,D58,J2,Y1	tp  Hsb	reckoning, correct method, norm, standard (of speech, conduct), rectitude	0.0
𓁶𓏛	D1,J2,Y1	tp  Hsb	reckoning	0.0
𓁶𓏤𓈖𓆊𓏏𓏤	D1,Z1,J1,N35,I3,X1,Z1	tp  xnt	act of tyranny	0.0
𓁶𓏤𓈖𓏏𓏛𓂝𓏤	D1,Z1,N35,S126,J15,X1,Y1,D36,Z1	tp  sSmt  a	specification	0.0
𓁶𓏤𓆄𓅱𓅪	D1,Z1,H6,G43,G37	tp  Sw	destitution	0.0
𓁶𓏤𓇗	D1,Z1,M26	tp  rsy	the South	0.0
𓁶𓏤𓇾𓈇𓀭	D1,Z1,N16,N23,A40	tpy  tA	survivor	0.0
𓁶𓊪𓇿𓀀	D1,Q3,N17,A1	tpy  tA	survivor	0.0
𓁶𓆳𓎱	D1,M4,W3	tp  tA	Beginning-of-the-Season festival	0.0
𓁶𓆵𓏪	D1,M6,Z3	tp  tA	Beginning-of-the-Season festival	0.0
𓁶𓊪𓍿𓂋𓅱𓆳𓇳	D1,Q3,V13,D21,G43,M4,N5	tp  tA	Beginning-of-the-Season festival	0.0
𓁶𓏤𓂧𓍯𓄿𓇋𓇋𓏏𓇼𓇳𓏮	D1,Z1,D46,V4,G1,M17,M17,X1,N14,N5,Z4A	tp  dwAyt	dawn	0.0
𓁶𓏤𓊪𓏏𓏌𓏥	D1,Z1,Q3,X1,W24,Z2	tpt	fine oil	0.0
𓂀	D10C,D10	ptr	see, behold	0.0
𓂂𓄹	D12,F51	mnDt	eyeball ?	0.0
𓅱	D143B,G43	rmw	weeper	0.0
	D154	iaw  r	breakfast	0.0
𓅨	D156,G36	dwA  wr	deified royal beard	0.0
𓂉𓏤	D19,Z1	fnD	nose	0.0
𓂉𓏤𓇋𓇋𓁟	D19,Z1,M17,M17,C3	fnDy	long nosed, Beaky	0.0
𓂉𓏏𓉐	D19,X1,O1	xnrt	prison	0.0
𓂉𓏏𓏤𓉐𓏤	D19,X1,Z1,O1,Z1	xnrt	prison, fortress	0.0
𓂉𓏏𓏭𓈒𓏥	D19,X1,Z4,N33,Z2	sty	Nubian mineral (ochre ?)	0.0
𓁷𓏤𓍯𓄿𓏏𓈐𓎟	D2,Z1,V4,G1,X1,N31,V30	Hr  wAt  nb	on every side	0.0
𓁷	D2,N21A	Hry  wDb	Master of Largess	0.0
𓁷𓏤𓅓𓂝	D2,Z1,G17,D36	Hr  m	why ?	0.0
𓁷𓏤𓈗𓆑	D2,Z1,N35A,I9	Hr  mw  .f	loyal to him	0.0
𓁷𓏤𓎟𓀀𓁐𓏥	D2,Z1,V30,A1,B1,Z2	Hr  nbw	everyone, everybody	0.0
𓁷𓊪	D2,Q3	Hapy	Nile	0.0
𓁷𓏤𓎟𓀀𓁐𓏪	D2,Z1,V30,A1,B1,Z3	Hr  nb	everyone	0.0
𓁷𓏤𓎟𓀀𓏪	D2,Z1,V30,A1,Z3	Hr  nb	everyone	0.0
𓁷𓂋𓏭𓇯	D2,D21,Z4,N1	Hry	who / which is upon, who is higher, upper, having authority over, headman	0.0
𓁷𓇯	D2,N1	Hry	upper	0.0
𓁷𓂋𓏭𓇯𓄋𓏏𓏤	D2,D21,Z4,N1,F13,X1,Z1	Hry  wpt	summit of head	0.0
𓁷𓄣𓏏𓉹	D2,F34,X1,O27	Hrt  ib	central hall (of temple)	0.0
𓁷𓏤𓂝𓏤𓏛𓏥	D2,Z1,D36,Z1,Y1,Z2	Hr  a	arrears, remainder	0.0
𓁷𓂝𓂋𓅪𓏥	D2,D36,D21,G37,Z2	Hr  a	remainder	0.0
𓁷𓂋𓏏𓂝𓏤𓅪𓏥	D2,D21,X1,D36,Z1,G37,Z2	Hrt  a	arrears	0.0
𓁷𓏤𓂝𓏤𓅱𓏭	D2,Z1,D36,Z1,G43,Z4	Hr  awy	immediately	0.0
𓁷𓂋𓅱𓆳𓏏	D2,D21,G43,M4,X1	Hryw  rnpt	epagomenal days	0.0
𓁷𓂋𓇯𓄡𓏏𓆑𓏒	D2,D21,N1,F32,X1,I9,X4	Hry  Xt .f	an offering loaf	0.0
𓁷𓂋𓏤𓃾	D2,D21,J17,Z1,F1	Hry  sA	a breed of cattle	0.0
𓁷𓏤	D2,J18,Z1	Hry  sA	a breed of cattle	0.0
𓁷𓂋𓃒	D2,D21,J17,E1	Hry  sA	a breed of cattle	0.0
𓁷𓂋𓏏𓇯𓈙𓈅𓏤	D2,D21,X1,N1,N37,N21,Z1	Hrt  S	garden	0.0
𓁷𓂋𓇯𓈙𓈇𓆑𓅆	D2,D21,N1,N37,N23,I9,G7	Hry  S .f	Arsaphes	0.0
𓁷𓂋𓈙𓆑𓅆	D2,D21,N37,I9,G7	Hry  S   .f	Arsaphes	0.0
𓁷𓂋𓅱𓈙𓂝𓏭𓈒𓌙𓀀𓏥	D2,D21,G43,N37,D36,Z4,N33,T14,A1,Z2	Hryw  Say	Bedouin	0.0
𓁷𓂋𓅱𓈙𓂝𓏭𓈒𓀺𓏪	D2,D21,G43,N37,D36,Z4,N33,A49,Z3	Hryw  Say	Bedouin	0.0
𓁷𓂋𓅱𓈙𓂝𓏭𓈒𓌙𓀎𓏥	D2,D21,G43,N37,D36,Z4,N33,T14,A12,Z2	Hryw  Say	Bedouin	0.0
𓁷𓂋𓇯𓇾𓈇𓏤𓀀	D2,D21,N1,N16,N23,Z1,A1	Hry  tA	survivor	0.0
𓁷𓂋𓁶𓏭𓏤	D2,D21,D1,Z4,Z1	Hry  tp	who is upon, having authority over, chief, headman, master	0.0
𓁷𓂋𓇯𓁶𓏤	D2,D21,N1,D1,Z1	Hry  tp	master (of a servant)	0.0
𓁷𓂋𓅱𓇯	D2,D21,G43,N1	Hrw	upper part, top	0.0
𓁷𓂋𓏲	D2,D21,Z7	Hrw	upper part, top	0.0
𓁷𓏏𓇯	D2,X1,N1	Hrt	sky, heaven	0.0
𓁷𓂋𓏏𓉯	D2,D21,X1,O20	Hrt	tomb	0.0
𓁷𓏏𓂋𓇯𓈉	D2,X1,D21,N1,N25	Hrt	tomb	0.0
𓁷𓏤𓍢	D2,Z1,V1	Hr	a rope (aboard a ship)	0.0
𓁷𓂋𓏲𓈐𓂋	D2,D21,Z7,J19,N31,D21	Hrw  r	apart from, besides, as well as	0.0
𓁷𓂋𓀜	D2,D21,J19,A24	Hr	terrible, terrify	0.0
𓁷𓂋𓀜	D2,D21,J19,A24	Hr	terrify (someone)	0.0
𓁷𓂋𓇋𓇋𓏏𓂡𓏥	D2,D21,M17,M17,X1,J19,D40,Z2	Hryt	terror, dread, respect	0.0
𓁷𓂋𓇋𓇋𓏏	D2,D21,M17,M17,X1,J19	Hryt	terror, dread, respect	0.0
𓁷𓂋𓇋𓇋𓏏𓅪𓏥	D2,D21,M17,M17,X1,J19,G37,Z2	Hryt	respect	0.0
𓁷𓂋𓇋𓇋𓏏𓂡𓏥𓄣𓏤	D2,D21,M17,M17,X1,J19,D40,Z2,F34,Z1	Hryt  ib	terror	0.0
𓁷𓂋𓂡	D2,D21,J19,D40	Hr	prepare, make ready, be ready	0.0
𓁷𓆑𓏒	D2,I9,X4	Hrf	kind of bread	0.0
𓁷𓂋𓂋𓏏𓆰	D2,D21,D21,X1,M2	Hrrt	flower	0.0
𓁷𓂋𓋴𓏏𓈒𓏥	D2,D21,S29,X1,N33,Z2	Hrst	carnelian ?	0.0
𓁷𓏏𓏏𓂂	D2,X1,X1,D12	Hrtt	lump (of lapis lazuli)	0.0
𓁷𓂋𓏏𓏏	D2,D21,X1,X1	Hrtt	lump (of lapis lazuli)	0.0
𓁷𓂋𓏏𓏭𓂻	D2,D21,X1,Z4,D54	Hrty	travel by land	0.0
𓁷𓂋𓏏𓂻	D2,D21,X1,D54	Hrty	travel by land	0.0
𓁷𓀀	D2,J1,J1,J1,A1	Hr  xw  .i	except me	0.0
𓁷𓏤𓏤	D2,Z1,J17,Z1	Hr  sA	upon, outside, after, in turn	0.0
𓁷𓏤𓊄𓇋𓇋𓇋𓍱𓈙𓋴𓏏	D2,Z1,O35,M17,M17,M17,V6,N37,S29,X1	Hr sy  iSst	why ?	0.0
𓁷𓏤𓋴𓍑𓋴𓏝	D2,Z1,S29,U28,S29,Y2	Hr  sDAs	being in good state	0.0
𓁷𓏤𓋴𓍑𓄿𓋴𓏝𓏥	D2,Z1,S29,U28,G1,S29,Y2,Z2	Hr  sDAs	being in good state	0.0
𓁷𓏤𓂧𓂂𓏛	D2,Z1,J28,D46,D12,Y1	Hr  qd	entirely, altogether, utterly	0.0
𓁷𓏤	D2,J13,Z1	Hr  gs	beside, in the presence of	0.0
𓁷𓂋𓈖𓏏𓍃	D2,D21,N35,X1,U15,O38A	Hr  n  tm	chief of land register ?	0.0
𓁷𓂋𓇯𓊋	D2,D21,N1,O38	Hr  tm	chief of land register ?	0.0
𓂊𓏏𓏭𓀀	D20,X1,Z4,A1	rtHty	baker	0.0
𓂋𓏶𓅓𓏭	D21,Z11,G17,Z4	r   imy	between, in the midst of	0.0
𓂋𓄤𓄂𓏏	D21,F35,F4,X1	iry  nfr  HAt	keeper of the diadem	0.0
𓂋𓇋𓏏𓂋𓆵𓏥𓇳𓆑	D21,M17,X1,D21,M6,Z2,N5,I9	r  itrw  .f	at his (proper) times	0.0
𓂋𓏤𓇋𓂧𓂋𓎩𓏛	D21,Z1,M17,D46,D21,V37,Y1	r  idr	cattle - list	0.0
𓂋𓂞𓅱𓍑𓄿𓄣𓏤	D21,D37,G43,U28,G1,Y1V,F34,Z1	rdi  wDA  ib	inform	0.0
𓂋𓃀𓈖𓂋𓅱𓉐	D21,D58,N35,D21,G43,O1	r  bnrw	outside	0.0
𓂋𓊪𓊖𓎟	D21,Q3,O49,V30	r  py  nbw	spokesman of every Pe-ite	0.0
𓂋𓌵𓏲𓈖	D21,U3,Z7,N35	r   mAw  n	in the sight of	0.0
𓂋𓌵𓄿	D21,U3,G1	r   mAw	in the sight (of)	0.0
𓂋𓌴𓁹𓅱𓏥𓈖	D21,U2,D4,G43,Z2,N35	r - mAw - n	in the sight of	0.0
𓂋𓂝𓌴𓂝𓆀𓂋	D21,D36,U2,J11,D36,H2,D21	rdi  mAa  r	a place to eavesdrop (put the temple to...)	0.0
𓂋𓂝𓌴𓂝𓆀𓂋	D21,D36,U2,J11,D36,H2,D21	rdi  mAa  r	pay attention to	0.0
𓂋𓏇𓏏𓏏𓏛	D21,W19,X1,X1,Y1	r   mitt	likewise	0.0
𓂋𓏠𓈖𓏛𓅓	D21,Y5,N35,Y1,G17	r  mn  m	as far as	0.0
𓂋𓏠𓈖𓏛	D21,Y5,N35,Y1	r  mn	as well as, including	0.0
𓂋𓏝𓀀	D21,Y2,A1	iry  mDAt	letter carrier	0.0
𓂋𓂧𓅱𓈖𓄣𓏤𓈖	D21,J23,D46,G43,N35,F34,Z1,N35	r  mDdw  n  ib  n	according to the will of	0.0
𓂋𓈖𓍇𓏌𓅱𓇳	D21,N35,U19,W24,G43,N5	r  nw	at the proper time	0.0
𓂋𓁶𓏤𓄤	D21,D1,Z1,F35	r  tp  nfr	successfully	0.0
𓂋𓄤𓆑𓂋𓇋𓇋𓏏	D21,F35,I9,D21,M17,M17,X1	r  nfryt	to its end	0.0
𓂋𓏤𓈓	D21,Z1,N33A	r	fractions	0.0
𓂋𓏤𓈗	D21,Z1,N35A	r	water''s edge	0.0
𓂋𓏤𓅬	D21,Z1,G38	r	goose, goose shaped cake, goose shaped incense	0.0
𓂋𓏤𓄣𓏤	D21,Z1,F34,Z1	r  ib	chest	0.0
𓂋𓏤𓂝𓏏𓏭𓄹𓄹	D21,Z1,D36,X1,Z4,F51,F51	r  aty	joints (arm and leg)	0.0
𓂋𓏤𓂝𓏤	D21,Z1,D36,Z1	r  awy	end, limit, beside, near	0.0
𓂋𓏤𓂝𓂝	D21,Z1,D36,D36	r  awy	hands, actions	0.0
𓂋𓏤𓂝𓂝𓏲𓏭	D21,Z1,D36,D36,Z7,Z4	r  awy	hands, actions	0.0
𓂋𓏤𓂝𓂝𓉐	D21,Z1,D36,D36,O1	r  awy	gate	0.0
𓂋𓏤𓂝𓏤𓉐	D21,Z1,D36,Z1,O1	r  awy	gate	0.0
𓂋𓏤𓂝𓏭𓅱	D21,Z1,D36,Z4,G43	r  awy	gate	0.0
𓂋𓏤𓂝𓏤𓆱𓏏𓏤𓀜	D21,Z1,D36,Z1,M3,X1,Z1,A24	r  a  xt	combat	0.0
𓂋𓏤𓉿	D21,Z1,O31	r  aA	entry (into land)	0.0
𓂋𓏤𓍯𓄿𓏏𓈐	D21,Z1,V4,G1,X1,N31	r  wAt	path, way	0.0
𓂋𓏤𓊪𓅱	D21,Z1,Q3,G43	r  pw	or	0.0
𓂋𓊪𓅱	D21,Q3,G43	r  pw	or	0.0
𓂋𓏤𓉐𓏤	D21,Z1,O1,Z1	r  pr	temple, chapel	0.0
𓂋𓏤𓉐𓊖	D21,Z1,O1,O49	r  pr	temple, chapel	0.0
𓂋𓏤𓌔𓏏𓏤𓌙𓀀𓏥	D21,Z1,T10,X1,Z1,T14,A1,Z2	r  pDtyw	foreigners	0.0
𓂋𓏤𓌒𓌙𓀀𓏥	D21,Z1,T9,T14,A1,Z2	pDtyw	foreigners	0.0
𓂋𓏤𓌒𓏏𓌙𓏱𓏥	D21,Z1,T9,X1,T14,Z6,Z2	pDtyw	foreigners	0.0
𓂋𓏤𓄂𓏏𓏤𓈗	D21,Z1,F4,X1,Z1,N35A	r  HAt	river mouth	0.0
𓂋𓄂𓏏𓏤𓈘	D21,F4,X1,Z1,N36	r  HAt	river mouth	0.0
𓂋𓏤𓄂𓏏𓏥𓈗𓈘	D21,Z1,F4,X1,Z2,N35A,N36	r  HAt	river mouth	0.0
𓂋𓏤𓁷𓂋𓏭𓇯	D21,Z1,D2,D21,Z4,N1	r  Hry	master, chief	0.0
𓂋𓏤𓇯	D21,Z1,N1	r  Hry	master, chief	0.0
𓂋𓏤𓁷𓇯	D21,Z1,D2,N1	r  Hry	master, chief	0.0
𓂋𓏤𓆱𓏏𓏤	D21,Z1,M3,X1,Z1	r  xt	weapons	0.0
𓂋𓏤𓋴𓏭𓈐	D21,Z1,S29,Z4,N31	rssy	quite, entirely, at all	0.0
𓂋𓏤𓊃𓈙𓏭𓂻𓈇𓏤	D21,Z1,O34,N37,Z4,D54,N23,Z1	r  sSy	ford ?	0.0
𓂋𓏤𓋴𓏏𓍔𓄿𓍬𓂻	D21,Z1,S29,X1,U30,G1,V2,D54	r  stA	ramp	0.0
𓂋𓏤𓍬𓍬𓍬𓈉	D21,Z1,V2,V2,V2,N25	r  stAw	necropolis	0.0
𓂋𓏤𓈖𓈞𓏏𓏤	D21,Z1,N35,N41,X1,Z1	r  n  idt	uterus	0.0
𓂋𓏤𓍑𓄿𓅱𓀜𓏥	D21,Z1,U28,G1,G43,A24,Z2	r  DAw	mellay	0.0
𓂋𓏤𓍑𓅱𓀜	D21,Z1,U28,G43,A24	r  DAw	mellay	0.0
𓂋𓍑𓅱𓂡𓏥	D21,U28,G43,D40,Z2	r  DAw	mellay	0.0
𓂋𓏤𓍑𓇋𓇋𓅱𓂡𓏥	D21,Z1,U28,M17,M17,G43,D40,Z2	r  DAw	mellay	0.0
𓂋𓂝	D21,D36,G7C	ra	Re	0.0
𓂋𓂝𓏏𓇳𓁐	D21,D36,X1,N5,B1	rat	sun goddess (of queen)	0.0
𓂋𓅱𓏏𓊀	D21,G43,X1,O32	rwt	gate	0.0
𓂋𓏏𓏮𓉐	D21,X1,Z4A,O1	rwty	two gates	0.0
𓂋𓏲𓏏𓏭𓇯	D21,Z7,X1,Z4,N1	rwty	two gates	0.0
𓂋𓅱𓏏𓏭	D21,G43,X1,Z4,O32D,O32D	rwty	two gates	0.0
𓂋𓅱𓏏𓏭𓇯	D21,G43,X1,Z4,N1	rwty	outside	0.0
𓂋𓅱𓏏	D21,G43,X1,O32D	rwty	outside	0.0
𓂋𓅱𓏏𓏭𓉐	D21,G43,X1,Z4,O1	rwty	outside	0.0
𓂋𓅱𓏏𓇯𓀀	D21,G43,X1,N1,A1	rwty	outsider, stranger	0.0
𓂋𓏲𓏏𓏭𓇯	D21,Z7,X1,Z4,N1	rwty	outsider, stranger	0.0
𓂋𓅱𓏏𓇯	D21,G43,X1,N1	rwt	(see under  wDa-rwt)	0.0
𓂋𓍯𓄿𓈐	D21,V4,G1,N31	rwA	consider (doing something)	0.0
𓂋𓍯	D21,V4	rwA	consider (doing something)	0.0
𓂋𓅱𓀤	D21,G43,A32	rwi	dance, palpitate (of heart), clap (hands)	0.0
𓂋𓏲𓏲𓂻	D21,Z7,Z7,D54	rwi	palpitate (of heart)	0.0
𓂋𓇋𓅱	D21,M17,G43,D92	rwi	clap (hands)	0.0
𓂋𓅱𓏏𓂝	D21,G43,X1,D36	rwt	dance	0.0
𓂋𓅱𓏏𓀠	D21,G43,X1,A28	rwt	dance, palpitate	0.0
𓂋𓏏𓅱	D21,X1,G43,D92	rwt	dance	0.0
𓂋𓅱𓂻	D21,G43,D54	rwi	advance (against)	0.0
𓂋𓅱𓇋𓂾𓂻	D21,G43,M17,D56,D54	rwi	serve (someone)	0.0
𓂋𓅱𓅱𓂻	D21,G43,G43,D54	rwi	leave (a place)	0.0
𓂋𓅱𓇋𓏏𓂻	D21,G43,M17,X1,D54	rwit	interruption	0.0
𓂋𓅱𓅱𓏏𓂻𓏥	D21,G43,G43,X1,D54,Z2	rwwt	departure	0.0
𓂋𓅱𓇋𓇭	D21,G43,M17,M43	rwi	vineyard ?	0.0
𓂋𓅱𓂧𓅱𓊍𓈓	D21,G43,D46,G43,O40,N33A	rwdw	stairway, tomb - shaft	0.0
𓂋𓅱𓂧𓊍	D21,G43,D46,O40	rwdw	stairway	0.0
𓂋𓅱𓂧𓈅𓈅𓈅	D21,G43,D46,N21,N21,N21	rwdw	stairway	0.0
𓂋𓅱𓂧𓌗𓉐	D21,G43,D46,T12,O1	rwdw	tomb - shaft	0.0
𓂋𓎗𓅱𓌗	D21,V24,G43,T12	rwD	cord, bow-string	0.0
𓂋𓅱𓂧𓌗	D21,G43,D46,T12	rwD	bow - string	0.0
𓂋𓅱𓂧𓌗𓍢𓏥	D21,G43,D46,T12,V1,Z2	rwDw	sinews	0.0
𓂋𓎗𓆓𓌗	D21,V24,I10,T12	rwD	hard, firm, strong, enduring, permanent, effective, persistent	0.0
𓂋𓎗𓆓𓌗	D21,V24,I10,T12	rwD	prosperous, prosper, successful, succeed, prevail (over)	0.0
𓂋𓅱𓂧𓌗	D21,G43,D46,T12	rwD	hard	0.0
𓂋𓂧𓌗𓇟𓏛	D21,D46,T12,M32,Y1	rwD	prosperous, prosper	0.0
𓂋𓅱𓂧𓏛	D21,G43,D46,Y1	rwD	prosperous, prosper	0.0
𓂋𓅱𓂧𓆏𓏛	D21,G43,D46,I7,Y1	rwD	successful, succeed	0.0
𓂋𓎗𓌗	D21,V24,T12	rwD	prevail (over)	0.0
𓂋𓅱𓂧𓌗𓂡	D21,G43,D46,T12,D40	rwd	strength, firmness	0.0
𓂋𓂧𓌗𓏛𓏥	D21,D46,T12,Y1,Z2	rwd	strength, firmness	0.0
𓂋𓅱𓂧𓏏𓌗𓏛	D21,G43,D46,X1,T12,Y1	rwdt	success	0.0
𓂋𓂧𓏏𓌗𓏛𓏥	D21,D46,X1,T12,Y1,Z2	rwdt	success	0.0
𓂋𓅱𓂧𓏏𓊌	D21,G43,D46,X1,O39	rwdt	hard stone, sandstone	0.0
𓂋𓂧𓅱𓌗	D21,D46,G43,T12	rwDw	agent	0.0
𓂋𓊪𓅱	D21,Q3,G43,J2	rpw	rot	0.0
𓂋𓊪𓄛	D21,Q3,F27	rpw	rot	0.0
𓂋𓊪𓇋𓇋𓏏𓁐	D21,Q3,M17,M17,X1,B1	rpyt	female statue	0.0
𓂋𓊪𓇋𓇋𓏏𓁐	D21,Q3,M17,M17,X1,B1	rpyt	female counterpart (of diety), presiding goddess (of city)	0.0
𓂋𓊪𓅱𓏏	D21,Q3,G43,X1	rpyt	presiding goddess (of city)	0.0
𓂋𓊪𓏏	D21,Q3,X1,B73	rpyt	presiding goddess (of city)	0.0
𓂋𓊪𓅱𓏏	D21,Q3,G43,X1,O286	rpyt	presiding goddess (of city)	0.0
𓂋𓊪𓂝𓏏𓆇	D21,Q3,D36,X1,H8	rpat	noble, heir	0.0
𓂋𓊪𓂝𓏏𓏏	D21,Q3,D36,X1,X1	rpat	noble, heir	0.0
𓂋𓏏𓊪𓏏𓂝	D21,X1,Q3,X1,D36	rpat	noble, heir	0.0
𓂋𓏏𓏏𓊪𓂝𓏏	D21,X1,X1,Q3,D36,X1	rpat	noble, heir	0.0
𓂋𓅓𓆛	D21,G17,K1	rm	fish	0.0
𓂋𓂋𓅓𓆛𓏤	D21,D21,G17,K1,Z1	rm	fish	0.0
𓂋𓅓𓁹	D21,G17,D4	rmi	weep, beweep	0.0
𓂋𓅓𓁿	D21,G17,D9	rmw	weep	0.0
𓂋𓅓𓅱𓁿	D21,G17,G43,D9	rmw	weeping	0.0
𓂋𓅓𓅱𓏏𓁹𓏥	D21,G17,G43,X1,D4,Z2	rmwt	tears	0.0
𓂋𓅓𓇋𓇋𓏏	D21,G17,M17,M17,X1,D9A	rmwt	tears	0.0
𓂋𓅓𓅱𓁿	D21,G17,G43,D9	rmw	weeper	0.0
𓂋𓈖𓂢	D21,N35,D41	rmn	shoulder, arm, uprights (of ladder), side	0.0
𓂋𓈖	D21,D210,N35	rmn	shoulder, arm, uprights (of ladder), side	0.0
𓂋𓏠𓈖𓂢𓈇	D21,Y5,N35,D41,N23	rmn	side, half (of sheet of water)	0.0
𓂋𓏠𓈖𓂢𓁐𓏥	D21,Y5,N35,D41,B1,Z2	rmn	side, gang (of rowers)	0.0
𓂋𓏠𓂣	D21,Y5,D42	(iry)  rmn  (dmD)	(total of) each	0.0
𓂋𓈖𓂢	D21,N35,D41	rmni	shoulder, carry, support, match, equal	0.0
𓂋𓈖𓂢	D21,N35,D41	rmni	bearer, supporter	0.0
𓂋𓏠𓈖𓏌𓅱𓏏𓂢𓏥	D21,Y5,N35,W24,G43,X1,D41,Z2	rmnwtyw	companions	0.0
𓂋𓏤𓏠𓈖𓈖𓈉	D21,Z1,Y5,N35,N35,N25	rmnn	Lebanon	0.0
𓂋𓅓𓂋𓅓𓏴𓂡	D21,G17,D21,G17,Z9,D40	rmrm	chastise	0.0
𓂋𓅓𓍿𓈓	D21,G17,V13,N33A	rmT	man, men, mankind, Egyptians	0.0
𓂋𓍿𓀀𓁐	D21,J15,V13,A1,B1	rmT	man, men, mankind, Egyptians	0.0
𓂋𓏏𓀀𓁐𓏥	D21,X1,A1,B1,Z2	rmT	man, men, mankind, Egyptians	0.0
𓂋𓍃𓀀𓏥	D21,U15,A1,Z2	rmT	man, men, mankind, Egyptians	0.0
𓂋𓍿𓏏𓀀𓏥	D21,V13,X1,A1,Z2	rmT	man, men, mankind, Egyptians	0.0
𓂋𓍿𓏏𓀀𓏥	D21,V13,X1,A1,Z2	rmTt	men, mankind	0.0
𓂋𓍃𓏏𓀀𓏥	D21,U15,X1,A1,Z2	rmTt	men, mankind	0.0
𓂋𓍿𓏏𓀀𓁐𓏥	D21,V13,X1,A1,B1,Z2	rmTt	men, mankind	0.0
𓂋𓍿𓏏𓀀𓏦	D21,V13,X1,A1,Z2A	rmTt	men, mankind	0.0
𓂋𓍿𓀀𓁐𓏥	D21,V13,A1,B1,Z2	rmTt	men, mankind	0.0
𓂋𓈖𓍷	D21,N35,V10	rn	name (of king)	0.0
𓂋𓈖𓇋𓇋𓃔	D21,N35,M17,M17,E3	rny	calf	0.0
𓂋𓈖𓇋𓇋𓃒	D21,N35,M17,M17,E1	rn	calf	0.0
𓂋𓈖𓊪𓇋𓇋𓆳𓀔	D21,N35,Q3,M17,M17,M4,A17	rnpy	young, fresh (of water)	0.0
𓂋𓈖𓊪𓆰	D21,N35,Q3,M7A,M2	rnpy	young, fresh (of water)	0.0
𓂋𓈖𓊪𓀔	D21,N35,Q3,M5B,A17	rnpy	young, fresh (of water)	0.0
𓂋𓈖𓊪𓏭𓆵𓀔	D21,N35,Q3,Z4,M6,A17	rnpy	young, fresh (of water)	0.0
𓂋𓈖𓊪𓅱𓏝	D21,N35,Q3,G43,M7A,Y2	rnpy	young, fresh (of water)	0.0
𓂋𓈖𓊪𓅱𓆴𓀔	D21,N35,Q3,G43,M5,A17	rnpw	youthful vigour	0.0
𓂋𓈖𓊪𓆳𓀔𓀀	D21,N35,Q3,M4,A17,A1	rnp	young man	0.0
𓂋𓈖𓊪	D21,N35,Q3,M4B,E6A	rnp	colt	0.0
𓂋𓊪𓏏	D21,Q3,X1,M7A	rnpwt	herbs, vegetables	0.0
𓂋𓈖𓊪𓇋𓇋𓏏	D21,N35,Q3,M17,M17,X1	rnpwt	herbs, vegetables	0.0
𓂋𓈖𓊪𓏏𓆰𓏥	D21,N35,Q3,X1,M2,Z2,M7A	rnpwt	herbs, vegetables	0.0
𓂋𓈖𓈖𓀁	D21,N35,N35,A2	rnn	rejoice (over), extol	0.0
𓂋𓈖𓈖𓅱𓏏𓀁𓏪	D21,N35,N35,G43,X1,A2,Z3	rnnwt	joy, exultation	0.0
𓂋𓈖𓇑𓇑	D21,N35,M22,M22	rnn	caress	0.0
𓂋𓈖𓈖𓁖	D21,N35,N35,B6	rnn	bring up, nurse	0.0
𓂋𓈖𓈖𓀁	D21,N35,N35,A2	rnn	bring up, nurse	0.0
𓂋𓈖𓈖𓀖	D21,N35,N35,A18	rnn	bring up, nurse	0.0
𓂋𓈖𓈖𓏏	D21,N35,N35,X1,B5D	rnnt	(wet)-nurse	0.0
𓂋𓈖𓈖𓏏𓆗	D21,N35,N35,X1,I12	rnnt	the nurse-goddess	0.0
𓂋𓈖𓏌𓏏𓏏𓆘	D21,N35,W24,X1,X1,I13	rnnwtt	Renenutet (the Harvest-goddess)	0.0
𓂋𓏌𓅱𓏏𓏏	D21,W24,G43,X1,X1	rnn	Renenutet (the Harvest-goddess)	0.0
𓂋𓈖𓏲𓏏𓏏𓆗	D21,N35,Z7,X1,X1,I12	rnn	Renenutet (the Harvest-goddess)	0.0
𓂋𓈖𓏲𓏏𓏏𓆗	D21,N35,Z7,X1,X1,I12	rnnwtt	name of the ninth month	0.0
𓂋𓇋𓆵𓇳	D21,M17,M6,N5	rr	time	0.0
𓂋𓂋𓇋𓃟	D21,D21,M17,E12	rri	boar	0.0
𓂋𓂋𓅱𓏏𓃟	D21,D21,G43,X1,E12	rrwt	sow	0.0
𓂋𓂋𓏏𓄜𓏪	D21,D21,X1,F28,Z3	rrt	swine (animal)	0.0
𓂋𓂋𓇋𓏏	D21,D21,M17,X1	rrit	piggishness ?	0.0
𓂋𓂋𓅓𓏏𓈒𓏥	D21,D21,G17,X1,N33,Z2	rrmt	mandrake ?	0.0
𓂋𓉔𓈖𓀙	D21,O4,N35,A21	rhn	lean (on), rely on, trust in	0.0
𓂋𓉔𓈖𓂢	D21,O4,N35,D41	rhn	rely on, trust in	0.0
𓂋𓉔𓈖𓂢𓂡	D21,O4,N35,D41,D40	rhn	lean (on), rely on, trust in	0.0
𓂋𓉔𓈖𓂼	D21,O4,N35,D54A	rhn	wade	0.0
𓂋𓉔𓈖𓂢𓂻	D21,O4,N35,D41,D54	rhn	wade	0.0
𓂋𓉔𓈖𓂢𓂡	D21,O4,N35,D41,D40	rhn	wade	0.0
𓂋𓎛𓅱𓀀𓏥	D21,V28,G43,A1,Z2	rHw	comrades, mates	0.0
𓂋𓎛𓅱𓀭𓀭	D21,V28,G43,A40,A40	rHwy	the Two Companions, the Two Combatants (Horus and Seth)	0.0
𓂋𓎛𓏏𓏭𓁐𓁐	D21,V28,X1,Z4,B1,B1	rHty	the Two Female Companions (Isis and Nephthys)	0.0
𓂋𓏛	D21,J1,Y1	rx	know, be aware of,  Inquire !, learn	0.0
𓂋𓅓	D21,J1,Y1V,G17	rx  m	know of	0.0
𓂋𓂝𓂋	D21,D36,D21,J1,Y1V	rdi  rx	inform	0.0
𓂋𓏏𓏛	D21,J1,J1,X1,Y1	rx  xt	wisdom	0.0
𓂋𓏛𓏏𓏛𓏥𓀀	D21,J1,Y1,J1,X1,Y1,Z2,A1	rx  xt	wise, learned man	0.0
𓂋𓏛	D21,J1,Y1	rx	knowledge, opinion	0.0
𓂋𓏛𓀀	D21,J1,Y1,A1	rx	wise man	0.0
𓂋𓏏𓏛	D21,J1,X1,Y1	rxt	knowledge, amount, number	0.0
𓂋𓍘	D21,J1,U33	rxt	knowledge	0.0
𓂋𓂺	D21,J1,D53	rx	copulate, to ''know'' a woman	0.0
𓂋𓂺𓏛	D21,J1,D53,Y1	rxt	''know'' a woman	0.0
𓂋𓇓𓏏𓈖𓀭	D21,J1,M23,X1,N35,A40	rx  nsw	king''s aquaintance	0.0
𓂋𓇋𓇋𓏏𓅛𓀀𓁐𓏥	D21,J1,M17,M17,X1,G24,A1,B1,Z2	rxyt	subjects, commonfolk, mankind	0.0
𓂋𓇋𓇋𓏏𓏥	D21,J1,M17,M17,X1,Z2	rxyt	subjects, common folk, mankind	0.0
𓂋𓏏𓅚𓀀𓁐𓏥	D21,J1,X1,G23,A1,B1,Z2	rxyt	subjects, common folk, mankind	0.0
𓂋𓅱𓏏𓅚𓀀𓏪	D21,J1,G43,X1,G23,A1,Z3	rxyt	subjects, common folk, mankind	0.0
𓂋𓏭𓏛	D21,J1,J1,Z4,Y1	rxxy	celebrated	0.0
𓂋𓋴𓂝	D21,J1,S29,T30A,D36	rxs	slaughter	0.0
𓂋𓊃	D21,J1,O34,T30A	rxs	slaughter	0.0
𓂋𓏏𓂝	D21,J1,X1,D36	rxt	wash (clothes)	0.0
𓂋𓋴𓌘𓁹	D21,S29,T13,D4	rs	wake, be watchful, vigilant	0.0
𓂋𓊃𓌘𓁼	D21,O34,T13,D7	rs	wake	0.0
𓂋𓋴𓌘𓁻	D21,S29,T13,D6	rs	be watchful, vigilant	0.0
𓂋𓋴𓌙𓄛𓅱	D21,S29,T14,F27,G43	rsw	vigilance	0.0
𓂋𓊃𓌘𓏲𓏏𓁹𓏥	D21,O34,T13,Z7,X1,D4,Z2	rswt	awakening, dream	0.0
𓂋𓋴𓅱𓏏𓌘𓁹	D21,S29,G43,X1,T13,D4	rswt	dream	0.0
𓂋𓋴𓌙𓏏𓀏𓏪	D21,S29,T14,X1,A13,Z3	rst	sacrificial victims ?	0.0
𓂋𓊃𓆑𓅯𓏥	D21,O34,I9,G41,Z2	rsf	catch (of fowl, fish), affluence	0.0
𓂋𓏤𓊃𓆑𓅭𓆛𓏥	D21,Z1,O34,I9,G39,K1,Z2	rsf	catch (fowl, fish)	0.0
𓂋𓋴𓋴𓏭𓈐	D21,S29,S29,Z4,N31	rssy	quite, entirely, at all	0.0
𓂋𓊃𓈐	D21,O34,N31	rssy	quite, entirely, at all	0.0
𓂋𓏤𓋴𓏭𓈐	D21,Z1,S29,Z4,N31	rssy	quite, entirely, at all	0.0
𓂋𓈙𓂉𓀁	D21,N37,D19,A2	rS	joyful	0.0
𓂋𓈙𓅱𓏏𓂉𓏛𓏥	D21,N37,G43,X1,D19,Y1,Z2	rSwt	joy	0.0
𓂋𓈙𓂉𓊗𓏮	D21,N37,D19,O50,Z4A	rSrS	rejoice	0.0
𓂋𓈙𓂋𓈙𓏏𓏯𓂉𓏥	D21,N37,D21,N37,X1,Z5,D19,Z2	rSrSt	joy	0.0
𓂋𓈎𓇋𓇋𓏲𓂢	D21,N29,M17,M17,Z7,D41	rqy	fierce ?	0.0
𓂋𓈎𓅱𓂢𓂻	D21,N29,G43,D41,D54	rqw	tilting (of balance), enmity	0.0
𓂋𓈎𓂢𓂻	D21,N29,D41,D54	rqw	tilting (of balance)	0.0
𓂋𓈎𓅱𓂢	D21,N29,G43,D41,A13A	rqw	opponent	0.0
𓂋𓈎𓏥	D21,N29,Z2	rqw	opponent	0.0
𓂋𓈎𓇋𓇋𓏥	D21,N29,M17,M17,A15A,Z2	rqw	opponent	0.0
𓂋𓈎𓇋𓇋𓂢𓂻𓀐	D21,N29,M17,M17,D41,D54,A14	rqw	opponent	0.0
𓂋𓈎𓅱𓀀	D21,N29,G43,A1	rqw	opponent	0.0
𓂋𓈎𓂝	D21,N29,D36,A13G	rqw	opponent	0.0
𓂋𓈎𓂢𓅪𓄣𓏤	D21,N29,D41,G37,F34,Z1	rq  ib	disaffected man	0.0
𓂋𓈎𓏏𓂷𓄣𓏤	D21,N29,X1,D51,F34,Z1	rqt  ib	ill will	0.0
𓂋𓎡𓇳	D21,V31,N5	rk	time (of king)	0.0
𓂋𓎡𓇳𓈇	D21,V31,N5,N23	rk	time (of king, of ancients)	0.0
𓂋𓎡𓂋𓎡𓂻	D21,V31,D21,V31,D54	rkrk	creep	0.0
𓂋𓎡𓂋𓎡𓆙	D21,V31,D21,V31,I14	rkrk	snake	0.0
𓂋𓎡𓂋𓎡𓆰𓏪	D21,V31,D21,V31,M2,Z3	rkrk	a creeping plant	0.0
𓂋𓎡𓎛𓊮	D21,V31,V28,Q7	rkH	light (fire)	0.0
𓂋𓎡𓎛𓊮𓏒	D21,V31,V28,Q7,X4	rkH	(festival of ) Burning	0.0
𓂋𓎡𓎛𓏏𓊮	D21,V31,V28,X1,Q7	rkHt	heat	0.0
𓂋𓎡𓎛𓅱𓊮𓏪	D21,V31,V28,G43,Q7,Z3	rkHw	flames	0.0
𓂋𓏏𓏏𓀐	D21,X1,X1,A14	rtt	conspiracy ?	0.0
𓂋𓏏𓎛𓏏𓏭𓍕𓀀	D21,X1,V28,X1,Z4,U31,A1	rtHty	baker	0.0
𓂋𓏏𓎛𓍕	D21,X1,V28,U31	rtH	confine, restrain	0.0
𓂋𓏏𓎛𓍕	D21,X1,V28,U31	rtH	blockhouse	0.0
𓂋𓍿𓈖𓏌𓅱𓈉	D21,V13,N35,W24,G43,N25	rTnw	Retenu (Syria)	0.0
𓂋𓏏𓈖𓏌𓈉	D21,X1,N35,W24,N25	rTnw	Retenu (Syria)	0.0
𓂋𓂧𓅱𓂾𓂾𓂾𓊍	D21,D46,G43,D56,D56,D56,O40	rdw	stairway, steps (of throne), tomb-shaft	0.0
𓂋𓂧	D21,D46,O32D	rdw	stairway	0.0
𓂋𓂧𓌗	D21,D46,T12,O40A	rdw	stairway	0.0
𓂋𓂧𓂾𓂾𓂾	D21,D46,D56,D56,D56	rdw	steps (of throne)	0.0
𓂋𓂧	D21,D46,O40A	rdw	tomb-shaft	0.0
𓂋𓂧𓉐𓏤	D21,D46,O1,Z1	rdw	tomb-shaft	0.0
𓂋𓂧𓇟𓏤	D21,D46,M32,Z1	rd	shoot (of tree)	0.0
𓂋𓂧𓇟	D21,D46,M32	rd	grow	0.0
𓂋𓂞𓅓𓄣𓏤	D21,D37,G17,F34,Z1	rdi  m  ib	determine, place in one''s heart, prompt	0.0
𓂋𓂞𓁷𓏤𓂝𓏤	D21,D37,D2,Z1,D36,Z1	rdi  Hr  a	put in the charge of	0.0
𓂋𓂞𓅓𓁷𓏤	D21,D37,G17,D2,Z1	rdi  m  Hr	command, appoint, call the attention, call one''s attention to	0.0
𓂋𓂞𓁷𓏤𓏤	D21,D37,D2,Z1,J13,Z1	rdi  Hr  gs	be partial, be biased, fell (an enemy)	0.0
𓂋𓂞𓅓𓇾𓈇𓏤	D21,D37,G17,N16,N23,Z1	rdi  m  tA	bury	0.0
𓂋𓂞𓂋𓇾𓈇𓏤	D21,D37,D21,N16,N23,Z1	rdi  r  tA	land (from ship), give birth, neglect, leave alone, set aside	0.0
𓂋𓂞𓁷𓏤𓇾𓈇𓏤	D21,D37,D2,Z1,N16,N23,Z1	rdi  Hr  tA	cast ashore (rope), cast forth, expel	0.0
𓂋𓂞𓄣𓏤𓅓𓏤	D21,D37,F34,Z1,G17,J17,Z1	rdi  ib  m  sA	be anxious about	0.0
𓂋𓂞𓁷𓏤	D21,D37,D2,Z1	rdi  Hr	give in addition to	0.0
𓂋𓂞𓂝𓏤𓈖	D21,D37,D36,Z1,N35	rdi  awy  n	give a hand to, help	0.0
𓂋𓂞𓄖𓏭𓏲𓄻	D21,D37,F22,Z4,Z7,F51B	rdi  pHwy	put an end to	0.0
𓂋𓂞𓂋𓏤	D21,D37,D21,Z1	rdi  r	speak	0.0
𓂋𓂞𓁷𓏤𓈖	D21,D37,D2,Z1,N35	rdi  Hr  n	give commands to	0.0
𓂋𓂞𓏤𓈖	D21,D37,J17,Z1,N35	rdi  sA  n	turn the back to	0.0
𓂋𓂞𓏤𓂋	D21,D37,J17,Z1,D21	rdi  sA  r	put a stop to, annul	0.0
𓂋𓂞𓊃𓈙𓂻	D21,D37,O34,N37,D54	rdi  sS	draw (a weapon)	0.0
𓂋𓂧𓅓𓏏𓆰𓏥	D21,D46,G17,X1,M2,Z2	rdmt	a type of plant	0.0
𓂋𓍑𓅱𓂡𓏥	D21,U28,G43,D40,Z2	r  DAw	mellay	0.0
𓂋𓈋𓅱𓏥	D21,N26,G43,J2,Z2	rDw	efflux (of body)	0.0
𓂋𓈋𓅱𓂐𓏥	D21,N26,G43,D26,Z2	rDw	efflux (of body)	0.0
𓂋𓉔𓅱𓏥	D21,O4,G43,Z2	r  hAw	near	0.0
𓂋𓉔𓂋𓏏𓏛	D21,O4,D21,X1,Y1	r  hrt	satisfactorily	0.0
𓂋𓇉𓄿𓁶	D21,M16,G1,D1	r  HA	behind	0.0
𓂋𓏤𓄂𓏏𓏤𓈘	D21,Z1,F4,X1,Z1,N36	r  HAt	river mouth	0.0
𓂋𓁷𓂋𓅱𓇯	D21,D2,D21,G43,N1	r  Hrw	up above	0.0
𓂋𓂞𓊵𓏏𓊪𓅱𓏛𓏥𓈖	D21,D37,R4,X1,Q3,G43,Y1,Z2,N35	rdi  Htpw  n	make submission to	0.0
𓂋𓆑𓏏𓁷𓏤	D21,J1,I9,X1,D2,Z1	r  xft  Hr	in front of, in the presence of	0.0
𓂋𓏅𓈖𓏏𓅱𓈇𓏤	D21,W18,N35,X1,G43,N23,Z1	r  xntw	out	0.0
𓂋𓆱𓏏𓏤	D21,M3,X1,Z1	r  xt	under the authority of	0.0
𓂋𓆱𓏏𓂻	D21,M3,J1,X1,D54	r  xt	under the authority of	0.0
𓂋𓄚𓈖𓏌𓅱𓉐	D21,F26,N35,W24,G43,O1	r  Xnw	within, into	0.0
𓂋𓌨𓂋𓅱𓈇𓏤	D21,T28,D21,G43,N23,Z1	r  Xrw	below	0.0
𓂋𓏤	D21,J17,Z1	r  sA	after	0.0
𓂋𓌕𓈖𓏏𓏛𓏥	D21,T11,N35,X1,Y1,Z2	r  swnt	as the price of, in exchange for	0.0
𓂋𓆷𓄿𓂝𓏛𓂋	D21,M8,G1,D36,Y1,D21	r  SAa  r	down to	0.0
𓂋𓏤𓅭𓄞𓂧	D21,Z1,G39,F30,D46,J3	r  Sdi	fattened goose	0.0
𓂋𓏤	D21,J13,Z1	r  gs	beside, in the presence of	0.0
𓂋𓂞𓁷𓏤	D21,D37,D2,J13,Z1	rdi  Hr  gs	put (oneself) on (one''s) side,  lay low (an enemy)	0.0
𓂋𓂞𓁷𓏤	D21,D37,D2,J13,Z1	rdi  Hr  gs	incline to one side (of balance), show partiality (of judge)	0.0
𓂋𓁶𓏤𓈖	D21,D1,Z1,N35	r  tp  n	into the presence of	0.0
𓂋𓁶𓏤𓂝𓏤𓈖	D21,D1,Z1,D36,Z1,N35	r  tp  a  n	into the presence of	0.0
𓂋𓁶𓏤𓄤	D21,D1,Z1,F35	r  tp  nfr	successfully	0.0
𓂋𓍿𓈖𓌙𓅯	D21,V13,N35,T14,G41	r  Tn	whither ?	0.0
𓂋𓍒𓏏𓏴	D21,U29,X1,Z9	r  DAwt	in return for	0.0
𓂋𓍑𓏏𓏴	D21,U28,X1,Z9	r  DAwt	in return for, because of	0.0
𓂋𓍑𓄿𓅱𓏏𓏴𓏛	D21,U28,G1,G43,X1,Z9,Y1	r  DAwt	in return for, because of	0.0
𓂋𓍑𓏏𓅱	D21,U28,X1,G43	r  DAwt	in return for, because of	0.0
𓂋𓍑𓄿𓅱𓏏𓏛𓏥	D21,U28,G1,G43,X1,J2,Y1,Z2	r  DAwt	in return for, because of	0.0
𓂋𓌥𓃀𓄿𓏲𓏛𓏥	D21,T25,D58,G1,Z7,Y1,Z2	r  DbAw	instead of	0.0
𓈖	D210,N35	rmni	shoulder, carry, support, match, equal	0.0
𓈖	D210,N35	rmni	bearer, supporter	0.0
𓂍	D23	xmt  rw	three quarters	0.0
𓂏𓏏𓏰𓏰	D25,X1,Z5A,Z5A	spty	lip (of mouth, vagina, wound, jar),	0.0
𓂡	D272,D40	xfa	grasp, make captures (in war)	0.0
𓂒𓏏	D27A,X1	mnat	nurse	0.0
𓂓𓅆	D28,G7	kA	soul, spirit, essence (of a being), personality, fortune, will (of king), kingship, goodwill, phantom	0.0
𓂓𓄿𓀁	D28,G1,A2	kA	soul, spirit, essence (of a being), personality, fortune, will (of king), kingship, goodwill, phantom	0.0
𓂓𓁷𓏤𓂓𓎱𓇳	D28,D2,Z1,D28,W3,N5	kA  Hr  kA	fifth month, festival of Khoiakh	0.0
𓂓𓂓𓏥𓎱𓇳	D28,D28,Z2,W3,N5	kA  Hr  kA	fifth month, Festival of Khoiakh	0.0
𓂓𓏤𓏳𓏥	D28,Z1,Z8,Z2	kAw	food	0.0
𓂓𓄿𓏲𓏳𓏥	D28,G1,Z7,Z8,Z2	kAw	food	0.0
𓂓𓂸𓃒	D28,D52,E1	kA	bull	0.0
𓂓𓃒	D28,E1	kA	bull	0.0
𓂓𓏏𓄹	D28,X1,F51	kAt	vagina	0.0
𓂓𓄿𓏏𓄹	D28,G1,X1,F51	kAt	vagina	0.0
𓂓𓏏𓀋𓏛	D28,X1,A9,Y1	kAt	work, construction, craft, profession	0.0
𓂓𓄿𓏏𓀋𓏛𓏥	D28,G1,X1,A9,Y1,Z2	kAt	work, construction, craft, profession	0.0
𓂓𓏏𓀋𓆄𓏲𓏏𓈒𓏥	D28,X1,A9,H6,Z7,X1,N33,Z2	kAt  Swt	a lichen	0.0
𓂓𓂸𓏲𓈒𓏥	D28,D52,Z7,N33,Z2	kAw	sycomore figs	0.0
𓂓𓄿𓅱𓏏𓏭𓀋𓂡𓀀	D28,G1,G43,X1,Z4,A9,D40,A1	kAwty	builder''s workman, porter	0.0
𓂓𓊪𓊶	D28,Q3,R5	kAp	cense (gods)	0.0
𓂓𓄿𓅓𓏲𓉐	D28,G1,G17,Z7,O1	kAmw	vineyard, orchard	0.0
𓂓𓅓𓇭	D28,G17,M43	kAmw	vintner	0.0
𓂓𓄿𓅓𓏰𓏰𓀜	D28,G1,G17,Z5A,Z5A,A24	kAmw	vintner	0.0
𓂓𓏤𓏥	D28,Z1,J15,M43A,Z2	kAmw	grape - harvest	0.0
𓂓𓏌𓆭𓆭𓆭	D28,W24,M1,M1,M1	kAmw	vineyard	0.0
𓂓𓄿𓈖𓇭	D28,G1,N35,M43	kAmw	vineyard	0.0
𓂓𓏤𓈖𓇋𓇋𓇭𓀀	D28,Z1,N35,M17,M17,M43,A1	kAny	vintner	0.0
𓂓𓂋𓇋𓉬	D28,D21,M17,O18	kAr	shrine	0.0
𓂓𓂋𓇋𓇋𓇭𓀀	D28,D21,M17,M17,M43,A1	kAry	gardener	0.0
𓂓𓄿𓂓𓄿𓆰	D28,G1,D28,G1,M2	kAkA	bush, brush	0.0
𓂓𓏤𓃀𓈖𓌙	D28,Z1,D58,N35,T14	kbn	Byblos	0.0
𓂓𓏤𓅷𓏤𓈖𓄿𓂾𓂻	D28,Z1,G47,Z1,N35,G1,D56,D54	kTn	charioteer	0.0
𓂓𓏤𓆓𓈖𓂾𓂻	D28,Z1,I10,N35,D56,D54	kTn	charioteer	0.0
𓂔	D29	kA	soul, spirit, essence (of a being), personality, fortune, will (of king), kingship, goodwill, phantom	0.0
𓂔	D29,B76	kA	soul, spirit, essence (of a being), personality, fortune, will (of king), kingship, goodwill, phantom	0.0
𓁸𓏥𓇾𓏤𓈇𓈒𓏥	D3,Z2,N16,Z1,N23,N33,Z2	Sny  tA	fenugreek ?	0.0
𓂖	D31	Hm  kA	soul priest	0.0
𓂙𓈖𓊛	D33,N35,P1	Xni	row, convey by water	0.0
𓂙𓈖𓊛𓀜	D33,N35,P1,A24	Xni	row	0.0
𓂙𓈖𓂡	D33,N35,D40	Xni	row	0.0
𓂙𓈖𓏏𓊛	D33,N35,X1,P1	Xnt	water procession	0.0
𓂙𓈖𓏏𓊛𓏛𓏥	D33,N35,X1,P1,Y1,Z2	Xnt	water procession	0.0
𓂙𓏏𓊛	D33,X1,P1	Xnt	water - procession	0.0
𓂙𓈖𓇋𓇋𓏏𓀀𓏥	D33,N35,M17,M17,X1,A1,Z2	Xnyt	sailors	0.0
𓂙𓈖𓇋𓇋𓏏𓂡𓀀𓏥	D33,N35,M17,M17,X1,D40,A1,Z2	Xnyt	sailors	0.0
𓂙𓈖𓏌𓅱𓀀	D33,N35,W24,G43,A1	Xnw	sailor	0.0
𓂙𓏌𓀀	D33,W24,A1	Xnw	sailor	0.0
𓂙𓈖𓈖𓀜	D33,N35,N35,A24	Xnn	disturb, interfere with (persons, commands), confound (truth)	0.0
𓂙𓈖𓈖𓀜	D33,N35,N35,A24	Xnn	inflamed, irritated (medical)	0.0
𓂙𓈖𓈖𓀜𓃫	D33,N35,N35,A24,E21	Xnn	disturb, interfere with (persons, commands), confound (truth)	0.0
𓂙𓈖𓈖𓀜𓃫	D33,N35,N35,A24,E21	Xnn	inflamed, irritated (medical)	0.0
𓂙𓈖𓈖	D33,N35,N35,J2	Xnn	inflamed, irritated (medical)	0.0
𓂙𓈖𓈖𓏌𓅱𓂡𓏥	D33,N35,N35,W24,G43,D40,Z2	Xnmw	tumult, uproar	0.0
𓂙𓈖𓈖𓏌𓅱𓃫𓂡𓏥	D33,N35,N35,W24,G43,E21,D40,Z2	Xnmw	tumult, uproar	0.0
𓂙𓈖𓈖𓏌𓅱𓇲𓂡𓏥	D33,N35,N35,W24,G43,N4,D40,Z2	Xnmw	tumult, uproar	0.0
𓂙𓈖𓈖𓏌𓏲𓃫𓀜𓀀𓏥	D33,N35,N35,W24,Z7,E21,A24,A1,Z2	Xnnw	brawlers	0.0
𓂙𓈖𓍘𓀚	D33,N35,U33,A22	Xnty	statue	0.0
𓂙𓀾	D33,A53	Xnty	statue	0.0
𓂙𓏏𓏭𓀾	D33,X1,Z4,A53	Xnty	statue	0.0
𓂙𓈖𓏏𓀚	D33,N35,X1,A22	Xnty	statue	0.0
𓂙𓈖𓍘𓀚𓋹𓈖	D33,N35,U33,A22,S34,N35,J1	Xnty  anx	living semblance	0.0
𓂚𓀜	D34,A24	aHA	fight,	0.0
𓂚𓀜	D34,A24	aHA	(weapons of) war	0.0
𓂚𓀜𓌻𓂋𓇋𓆱	D34,A24,U7,D21,M17,M3	aHA  mri	ply the sounding pole	0.0
𓂚𓀜𓂝𓏤	D34,A24,D36,Z1	aHA   a	go to war	0.0
𓂚𓄿𓀜𓍿𓅱	D34,G1,A24,V13,G43	aHA  Tw	take care	0.0
𓂚𓄿𓀜𓍿𓈖	D34,G1,A24,V13,N35	aHA  Tn	take care	0.0
𓂚𓀜𓁷𓏤	D34,A24,D2,Z1	aHA  Hr	be wary of	0.0
𓂚𓏏𓀀𓏪	D34,X1,A1,Z3	aHAt	warriors	0.0
𓂚𓅱𓌕	D34,G43,T11	aHAw	arrow, weapons	0.0
𓂚𓏤	D34,T11B,Z1	aHAw	arrows, weapons	0.0
𓂚𓄿𓅱	D34,G1,G43,T11B	aHAw	arrows, weapons	0.0
𓂚𓄿𓏏𓉐	D34,G1,X1,O1	aHAt	battleground	0.0
𓂚𓏏	D34,X1	aHAt	battleground	0.0
𓂚𓏏𓊛	D34,X1,P1	aHAt	warship	0.0
𓂚𓄿𓆛	D34,G1,K1	aHA	fish (lates niloticus)	0.0
𓂚𓀜𓈗𓆱	D34,A24,N35A,M3	aHA  mw	sounding pole	0.0
𓂚𓀜𓈗𓈔𓏤	D34,A24,N35A,N34,Z1	aHA  mw	sounding - pole	0.0
𓂚𓏏𓅱𓀎	D34,X1,G43,A12	aHAwty	warrior	0.0
𓂚𓏏𓏭𓅱𓂡	D34,X1,Z4,G43,D40	aHAwty	warrior	0.0
𓂜𓇋𓇋	D35,M17,M17	ii	old negative particle	0.0
𓂜𓅱𓏏	D35,G43,X1	iwty	who.......not, which.......not	0.0
𓂜𓏏𓏏𓅪𓏥	D35,X1,X1,G37,Z2	iwtt	what is not, does not exist	0.0
𓂜𓅱𓏏𓏏	D35,G43,X1,X1	iwtt	what is not, does not exist	0.0
𓂜𓈖𓄙𓅱𓏏𓏭𓆑	D35,N35,F25,G43,X1,Z4,I9	nn  wHmwty  .f	there will never be his like again	0.0
𓂜𓈖𓄙𓅓𓏏𓆑	D35,N35,F25,G17,X1,I9	nn  wHmwty  .f	there will never be his like again	0.0
𓂜𓈖𓄙𓅓𓅱𓏏𓏤𓆑	D35,N35,F25,G17,G43,X1,Z1,I9	nn  wHmwty  .f	there will never be his like again	0.0
𓂜𓇋𓋴	D35,M17,S29	n  is	indeed not, if not, unless	0.0
𓂜𓈖𓇋𓏏𓂢	D35,N35,M17,X1,D41	ni	parry (missile)	0.0
𓂜𓈖𓇋𓇋	D35,N35,M17,M17	ni	darken (sun)	0.0
𓂜𓈖𓈝𓅓𓄹	D35,N35,N40,G17,F51	nnSm	spleen	0.0
𓂜𓈖𓃹𓈖𓁷𓆑	D35,N35,E34,N35,D2,J1,J1,J1,I9	nn  wn  Hr  xw  .f	there is none beside him	0.0
𓂜𓊃𓊪𓊗	D35,O34,Q3,O50	n  sp	never	0.0
𓄡𓈎𓇋𓇋𓄹	D350,F32,N29,M17,M17,F51	mXqy	shoulder blade	0.0
𓂝𓂝𓃀𓎺	D36,D36,D58,W10	iab	bowl	0.0
𓂝𓎺𓃀	D36,W10,D58	iab	present (to)	0.0
𓂝𓃀𓄏𓏛𓆞𓏏	D36,D58,F16,Y1,K4,X1,J2	iab  XAt	inter, bury	0.0
𓂝𓂝𓆑𓂡	D36,D36,I9,D40	iaf	wring out (clothes), squeeze out (juice)	0.0
𓂝𓂝𓆑𓏲𓂡	D36,D36,I9,Z7,D40	iaf	wring out (clothes), squeeze out (juice)	0.0
𓂝𓂋𓏏𓆗	D36,D21,X1,I12	iart	uraeus	0.0
𓂝𓂝𓂋𓏏𓆗	D36,D36,D21,X1,I12	iart	uraeus	0.0
𓂝𓅐𓏏𓈇𓏥	D36,J1,G14,X1,N23,Z2	ixmt	bank (of river)	0.0
𓂝𓅓𓏏𓈄	D36,J1,G17,X1,N20	ixmt	bank (of fortress)	0.0
𓂝𓅓𓅱𓋴𓎡𓇼	D36,J1,G17,G43,S29,V31,N14	ixm  sk	indestructible star (i.e. circumpolar)	0.0
𓂝𓏲𓇰	D36,J1,J1,Z7,N2	ixxw	twilight, dusk	0.0
𓂝𓏤𓂾𓂻	D36,Z1,D56,D54	a	track, trace	0.0
𓂝𓏤𓈗	D36,Z1,N35A	a	dyke	0.0
𓂝𓎺	D36,W10	a	bowl	0.0
𓂝𓋮	D36,S25	a	dragoman	0.0
𓂝𓏏𓏭𓄹𓄹	D36,X1,Z4,F51,F51	aty	intervertebral joints	0.0
𓂝𓏏𓇋𓆑𓄹	D36,X1,M17,I9,F51	at  iwf	slaughter-house	0.0
𓂝𓏏𓎛𓈎𓏏	D36,X1,V28,N29,X1	at  Hnqt	brew-house	0.0
𓂝𓏏𓈖𓏏𓆱𓏏𓏤𓉐	D36,X1,N35,X1,M3,X1,Z1,O1	at   nt   xt	orchard	0.0
𓂝𓏏𓏏𓏑	D36,X1,X1,X3	at  t	bake-house	0.0
𓂝𓏏𓉐𓂦𓂋𓏏𓏛	D36,X1,O1,D45,D21,X1,Y1	at   Dsrt	the Holy Chamber (the celestial Hall of judgement)	0.0
𓂝𓄿𓂝𓈗	D36,G1,D36,N35A	aAa	valour ?	0.0
𓂝𓄿𓃀𓇎𓆭	D36,G1,D58,M19,M1	aAb	pleasant (of persons)	0.0
𓂝𓄿𓂧𓏏𓏐	D36,G1,D46,X1,X2	aAdt	a type of bread	0.0
𓂝𓂝𓊛	D36,D36,P1	aa	royal barge	0.0
𓂝𓂝𓇋𓀁	D36,D36,M17,A2	aai	jabber	0.0
𓂝𓂝𓂋𓏤𓀀	D36,D36,D21,Z1,A1	aai	caller	0.0
𓂝𓂝𓏲𓀁	D36,D36,Z7,A2	aaw	flutter (of heart)	0.0
𓂝𓂝𓅱𓏭𓁺	D36,D36,G43,Z4,D5	aawy	sleep	0.0
𓂝𓂝𓅱𓏭	D36,D36,G43,Z4,D7D	aawy	sleep	0.0
𓂝𓂝𓅱𓁻	D36,D36,G43,D6	aawy	sleep	0.0
𓂝𓂝𓃀𓎺	D36,D36,D58,W10	aab	bowl	0.0
𓂝𓂝𓃀𓄏𓂡	D36,D36,D58,F16,D40	aab	comb (the hair)	0.0
𓂝𓂝𓆑𓂡	D36,D36,I9,D40	iaf	wring out	0.0
𓂝𓂝𓈖𓏭𓉐	D36,D36,N35,Z4,O1	aany	camp	0.0
𓂝𓂝𓈖𓏭𓀜	D36,D36,N35,Z4,A24	aany	coop up, confine ?	0.0
𓂝𓂝𓈖𓂝𓃷	D36,D36,N35,D36,E32	ian	baboon	0.0
𓂝𓂝𓂋𓏏𓆗	D36,D36,D21,X1,I12	iart	uraeus	0.0
𓂝𓋮	D36,S25	aw	dragoman	0.0
𓂝𓅱𓏏𓋾	D36,G43,X1,S38	awt	crook, sceptre	0.0
𓂝𓅱𓏏𓃲𓈓	D36,G43,X1,E28,N33A	awt	goats	0.0
𓂝𓏏𓂸𓃲𓏥	D36,X1,D52,E28,Z2	awt	goats	0.0
𓂝𓏏𓅱𓌙𓀀𓀀𓀀	D36,X1,G43,T14,A1,A1,A1	awt	men	0.0
𓂝𓍯𓂡	D36,V4,D40	awAi	steal (goods), rob (someone)	0.0
𓂝𓍯𓄿𓏏𓂝	D36,V4,G1,X1,D36	awAt	robbery	0.0
𓂝𓍯𓄿𓇋𓇋𓀜𓀀	D36,V4,G1,M17,M17,A24,A1	awAy	robber, he who is robbed	0.0
𓂝𓍯𓇋𓇋	D36,V4,M17,M17	awAy	robber, he who is robbed	0.0
𓂝𓍯𓄿𓇋𓇋𓅪𓀀	D36,V4,G1,M17,M17,G37,A1	awAy	robber	0.0
𓂝𓍯𓄿𓇋𓇋𓏱	D36,V4,G1,M17,M17,Z6	awAy	robber	0.0
𓂝𓍯𓄿𓇋𓇋𓏏𓏱	D36,V4,G1,M17,M17,X1,Z6	awAyt	female robber	0.0
𓂝𓍯𓄿𓂝𓁹𓂋𓆑	D36,V4,G1,D36,D4,D21,I9	awA  irr  .f	brigand	0.0
𓂝𓍯𓇋𓇋𓂡	D36,V4,M17,M17,D40	awAy	reap	0.0
𓂝𓍯𓂡	D36,V4,D40	awA	look after, care for ?	0.0
𓂝𓍯𓄿𓂬𓂡	D36,V4,G1,D49,D40	awA	look after, care for	0.0
𓂝𓍯𓄿	D36,V4,G1,J2	awA	go bad, rot	0.0
𓂝𓍯𓄿𓇋𓇋𓏏𓏋𓏥	D36,V4,G1,M17,M17,X1,J2,W23,Z2	awAyt	a fermented drink ?	0.0
𓂝𓅱𓂝𓅱𓋪	D36,G43,D36,G43,S21	awaw	ring	0.0
𓂝𓂝𓋪	D36,D36,S21	awaw	ring	0.0
𓂝𓃹𓈖𓀜	D36,E34,N35,A24	awn	be covetous, despoil	0.0
𓂝𓃹𓈖𓏌𓏲𓀜	D36,E34,N35,W24,Z7,A24	awnw	plunderer	0.0
𓂝𓃹𓏲𓀜	D36,E34,Z7,A24	awnw	plunderer	0.0
𓂝𓃹𓈖𓀜𓄣𓏤	D36,E34,N35,A24,F34,Z1	awn  ib	be rapacious, rapacity, avarice	0.0
𓂝𓃹𓈖𓏏𓆱	D36,E34,N35,X1,M3	awnt	stave	0.0
𓂝𓅱𓎼𓊮	D36,G43,W11,Q7	awg	parch (grain)	0.0
𓂝𓃀𓄏𓏤	D36,D58,F16,Z1	ab	horn	0.0
𓂝𓃀𓄏𓏛𓏥	D36,D58,F16,Y1,Z2	ab	meal	0.0
𓂝𓃀𓄏	D36,D58,F16	ab	unite	0.0
𓂝𓎺𓃀	D36,W10,D58	ab	unite, present	0.0
𓂝𓃀𓊌	D36,D58,O39	abA	offering-stone	0.0
𓂝𓃀𓏏𓄏𓏛	D36,D58,X1,F16,Y1	abt	attachment, connection(s)	0.0
𓂝𓏏𓃀𓆇	D36,X1,D58,H8	abt	a funerary ritual object	0.0
𓂝𓃀𓏏	D36,D58,X1,O30U	abwt	forked staff	0.0
𓂝𓃀𓄏𓀐𓏥	D36,D58,F16,A14,Z2	abw	victims	0.0
𓂝𓃀𓅱𓄐	D36,D58,G43,F17	abw	purification, purity	0.0
𓂝𓃀𓅱𓏛𓏥	D36,D58,G43,Y1,Z2	abw	purity	0.0
𓂝𓃂𓅱	D36,D60,G43	abw	impurity	0.0
𓂝𓃀𓅱𓄐𓏛𓏥	D36,D58,G43,F17,Y1,Z2	abw	offerings	0.0
𓂝𓄐𓃀𓅱𓏛𓏥𓂋𓏤	D36,F17,D58,G43,Y1,Z2,D21,Z1	abw  r	breakfast	0.0
𓂝𓅡𓌂	D36,G29,S42	abA	sceptre	0.0
𓂝𓃀𓅡𓌂𓂡	D36,D58,G29,S42,D40	abA	command (a ship)	0.0
𓂝𓃀𓅡𓄿𓌂𓂡	D36,D58,G29,G1,S42,D40	abA	present (to), make presentation, provide	0.0
𓂝𓃀𓌂𓏛	D36,D58,S42,Y1	abA	provide (with)	0.0
𓂝𓃀𓅡𓌂	D36,D58,G29,S42	abA	present (to)	0.0
𓂝𓃀𓅡	D36,D58,G29,J81	abA	make presentation (to)	0.0
𓂝𓃀𓄿𓌂𓊌	D36,D58,G1,S42,O39	abA	offering - stone	0.0
𓂝𓃀𓊌	D36,D58,O39	abA	offering - stone	0.0
𓂝𓃀𓌂𓊌	D36,D58,S42,O39	abA	offering - stone	0.0
𓂝𓃀𓄿	D36,D58,G29A,G1,Q37	abA	offering - stone	0.0
𓂝𓅡	D36,G29,R30	abA	offering - stone	0.0
𓂝𓃀𓌂𓇶	D36,D58,S42,N8	abA	glitter	0.0
𓂝𓃀𓂝𓀁	D36,D58,D36,A2	aba	boast, boasting, exageration	0.0
𓂝𓃀𓂝𓄏𓏛	D36,D58,D36,F16,Y1	aba	boast, boasting, exaggeration	0.0
𓂝𓃀𓂝𓄏𓀁	D36,D58,D36,F16,A2	aba	boast, boasting, exaggeration	0.0
𓂝𓃀𓂝𓃀	D36,D58,D36,D58	abab	become excited ?	0.0
𓂝𓃀𓂝𓃀𓎺𓏛	D36,D58,D36,D58,W10,Y1	abab	appear ?, shine ?	0.0
𓂝𓃀𓂝𓃀𓇋𓇋𓏏	D36,D58,D36,D58,M17,M17,X1	ababyt	region of collar-bone	0.0
𓂝𓃀𓅱𓏯	D36,D58,G43,Z5	abwt	lettuce	0.0
𓂝𓃀𓏏	D36,D58,X1,O30U	abwt	staff of office	0.0
𓂝𓃀𓅱𓏏	D36,D58,G43,X1,O30U	abwt	staff of Office	0.0
𓂝𓃀𓃀𓄏𓂣	D36,D58,D58,F16,D42	abb	use the pitchfork	0.0
𓂝𓃀𓃀𓂡	D36,D58,D58,D40	abb	knock (on door) ?	0.0
𓂝𓃀𓎛	D36,D58,V28,W54A	abH	fill up	0.0
𓂝𓃀𓈖𓄛	D36,D58,J1,N35,F27	abxn	frog	0.0
𓂝𓃀𓈙𓏉	D36,D58,N37,W21	abS	wine - jar	0.0
𓂝𓃀𓈙	D36,D58,N37,W59	abS	wine jar	0.0
𓂝𓊪𓂻	D36,Q3,D54	api	traverse (a waterway), pass (by)	0.0
𓂝𓊪	D36,Q3,H5A	api	fly	0.0
𓂝𓊪𓇋𓇋	D36,Q3,M17,M17,N58	apy	the Winged Disk	0.0
𓂝𓊪𓈖𓈖𓏏	D36,Q3,N35,N35,X1,I14C	apnnt	slug ?	0.0
𓂝𓊪𓈖𓈖𓄛	D36,Q3,N35,N35,F27	apnnt	slug	0.0
𓂝𓊪𓏛	D36,Q3,Y1	apr	provide, equip (with), man (a vessel), aquire, incur (injury)	0.0
𓂝𓊪𓂋𓏛	D36,Q3,D21,Y1	apr	provide, equip (with), man (a vessel), aquire, incur (injury)	0.0
𓂝𓊪𓂋𓏛	D36,Q3,D21,J20,Y1	apr	provide, equip (with), man (a vessel), aquire, incur (injury)	0.0
𓂝𓊪𓂋𓏏𓏛𓏥	D36,Q3,D21,X1,J20,Y1,Z2	aprt	equipment (of offerings)	0.0
𓂝𓊪𓂋𓏏𓏊	D36,Q3,D21,X1,J20,W22	aprt	a type of jar	0.0
𓂝𓊪𓂋𓅱𓀀𓏥	D36,Q3,D21,G43,J20,A1,Z2	aprw	sailors, workmen	0.0
𓂝𓊪𓅱𓂋𓏤	D36,Q3,G43,D21,Z1	apr	an Asiatic people	0.0
𓂝𓊪𓆷𓄿𓇋𓇋𓆣	D36,Q3,M8,G1,M17,M17,L1	apSAy	beetle	0.0
𓂝𓆑𓄿𓂡	D36,I9,G1,D40	afA	devour ?, tear off	0.0
𓂝𓆑𓄿𓄻	D36,I9,G1,F51B	afA	devour, tear off	0.0
𓂝𓆑𓄿𓇋𓇋𓉐	D36,I9,G1,M17,M17,O1	afAy	encampment	0.0
𓂝𓆑𓄿𓏭𓆰𓏥	D36,I9,G1,Z4,M2,Z2	afAy	sweet clover ?	0.0
𓂝𓆑𓏭𓆤	D36,I9,Z4,L2	afy	bee, honey bee	0.0
𓂝𓆑𓆑𓆦	D36,I9,I9,L3	aff	fly (insect)	0.0
𓂝𓆑𓆑𓅭	D36,I9,I9,G39	aff	fly	0.0
𓂝𓆑𓆑𓆤	D36,I9,I9,L2	aff	buzz (of insect)	0.0
𓂝𓆑𓈖𓀜𓏛	D36,I9,N35,A24,Y1	afn	cover	0.0
𓂝𓆑𓈖𓏛	D36,I9,N35,Y1,T67	afn	cover	0.0
𓂝𓆑𓈖𓏏	D36,I9,N35,X1,S57B	afnt	royal head-cloth	0.0
𓂝𓆑𓈖𓏏𓋳	D36,I9,N35,X1,S28	afnt	royal head - cloth	0.0
𓂝𓆑𓈖𓏏𓏯	D36,I9,N35,X1,Z5	afnt	royal head - cloth	0.0
𓂝𓆑𓏏𓏮	D36,I9,X1,Z4A,A417	afty	brewer	0.0
𓂝𓆑𓏏𓏏	D36,I9,X1,X1	aftt	female brewer	0.0
𓂝𓆑𓏏𓀩	D36,I9,X1,A36	afty	brewer	0.0
𓂝𓆑𓂧𓏛	D36,I9,D46,Y1	afd	lead (to), attractive ?	0.0
𓂝𓆑𓏏𓆓𓊭	D36,I9,X1,I10,Q6	afDt	chest (furniture)	0.0
𓂝𓆑𓂧𓏏𓊭	D36,I9,D46,X1,Q6	afDt	chest	0.0
𓂝𓅓𓄈𓀁	D36,G17,F10,A2	am	swallow, breathe in, absorb, know	0.0
𓂝𓅓𓀁	D36,G17,A2	am	swallow	0.0
𓂝𓅓𓄈𓀁𓄣𓏤	D36,G17,F10,A2,F34,Z1	am  ib	become faint, neglect, be discreet, regret, dissemble	0.0
𓂝𓅓𓂝𓀜	D36,G17,D36,A24	ama	smear	0.0
𓂝𓅓𓂝𓏏𓈇𓏥	D36,G17,D36,X1,N23,Z2	amat	mud, muddy ground, mud-flat	0.0
𓂝𓅓𓂝𓄿𓏏𓌚	D36,G17,D36,G1,X1,T15	amaAt	throw - stick	0.0
𓂝𓅓𓄿𓏏𓆱	D36,G17,G1,X1,M3	amaAt	throw-stick	0.0
𓂝𓅓𓂝𓄿𓌚	D36,G17,D36,G1,T15	amaA	throw the throw - stick	0.0
𓂝𓅓𓂝𓅓𓂷𓂡	D36,G17,D36,G17,D51,D40	amam	smear	0.0
𓂝𓅓𓂝𓅓	D36,G17,D36,G17,J20	amam	container (for bread etc..)	0.0
𓂝𓅓𓅓𓆇	D36,G17,G17,H8	amm	brain	0.0
𓂝𓅓𓂝𓅓𓏲𓄛𓏤	D36,G17,D36,G17,Z7,F27,Z1	amamw	shrew	0.0
𓂝𓈖𓏏𓂷	D36,N35,X1,D51	ant	finger/toe nail, claw	0.0
𓂝𓈖𓏏	D36,N35,X1,U19A	ant	nail (of finger or toe)	0.0
𓂝𓈖𓏏𓍈	D36,N35,X1,U20	ant	pick	0.0
𓂝𓈖𓏏𓋪	D36,N35,X1,S21	ant	ring (of gold), socket (for jar)	0.0
𓂝𓈖𓁺𓏛	D36,N35,D5,Y1	an	beautiful, bright of face, pleasing, be kind, magnificent	0.0
𓂝𓈖𓁽𓏛	D36,N35,D8,Y1	an	beautiful	0.0
𓂝𓈖𓁽	D36,N35,D8	an	beautiful	0.0
𓂝𓈖𓁺𓏛𓀀	D36,N35,D5,Y1,A1	an	the pleasant man	0.0
𓂝𓈖𓏭𓆱	D36,N35,Z4,M3	any	writing - board	0.0
𓂝𓈖𓂝𓃷	D36,N35,D36,E32	ian	baboon	0.0
𓂝𓈖𓂝𓇋𓇋𓀁	D36,N35,D36,M17,M17,A2	anay	complain, complaint	0.0
𓂝𓈖𓂝𓈖𓀁	D36,N35,D36,N35,A2	anan	complain, complaint	0.0
𓂝𓈖𓂝𓈖𓄹	D36,N35,D36,N35,F51	anan	chin	0.0
𓂝𓈖𓏌𓅱𓁼	D36,N35,W24,G43,D7	anw	Ainu (a source of Limestone)	0.0
𓂝𓏌𓁾	D36,W24,D8A	anw	Ainu ?  (source of Limestone)	0.0
𓂝𓈖𓃀𓆰	D36,N35,D58,M2	anb	reed - stalk (for matting)	0.0
𓂝𓈖𓃀𓇋𓇋𓏏𓆰	D36,N35,D58,M17,M17,X1,M2	anbyt	measure for reed-stalks	0.0
𓂝𓈖𓈖𓂽	D36,N35,N35,D55	ann	turn back, repeat again, come back, return, bring back	0.0
𓂝𓈖𓈖𓂻	D36,N35,N35,D54	ann	turn back	0.0
𓂝𓈖𓈖𓏏	D36,N35,N35,F114,F114,X1	annt	rump	0.0
𓂝𓈖𓅘𓂃	D36,N35,G21,D13	anH	eyebrow	0.0
𓂝𓈖𓈎𓏏	D36,N35,N29,X1,B7C	anqt	Anukis	0.0
𓂝𓈖𓅂𓏋𓏥	D36,N35,G4,W23,Z2	antyw	myrrh	0.0
𓂝𓈖𓅂𓈓	D36,N35,G4,N33A	antyw	myrrh	0.0
𓂝𓈖𓏏𓅂	D36,N35,X1,G4,W40	antyw	myrrh	0.0
𓂝𓈖𓂧𓏏𓅪	D36,N35,D46,X1,G37	andt	the few (of people)	0.0
𓂝𓈖𓆓𓏋𓏤𓈓	D36,N35,I10,W23,Z1,N33A	and	unguent	0.0
𓂝𓈖𓂧𓏋𓈒𓈒𓈒	D36,N35,D46,W23,N33,N33,N33	and	an unguent	0.0
𓂝𓈖𓈋𓏲𓏌	D36,N35,N26,Z7,W24	anDw	jar	0.0
𓂝𓈖𓈋𓅱𓇶	D36,N35,N26,G43,N8	anDw	dawn	0.0
𓂝𓈖𓆓	D36,N35,I10,N49	anDw	dawn	0.0
𓂝𓈖𓂧𓅱𓇰	D36,N35,D46,G43,N2	anDw	dawn	0.0
𓂝𓈖𓂧𓅱𓇳	D36,N35,D46,G43,N5	anDw	dawn	0.0
𓂝𓂋𓈐	D36,D21,N31	ar	mount up, ascend, extend, penetrate	0.0
𓂝𓂋𓈐𓂻	D36,D21,N31,D54	ar	mount up, ascend	0.0
𓂝𓂋𓏲𓈐𓏥	D36,D21,Z7,N31,Z2	arw	proximity	0.0
𓂝𓂋𓈐	D36,D21,N31	arw	proximity	0.0
𓂝𓂋𓅂𓈐𓂻	D36,D21,G4,N31,D54	artyw	they who ascend ?	0.0
𓂝𓂋𓆰	D36,D21,M2	ar	reed pen	0.0
𓂝𓂋𓏭𓆰	D36,D21,Z4,M2	ar	reed pen	0.0
𓂝𓂋𓏏𓆰	D36,D21,X1,M2	art	roll (of papyrus)	0.0
𓂝𓂋𓏏𓍼𓏤	D36,D21,X1,V12,Z1	art	roll (of papyrus, leather)	0.0
𓂝𓂋𓏏𓆗	D36,D21,X1,I12	iart	uraeus	0.0
𓂝𓂋𓏏𓄒	D36,D21,X1,F19	art	jaw	0.0
𓂝𓂋𓏏𓄻	D36,D21,X1,F51B	art	jaw, hinder parts (of man), anus	0.0
𓂝𓂋𓏏𓄖	D36,D21,X1,F22	art	hinder part, hindquarter	0.0
𓂝𓂋𓇋𓇋𓏏𓆱	D36,D21,M17,M17,X1,M3	arrwt	leaf (of double door)	0.0
𓂝𓂋𓂝𓂋𓄹	D36,D21,D36,D21,F51	arar	chin ?	0.0
𓂝𓂋𓆑𓎤	D36,D21,I9,V33	arf	bag, combine, enclose, contain	0.0
𓂝𓂋𓆑𓎤𓂡	D36,D21,I9,V33,D40	arf	combine	0.0
𓂝𓂋𓆑𓎩𓂡	D36,D21,I9,V37,D40	arf	combine	0.0
𓂝𓂋𓆑𓂬	D36,D21,I9,D49	arf	enclose	0.0
𓂝𓂋𓂋𓅱𓏏𓊋	D36,D21,D21,G43,X1,O38	arrwt	gate	0.0
𓂝𓂋𓂋𓅱𓏏	D36,D21,D21,G43,X1,Q38	arrwt	gate	0.0
𓂝𓂋𓂋𓇋𓇋𓏏𓉐	D36,D21,D21,M17,M17,X1,O1	arrwt	gate	0.0
𓂝𓂋𓇋𓇋𓏏𓆱	D36,D21,M17,M17,X1,M3	arrwt	leaf (of double door)	0.0
𓂝𓂋𓇋𓇋𓏏𓊌	D36,D21,M17,M17,X1,O39	arrwt	lintel	0.0
𓂝𓂋𓇋𓇋𓏏𓉐	D36,D21,M17,M17,X1,O1	arrwt	lintel	0.0
𓂝𓂋𓂝𓇋𓇋𓏏𓉐	D36,D21,D36,M17,M17,X1,O1	arryt	hall of judgement	0.0
𓂝𓂋𓇋𓇋𓏏𓊋𓆱	D36,D21,M17,M17,X1,O38,M3	aryt	dwelling, home	0.0
𓂝𓂋𓈎𓍼𓏛	D36,D21,N29,V12,Y1	arq	bent	0.0
𓂝𓂋𓈎𓍼𓏛	D36,D21,N29,V12,Y1	arq	don (a garment)	0.0
𓂝𓂋𓈎𓉲	D36,D21,N29,O22,Y1V	arq	don (a garment)	0.0
𓂝𓂋𓈎𓍼	D36,D21,N29,V12	arq	know, perceive, gain full knowledge of, be wise, skilled	0.0
𓂝𓂋𓈎𓍼𓏛	D36,D21,N29,V12,Y1	arq	know, perceive, gain full knowledge of, be wise, skilled (in)	0.0
𓂝𓂋𓈎𓍼𓎅𓏤	D36,D21,N29,V12,V19,Z1	arq	basket ?	0.0
𓂝𓍼𓇋𓇋𓇳	D36,V12,M17,M17,N5	arqy	last day of the month	0.0
𓂝𓂋𓈎𓉲𓇳	D36,D21,N29,O22,N5	arqy	last day of the month	0.0
𓂝𓂋𓈎𓇋𓇋𓍼𓏤	D36,D21,N29,M17,M17,V12,Z1	arqy	last day of the month	0.0
𓂝𓎛𓍢	D36,V28,V1	aH	rope	0.0
𓂝𓎛𓂡	D36,V28,T24E,D40	aH	entrap, snare	0.0
𓂝𓎛	D36,V28,T24E	aH	wipe off, wipe away	0.0
𓂝𓎛𓄿	D36,V28,G1	aHA	fight	0.0
𓂝𓊢𓂝𓅱	D36,P6,D36,G43	aHaw	(proper) positions (of things)	0.0
𓂝𓊢𓀙𓅱	D36,P6,A21,G43	aHaw	attending	0.0
𓂝𓊮	D36,J1,Q7	ax	brazier	0.0
𓂝	D36,J1,R1E	ax	brazier	0.0
𓂝𓇯	D36,J1,N1	axi	raise up, hang (men)	0.0
𓂝𓆃	D36,J1,H5	axi	fly	0.0
𓂝𓏏	D36,J1,X1,H5A	axt	swoop (of falcon)	0.0
𓂝𓅓𓊮	D36,J1,G17,Q7	axm	extinguish, destroy	0.0
𓂝𓅓𓊮𓈗	D36,J1,G17,Q7,N35A	axm	quench (thirst)	0.0
𓂝𓅓𓈗	D36,J1,G17,N35A	axm	extinguish, quench (thirst)	0.0
𓂝𓅓𓄈	D36,J1,G17,F10	axm	front of neck	0.0
𓂝𓅓𓏲𓆰𓏥	D36,J1,G17,Z7,M2,Z2	axmw	twigs	0.0
𓂝𓅎	D36,J1,J15,G12	axm	image	0.0
𓂝𓅐𓏏𓈇𓏥	D36,J1,G14,X1,N23,Z2	axmt	river - bank	0.0
𓂝𓊮	D36,J1,J1,Q7	axx	evaporate, consume	0.0
𓂝𓏲𓇰	D36,J1,J1,Z7,N2	axxw	twilight	0.0
𓂝𓄡𓅯	D36,F32,G41	aXi	fly, fly  away	0.0
𓂝𓄡𓌙𓅯	D36,F32,T14,G41	aXi	fly, fly away	0.0
𓂝𓄡𓅓𓅆	D36,F32,G17,G7	aXm	image (of god)	0.0
𓂝𓈙𓅓𓅆	D36,N37,G17,G7	aSm	image (of god)	0.0
𓂝𓅎	D36,J1,J15,G12	axm	image (of god)	0.0
𓂝𓄡𓅓𓆊	D36,F32,G17,I3	aXm	voracious (?) spirit	0.0
𓂝𓄡𓅓𓏲𓆰𓏥	D36,F32,G17,Z7,M2,Z2	aXmw	twigs	0.0
𓂝𓄡𓅓𓏲𓊡𓏥	D36,F32,G17,Z7,P5,Z2	aXmw	twigs	0.0
𓂝𓅓𓏲𓆰𓏥	D36,J1,G17,Z7,M2,Z2	axmw	twigs	0.0
𓂝𓄚𓏌𓏲𓍘𓏏𓏭𓉐	D36,F26,W24,Z7,U33,X1,Z4,O1	aXnwty	audience - chamber	0.0
𓂝𓏌𓏏𓏭	D36,J1,W24,X1,Z4	aXnwty	audience chamber	0.0
𓂝𓄚𓏌𓏏𓉐	D36,F26,W24,X1,O1	aXnwty	audience chamber	0.0
𓂝𓄚𓏌𓏏𓏭𓉐	D36,F26,W24,X1,Z4,O1	aXnwty	audience chamber	0.0
𓂝𓄚𓈖𓏌𓏲𓍘𓉐	D36,F26,N35,W24,Z7,U33,O1	aXnwty	audience chamber	0.0
𓂝𓈙𓀁	D36,N37,A2	aS	summon	0.0
𓂝𓄿𓂝𓈙𓀁	D36,G1,D36,N37,A2	aS	summon	0.0
𓂝𓈙𓀁	D36,N37,J2,A2	aS	groan	0.0
𓂝𓈙𓇫	D36,N37,M41	aS	cedar	0.0
𓂝𓈙	D36,N37,J2	aS	cedar	0.0
𓂝𓈙𓏌𓏌𓏌𓇫	D36,N37,W24,W24,W24,M41	aS	cedar	0.0
𓂝𓈙𓎯	D36,N37,J2,W1	aS	cedar - oil	0.0
𓂝𓈙𓆈	D36,N37,I1	aSA	lizard	0.0
𓂝𓈙𓄿𓆈	D36,N37,G1,I1	aSA	many, numerous, much, plentiful, ordinary, quantity, multitude	0.0
𓂝𓈙𓄿	D36,N37,G1,J2	aSA	obnoxious ?	0.0
𓂝𓈙𓏏𓏮	D36,N37,X1,Z4A	aSty	abundant	0.0
𓂝𓈎𓄿𓂭𓂭𓏛	D36,N29,G1,D50,D50,Y1	aqA	precise, accurate, go straight forward, progress,	0.0
𓂝𓈎𓄿𓂭𓂭𓏛	D36,N29,G1,D50,D50,Y1	aqA	use aright, correct, straightness, exact sense	0.0
𓂝𓈎𓄿𓂭𓂭𓏛	D36,N29,G1,D50,D50,Y1	aqA	stright-dealing, straight-forwardness	0.0
𓂝𓈎𓂭𓂭	D36,N29,D50,D50,Y1V	aqA	precise, accurate	0.0
𓂝𓈎𓄿𓂭𓂭𓄣𓏤	D36,N29,G1,D50,D50,Y1V,F34,Z1	aqA   ib	straightforward	0.0
𓂝𓈎𓄿	D36,N29,G1	aqA	use aright	0.0
𓂝𓈎𓄿𓇋𓇋𓂭𓂭𓏛	D36,N29,G1,M17,M17,D50,D50,Y1	aqAy	a straight-dealer	0.0
𓂝𓈎𓄿𓇋𓇋𓏏𓂭𓂭𓏛	D36,N29,G1,M17,M17,X1,D50,D50,Y1	aqAyt	true balancing	0.0
𓂝𓈎𓄿𓏏𓂭𓂭	D36,N29,G1,X1,D50,D50	aqAyt	true balancing	0.0
𓂝𓈎𓄿𓂭𓂭𓍢𓏤	D36,N29,G1,D50,D50,V1,Z1	aqA	a type of rope	0.0
𓂝𓈎𓄿𓍢	D36,N29,G1,V1	aqA	a type of rope	0.0
𓂝𓎼𓏏𓈓	D36,W11,X1,N33A	agt	a resinous varnish ?	0.0
𓂝𓎼𓅱𓏏𓈒𓏥	D36,W11,G43,X1,N33,Z2	agwt	a preparation of grain	0.0
𓂝𓎼𓏏𓇡	D36,W11,X1,M33A	agwt	a preparation of grain	0.0
𓂝𓎼𓈖	D36,W11,N35,W78	agn	pedestal (for vase)	0.0
𓂝𓏏𓀜	D36,X1,J1,A24	atx	strain	0.0
𓂝𓏏𓏲𓏊𓀜𓀀𓏥	D36,X1,J1,Z7,W22,A24,A1,Z2	atxw	brewers	0.0
𓂝𓂧𓅱𓆝𓏤	D36,D46,G43,K3,Z1	adw	Buri fish	0.0
𓂝𓆓𓎙𓆱	D36,I10,V26,M3	aD	spool, reel	0.0
𓂝𓎙𓂧𓆱	D36,V26,D46,M3	aD	spool, reel	0.0
𓂝𓆓𓎙𓏛	D36,I10,V26,Y1	aD	be safe, become whole	0.0
𓂝𓆓𓎚	D36,I10,V27	aD	perceive	0.0
𓂝𓎚𓆓𓏏𓀁	D36,V27,I10,X1,A2	aDt	offence ?	0.0
𓂝𓆓𓏏𓌪𓏥	D36,I10,X1,T30,Z2	aDt	slaughter, massacre	0.0
𓂝𓆓𓈇	D36,I10,V27B,N23	aD	edge, margin (of cultivation)	0.0
𓂝𓆓𓎙𓏌𓏥	D36,I10,V26,W24,Z2	aD	fat, grease	0.0
𓂝𓆓𓎙𓈋	D36,I10,V26,N26	aDw	Buri fish	0.0
𓂝𓂧𓅱𓆛𓏤	D36,D46,G43,K1,Z1	aDw	Buri fish	0.0
𓂝𓆓𓌻𓂡𓈘	D36,I10,U7,D40,N36	aD  mr	administrator	0.0
𓂝𓍑𓄿𓏲𓀜	D36,U28,G1,Z7,A24	aDAw	guilty, guilt	0.0
𓂝𓍑𓄿𓂡	D36,U28,G1,D40	aDAw	guilt	0.0
𓂝𓍑𓄿𓂡𓀀	D36,U28,G1,D40,A1	aDA	guilty man, wrongdoer	0.0
𓂝𓆓𓈖𓏏𓎺	D36,I10,N35,X1,W10	aDnt	armband, armlet	0.0
𓂝𓆓𓈖𓏏	D36,I10,N35,X1,J8	aDnt	crucible ?	0.0
𓂝𓆓𓎙𓏛𓅱𓍑𓄿	D36,I10,V26,Y1,G43,U28,G1,Y1V	aD  wDA	safe and sound (of persons)	0.0
𓂝𓆓𓎙𓏛𓅱𓍑𓄿	D36,I10,V26,Y1,G43,U28,G1,Y1V	aD  wDA	prosperous and flourishing (of affairs)	0.0
𓂝𓏏𓉐𓇜𓏏𓈒𓈓	D36,X1,O1,M30,X1,N33,N33A	at   bnrt	cake room	0.0
𓂝𓏤𓈉𓏏𓏤	D36,Z1,N25,X1,Z1	a  xAst	desert region	0.0
𓂝𓏏𓈖𓏏𓆱𓏏𓏤𓉐	D36,X1,N35,X1,M3,X1,Z1,O1	at  nt  xt	orchard	0.0
𓂞𓁷𓈖	D37,D2,N35	di  Hr  n	give commands to	0.0
𓂞𓅓𓁷𓈖	D37,G17,D2,N35	di  m  Hr  n	lay a charge upon, command (someone)	0.0
𓂞𓅓𓁷𓈖	D37,G17,D2,N35	di  m  Hr  n	appoint (someone to office), call the attention of	0.0
𓂞𓂞𓇋𓈒𓏥	D37,D37,M17,N33,Z2	ddi	haematite	0.0
𓀀	D375,A1	Hm  kA	soul priest	0.0
𓇋𓇋𓂡𓀀	D375,M17,M17,D40,A1	Hm  kA	soul priest	0.0
𓏛𓏥	D375,Y1,Z2	Hm  kA	soul - service	0.0
𓂟𓈖𓅘𓎛𓈒𓏥	D38,N35,G21,V28,N33,Z2	mnH	wax	0.0
𓂟𓂋𓏤𓇋𓇋𓈖𓄿𓀘	D38,D21,Z1,M17,M17,N35,G1,A20	mryn	Syrian warrior	0.0
𓂟𓉔𓏭𓅪	D38,O4,Z4,G37	mhy	be forgetful, neglectful	0.0
𓂟𓉔𓏏𓅱𓀀𓁐𓏥	D38,O4,X1,G43,A1,B1,Z2	mhwt	family	0.0
𓂟𓉔𓇋𓏌𓏤	D38,O4,M17,W24,Z1	mhr	milk jar	0.0
𓂟𓊄𓂻	D38,O35,D54	ms	bring, present, bring away booty, extend (hand), take (aim)	0.0
𓂟𓊄𓂻𓇓𓅱	D38,O35,D54,M23,G43	msw	carriers, bearers	0.0
	D384	wabt	priestess	0.0
𓂠𓏏𓁐	D39,X1,B1	mwt	mother	0.0
𓂠𓆑𓎡𓏏𓈓	D39,I9,V31,X1,N33A	mfkAt	turquoise	0.0
𓂠𓂋𓏤𓎡𓃀𓏏𓅱	D39,D21,Z1,V31,D58,X1,G43	mrkbt	chariot	0.0
𓂠𓈙𓃭𓇰	D39,N37,E23,N2	mSrw	evening	0.0
𓂠𓄞𓂧𓏏	D39,F30,D46,X1	mSdt	ford	0.0
𓂠𓍑𓅱𓏪	D39,U28,G43,Z3	mDAw	Medjay, Police	0.0
𓂠𓏛	D39,Y1	Hnk	offer (something to)	0.0
𓂠𓏌𓏌𓏌	D39,W24,W24,W24	Hnk	make offering (to)	0.0
𓂠𓏌𓏌𓏌	D39,W24,W24,W24	Hnk	offerings	0.0
𓂠𓏏𓇨	D39,X1,M39	Hnkt	offerings	0.0
𓂠𓏏𓏥	D39,X1,Z2	Hnkt	offerings	0.0
𓂠𓏏𓉐𓋹𓈖𓉐	D39,X1,O1,S34,N35,J1,O1	Hnkyt  anx	bed of life (where the sun sets)	0.0
𓁹𓁹𓅱𓏭	D4,D4,G43,Z4	irwy	eyes	0.0
𓁹𓇋𓇋𓏪	D4,M17,M17,Z3	irw	cattle - tax	0.0
𓁹𓂋𓅱𓏛𓏥	D4,D21,G43,Y1,Z2	irw	cattle - tax	0.0
𓁹𓇋𓁹𓂋𓅱𓃒	D4,M17,D4,D21,G43,E1	iri  irw	levy the cattle - tax	0.0
𓁹𓇋𓉔𓉔𓇋𓇋𓀁	D4,M17,O4,O4,M17,M17,A2	ir  ihhy	rejoice	0.0
𓁹𓇋𓊄𓂻𓇉𓄿𓈎𓂝𓅓	D4,M17,O35,D54,M16,G1,N29,D36,G17	ir  is  HAq  m	work devastation among	0.0
𓁹𓄏𓏏𓏤𓈓	D4,F16,X1,Z1,N33A	ir   anwt	trim the nails	0.0
𓁹𓋹𓈖	D4,S34,N35,J1	ir   anx	make provision for (someone)	0.0
𓁹𓍯𓄿𓏏𓈐𓈖	D4,V4,G1,X1,N31,N35	ir  wAt  n	prepare a way for	0.0
𓁹𓄋𓊪𓏏𓀁𓎛𓈖𓂝	D4,F13,Q3,X1,A2,V28,N35,D36	ir  wpt  Hna	punish	0.0
𓁹𓃀𓇋𓈞𓄑𓏛𓏥	D4,D58,M17,N41,F18,Y1,Z2	ir  biw	set a good example	0.0
𓁹𓌴𓁹𓅱𓏥𓅓	D4,U2,D4,G43,Z2,G17	ir - mAw - m	make inspection of,       look into	0.0
𓁹𓌴𓁹𓅱𓁹𓏥𓅓	D4,U2,D4,G43,D4,Z2,G17	ir -  mAw - m	make inspection of,     look into	0.0
𓁹𓈖𓀀𓏠𓈖𓏏𓏛𓇋𓅓𓀀	D4,N35,A1,Y5,N35,X1,Y1,M17,G17,A1	ir  .n  .i  mnt  im  .i	I have proved it myself	0.0
𓁹𓏠𓈖𓏏𓍊𓏛𓏥	D4,Y5,N35,J1,X1,U22,Y1,Z2	ir  mnxt	do good	0.0
𓁹𓅓𓌨𓂋𓅱𓏛𓏥	D4,G17,T28,D21,G43,Y1,Z2	m  mXrw	govern  (a land), do one''s business, provide for (someone)	0.0
𓁹𓅓𓍿𓈖𓅯𓈐	D4,G17,V13,N35,G41,N31	ir  mTn	obey	0.0
𓁹𓅐𓏏𓈖𓈐	D4,G14,X1,N35,N31	ir  mTn	obey	0.0
𓁹𓏛𓏏𓏤	D4,Y1,X1,Z1	ir  mDAt	read a book aloud	0.0
𓁹𓈖𓍇𓏌𓅱𓂧	D4,N35,U19,W24,G43,D46	ir  nwdw	swing awry, act perversely, make a travesty of	0.0
𓁹𓈖𓍇𓏌𓏲𓂧𓏲𓂻𓏥	D4,N35,U19,W24,Z7,D46,Z7,D54,Z2	ir  nwdw	swing awry, act perversely, make a travesty of	0.0
𓁹𓈖𓉔𓅱𓅪	D4,N35,O4,G43,G37	ir  nhw	show less of (a bad quality)	0.0
𓁹𓉔𓊪𓏛	D4,O4,Q3,Y1	ir  hp	keep the law, carry out the law	0.0
𓁹𓉔𓂋	D4,O4,D21,Y1V	ir  hrw	take care !	0.0
𓁹𓄂𓏏𓏤	D4,F4,X1,Z1	ir  HAt	get in front of	0.0
𓁹𓈞𓏏𓁐	D4,N41,X1,B1	ir  Hmt	take a wife, to marry	0.0
𓁹𓊵𓏏𓊪𓅱𓏛𓏥	D4,R4,X1,Q3,G43,Y1,Z2	ir  Htpw	make peace	0.0
𓁹𓏏𓏛𓏥	D4,J1,X1,Y1,Z2	ir  xt	do things	0.0
𓁹𓏏𓏇𓇋𓆣𓂋	D4,X1,W19,M17,L1,D21	irt  mi  xpr	act properly, do as should be done, correct procedure	0.0
𓁹𓆣𓂋𓅱𓀾𓏛𓏥	D4,L1,D21,G43,A53,Y1,Z2	ir  xprw	assume a shape	0.0
𓁹𓏏𓂋𓏏𓏛𓏥𓈖	D4,X1,J1,D21,X1,Y1,Z2,N35	irt  xrt  n	look after (someone)	0.0
𓁹𓍚𓅱𓂻	D4,U35,G43,D54	ir  xsfw	meet	0.0
𓁹𓀸𓄿𓅱𓏏𓂡𓏥	D4,A47,G1,G43,X1,D40,Z2	ir  sAwt	stand guard against	0.0
𓁹𓌕𓈖𓏏𓏛𓏥	D4,T11,N35,X1,Y1,Z2	ir  swnt	do trade	0.0
𓁹𓊃𓊪𓊗𓎛𓈖𓂝	D4,O34,Q3,O50,V28,N35,D36	ir  sp  Hna	deal with someone	0.0
𓁹𓇏𓏏𓈇	D4,M20,X1,N23	ir  sxt	carry on field sports	0.0
𓁹𓁸	D4,D3	iri  Snw	coiffeur (do hair)	0.0
𓁹𓄞𓂧𓂝𓈖𓈖𓀔𓈖	D4,F30,D46,D36,N35,N35,J1,A17,N35	ir  Sd  nxn  n	act as guardian to (a minor)	0.0
𓁹𓂧𓂂𓏛	D4,J28,D46,D12,Y1	ir  qd	achieve a (good) reputation, achieve, success	0.0
𓁹𓂭𓂝	D4,D50,D36	ir  Dbaw	do wrong	0.0
𓂢𓈖𓇋𓄹	D41,N35,M17,F51	niA	underside of arm	0.0
𓂢𓈖𓅱𓅦	D41,N35,G43,G34	niw	ostrich	0.0
𓂢𓏲𓅭	D41,Z7,G39	niw	ostrich	0.0
𓂢𓏤𓎺	D41,Z1,W10	niw	bowl	0.0
𓂢𓄻𓏤	D41,F51B,Z1	rmn	shoulder, arm, uprights (of ladder), side	0.0
𓂢𓈖𓉪	D41,N35,O16	rmn	processional shrine	0.0
𓂢𓈖𓇋𓇋𓏏𓈇𓏤	D41,N35,M17,M17,X1,N23,Z1	rmnyt	department, domain	0.0
𓂣𓏤	D42,Z1	mH	forearm	0.0
𓂣	D42	mH	cubit	0.0
𓂣𓏌𓅱𓍘𓇋	D42,W24,G43,U33,M17	rmnwty	companion	0.0
𓂣𓊪𓋳	D42,Q3,S28	kAp	bandage	0.0
𓂣𓊪𓅱	D42,Q3,G43	kApw	roof	0.0
𓂧𓇋𓏇𓋳	D46,M17,W19,S28	idmi	red linen	0.0
𓂧𓈖𓋴𓍖𓊌𓅓𓉔𓅱𓏏𓏛𓏥	D46,N35,S29,U32,O39,G17,O4,G43,X1,Y1,Z2	dns  mhwt	guarded of speech	0.0
𓂧𓏤	D46,Z1	Hnt	palm of hand	0.0
𓂧𓄣𓏤𓂋	D46,F34,Z1,D21	d  ib  r	set one''s heart on	0.0
𓂧𓄿𓅯	D46,G1,G41,J2	dA	shake, tremble	0.0
𓂧𓄿𓅱𓏏𓅭𓏥	D46,G1,G43,X1,G39,Z2	dAwt	shaking, trembling	0.0
𓂧𓄿𓅱𓏏𓏥	D46,G1,G43,X1,Z2,J2	dAwt	shaking, trembling	0.0
𓂧𓄿𓂸	D46,G1,D52	dA	copulate	0.0
𓂧𓄿𓂻	D46,G1,D54	dA	become loose, wobble (of decaying limbs)	0.0
𓂧𓄿𓇋𓂻	D46,G1,M17,D54	dAi	subdue (lands)	0.0
𓂧𓄿𓇋𓋴	D46,G1,M17,S29	dAiw	loin - cloth	0.0
𓂧𓄿𓇋𓏲𓋳	D46,G1,M17,Z7,S28	dAiw	loin - cloth	0.0
𓂧𓃛𓅱𓈀	D46,E9,G43,N18	dAiw	loin - cloth	0.0
𓂧𓅱𓇋𓅱𓈅	D46,G43,M17,G43,N21	dAiw	loin - cloth	0.0
𓂧𓄿𓃀𓇭𓈒𓏥	D46,G1,D58,M43,N33,Z2	dAbw	figs	0.0
𓂧𓃀𓍼𓈒𓏥	D46,D58,V12,N33,Z2	dAbw	figs	0.0
𓂧𓃀𓅱𓇭𓈒𓏥	D46,D58,G43,M43,N33,Z2	dAbw	figs	0.0
𓂧𓄿𓂋𓌗𓏝	D46,G1,D21,T12,Y2	dAr	control (temper), subdue (foes), supress (evil), rob (someone), steal (goods)	0.0
𓂧𓄿𓇋𓂋𓌗𓀜	D46,G1,M17,D21,T12,A24	dAr	control (a tribe)	0.0
𓂧𓄿𓇋𓂋𓌗𓀜	D46,G1,M17,D21,T12,A24	dAir	rape	0.0
𓂧𓄿𓂋𓌗𓏝𓄣𓏤	D46,G1,D21,T12,Y2,F34,Z1	dAr  ib	self denial, self control	0.0
𓂧𓄿𓂧𓄿𓂺	D46,G1,D46,G1,D53	dAdA	copulate, masturbate, misbehave, rape, sodomize ?,	0.0
𓂧𓇋𓇋𓏏𓇇	D46,M17,M17,X1,M15	dyt	papyrus plant	0.0
𓂧𓏮𓈐	D46,Z4A,N31	dy	here, there	0.0
𓂧𓏏𓏤𓏤𓏤𓏪𓀀𓁐	D46,X1,Z1,Z1,Z1,Z3,A1,B1	diwt	gang of 5	0.0
𓂧𓅱𓏏𓏤𓏤𓏤𓏤𓏤	D46,G43,X1,Z1,Z1,Z1,Z1,Z1	diwt	gang of 5	0.0
𓂧𓏪𓏤𓏤𓅱𓏏𓏛𓏥	D46,Z3,Z1,Z1,G43,X1,Y1,Z2	diwt	bellow	0.0
𓂧𓅱𓂡	D46,G43,D40	dw	give, place	0.0
𓂧𓍯𓄿𓇋𓇋𓏏𓇼𓇳𓏮	D46,V4,G1,M17,M17,X1,N14,N5,Z4A	dwAyt	morning	0.0
𓂧𓍯𓏏𓇽	D46,V4,X1,N15	dwAt	netherworld, nether chamber (in tomb)	0.0
𓂧𓄿𓏏𓇽	D46,G1,X1,N15	dwAt	netherworld	0.0
𓂧𓄿𓏏𓇽	D46,G1,X1,N15	dwAt	netherworld	0.0
𓂧𓍯𓀢	D46,V4,A30	dwA	praise, worship	0.0
𓂧𓍯𓄿𓏏𓅱𓀢𓏪	D46,V4,G1,X1,G43,A30,Z3	dwAwt	praises	0.0
𓂧𓍯𓏏𓅱𓅱𓇼𓀢𓏛𓏥	D46,V4,X1,G43,G43,N14,A30,Y1,Z2	dwAwt	praises	0.0
𓂧𓍯𓇼𓅨	D46,V4,N14,G36,D156,G7C	dwA  wr	deified royal beard	0.0
𓂧𓍯𓇼𓅐𓏏𓆑𓅆	D46,V4,N14,G14,X1,I9,G7	dwA  mwt  .f	Duamutef	0.0
𓂧𓃹𓈖𓂻	D46,E34,N35,D54	dwn	stretch out (legs, hands), stretch (bow), straighten (knees),	0.0
𓂧𓃹𓈖𓍢	D46,E34,N35,V1	dwn	stretch out (legs, hands)	0.0
𓂧𓇬𓈖𓌒	D46,M42,N35,T9	dwn	stretch (bow)	0.0
𓂧𓃹𓈖𓏌𓀜	D46,E34,N35,W24,A24	dwn	straighten (knees)	0.0
𓂧𓃹𓈖𓂻	D46,E34,N35,D54	dwn	be stretched out, taut, be prostrate	0.0
𓂧𓃀𓃯	D46,D58,E25	db	hippopotomus	0.0
𓂧𓇋𓃀𓃯	D46,M17,D58,E25	db	hippopotomus	0.0
𓂧𓃀𓏏𓄛	D46,D58,X1,F27	dbt	female hippopotomus	0.0
𓂧𓃀𓄏	D46,D58,F16	db	horn (of animal), wing (of army)	0.0
𓂧𓃀𓂝	D46,D58,D36	dbi	stop up	0.0
𓂧𓃀𓈖𓂂𓂻	D46,D58,N35,D12,D54	dbn	go round (a place), travel round (a region)	0.0
𓂧𓃀𓈖𓄷𓊌	D46,D58,N35,F49,O39	dbn	weight (of about 91 grammes), weight (of balance)	0.0
𓂧𓃀𓈖𓏏𓁸	D46,D58,N35,X1,D3	dbnt	lock of hair	0.0
𓂧𓃀𓎛𓀁	D46,D58,V28,A2	dbH	ask for, beg, requisition (from)	0.0
𓂧𓄑𓃀𓎛𓏛	D46,F18,D58,V28,Y1	dbH	ask for, beg, requisition (from)	0.0
𓂧𓄑𓎛𓅱	D46,F18,V28,G43	dbHw	requirements, necessaries	0.0
𓂧𓄑𓃀𓎛𓎺	D46,F18,D58,V28,W10	dbHw	requirements, necessaries	0.0
𓂧𓄑𓃀𓎛𓌽	D46,F18,D58,V28,U9	dbHw	requirements, necessaries	0.0
𓂧𓃀𓎛𓏏𓄑	D46,D58,V28,X1,F18	dbHt	necessaries	0.0
𓂧𓄑𓃀𓎛𓏏𓏛𓏥	D46,F18,D58,V28,X1,Y1,Z2	dbHt	necessaries	0.0
𓂧𓃀𓎛𓏏𓄑𓏥𓊵𓏏𓊪𓏳𓏥	D46,D58,V28,X1,F18,Z2,R4,X1,Q3,Z8,Z2	dbHt  Htp	funerary meal	0.0
𓂧𓄑𓏏𓊵𓏳	D46,F18,X1,R4,Z8	dbHt  Htp	funerary meal	0.0
𓂧𓃀𓎛𓅱𓏯	D46,D58,V28,G43,Z5	dbHw	measure for offerings	0.0
𓂧𓄑𓃀𓎛𓅱𓏯	D46,F18,D58,V28,G43,Z5	dbHw	measure for offerings	0.0
𓂧𓃀𓂧𓃀𓀁	D46,D58,D46,D58,A2	dbdb	thump (of heart)	0.0
𓂧𓊪𓊖	D46,Q3,O49	dp	Dep (Delta city)	0.0
𓂧𓊪𓄓𓀁	D46,Q3,F20,A2	dp	taste (verbo), experience	0.0
𓂧𓊪𓏏𓄓𓀁	D46,Q3,X1,F20,A2	dpt	taste	0.0
𓂧𓊪𓏏𓊛	D46,Q3,X1,P1	dpt	ship	0.0
𓂧𓊪𓏏𓄹	D46,Q3,X1,F51	dpt	loins	0.0
𓂧𓊪𓇋𓇋𓆊	D46,Q3,M17,M17,I3	dpy	crocodile	0.0
𓂧𓊪𓆊	D46,Q3,I3	dpy	crocodile	0.0
𓂧𓊪𓏏𓏭𓄓	D46,Q3,X1,Z4,F20	dpty	an offering	0.0
𓂧𓆑𓄿𓅪𓏛𓄣𓏤	D46,I9,G1,G37,Y1,F34,Z1	dfA  ib	stolid	0.0
𓂧𓆑𓂧𓆑𓈒𓈒𓈒𓈒	D46,I9,D46,I9,N33,N33,N33,N33	dfdf	drip	0.0
𓂧𓅓𓏏𓌪𓏤	D46,G17,X1,T30,Z1	dmt	knife	0.0
𓂧𓅓𓌪𓀁	D46,G17,T30,A2	dm	pronounce, proclaim (name), mention (by name), be renowned (of office)	0.0
𓂧	D46,G96	dm	be sharp, sharpen, pierce (sky)	0.0
𓂧𓅓	D46,G17,T30A	dm	be sharp, sharpen, pierce (sky)	0.0
𓂧𓂡	D46,J15,T30A,D40	dm	be sharp	0.0
𓂧𓅓𓋬	D46,G17,S23	dm	sharpen	0.0
𓂧𓋬	D46,S23	dm	pronounce, proclaim (name), mention (by name), be renowned (of office)	0.0
𓂧𓅓𓋬𓏛	D46,G17,S23,Y1	dm	pronounce, proclaim (name), mention (by name), be renowned (of office)	0.0
𓂧𓅓𓌪	D46,G17,T30	dm	pronounce, proclaim (name), mention (by name), be renowned (of office)	0.0
𓂧𓌳𓄿𓍖𓏛	D46,U1,G1,U32,Y1	dmA	stretch, be stretched out	0.0
𓂧𓌳𓏏𓆃	D46,U1,X1,H5	dmAt	wing	0.0
𓂧𓌳𓇦	D46,U1,M37	dmA	bind together	0.0
𓂧𓌳𓄿𓇦𓂡	D46,U1,G1,M37,D40	dmA	bind together	0.0
𓂧𓅁𓌪𓂡	D46,G3,T30,D40	dmA	cut off (heads)	0.0
𓂧𓌳𓇦	D46,U1,M37	dmA	cut off (heads)	0.0
𓂧𓌗𓌳𓀀𓏥	D46,T12,U1,A1,Z2	dmAw	groups, classes	0.0
𓂧𓏇𓇋𓂢	D46,W19,M17,D41	dmi	touch, reach (a place)	0.0
𓂧𓏇𓇋𓂻	D46,W19,M17,D54	dmi	reach (a place)	0.0
𓂧𓏇𓇋𓂢	D46,W19,M17,D41	dmi	be joined (to), accrue (to), cleave (to), suit (someone), befall (someone)	0.0
𓂧𓏇𓇋𓀜	D46,W19,M17,A24	dmi	be joined (to)	0.0
𓂧𓏇𓇋𓏛	D46,W19,M17,Y1	dmi	be joined (to)	0.0
𓂧𓏇𓇋𓂛𓀜	D46,W19,M17,D34A,A24	dmi	cleave (to)	0.0
𓂧𓏇𓇋𓈅	D46,W19,M17,N21	dmi	vicinity	0.0
𓂧𓏇𓇋𓈇𓀀𓏥	D46,W19,M17,N23,A1,Z2	dmiw	fellow - citizens	0.0
𓂧𓏇𓇋𓊳	D46,W19,M17,R3A	dmi	(ornamental)  fruit dish	0.0
𓂧𓋬𓆓𓏛	D46,S23,I10,Y1	dmD	reassemble (dismembered body), assemble, bring together (people)	0.0
𓂧𓋬𓆓𓏛	D46,S23,I10,Y1	dmD	associate (with), join (someone), unite (lands)	0.0
𓂧𓋬𓆓𓏛	D46,S23,I10,Y1	dmD	accumulate (grain), compile (spell), extend (hand)	0.0
𓂧𓋬𓏛	D46,S23,Y1	dmD	reassemble (dismembered body), assemble, bring together (people)	0.0
𓂧𓋬𓏛	D46,S23,Y1	dmD	associate (with), join (someone), unite (lands)	0.0
𓂧𓋬𓏛	D46,S23,Y1	dmD	accumulate (grain), compile (spell), extend (hand)	0.0
𓂧𓋬𓅓𓆓𓏛	D46,S23,G17,I10,Y1	dmD	reassemble (dismembered body), assemble, bring together (people)	0.0
𓂧𓋬𓅓𓆓𓏛	D46,S23,G17,I10,Y1	dmD	associate (with), join (someone), unite (lands)	0.0
𓂧𓋬𓅓𓆓𓏛	D46,S23,G17,I10,Y1	dmD	accumulate (grain), compile (spell), extend (hand)	0.0
𓂧𓋬𓅓𓆓𓅱𓏛𓀭𓏥	D46,S23,G17,I10,G43,Y1,A40,Z2	dmDw	crowd	0.0
𓂧𓈖𓌪	D46,N35,T30	dn	cut off (heads), kill (someone)	0.0
𓂧𓈖𓇋𓍸𓀜	D46,N35,M17,V11,A24	dni	dam (water), construct (dam), hold back, restrain (someone), revet (earthen banks)	0.0
𓂧𓈖𓇋𓏯𓂡	D46,N35,M17,Z5,D40	dni	dam (water), construct (dam), hold back, restrain (someone), revet (earthen banks)	0.0
𓂧𓈖𓇋𓍸	D46,N35,M17,V11	dni	revet (earthen banks)	0.0
𓂧𓈖𓇋𓏏𓍸𓈇𓏤	D46,N35,M17,X1,V11,N23,Z1	dnit	dam	0.0
𓂧𓈖𓇋𓏏𓈗𓈘𓈇𓏤	D46,N35,M17,X1,N35A,N36,N23,Z1	dnit	ditch, canal	0.0
𓂧𓈖𓇋𓏏𓏌	D46,N35,M17,X1,W24	dnit	bowl	0.0
𓂧𓈖𓇋𓏏	D46,N35,M17,X1,J19	dnit	basket	0.0
𓂧𓈖𓇋𓏏𓎱𓇳	D46,N35,M17,X1,W3,N5	dnit	a festival	0.0
𓂧𓈖𓇋𓄔	D46,N35,M17,F21	dni	share out	0.0
𓂧𓈖𓇋𓅱𓏳𓏥	D46,N35,M17,G43,Z8,Z2	dniw	share, portion	0.0
𓂧𓈖𓇋𓅱	D46,N35,M17,G43,J19	dniw	share, portion	0.0
𓂧𓈖𓇋𓇋𓏏𓍼𓏤	D46,N35,M17,M17,X1,V12,Z1	dnyt	land - register	0.0
𓂧𓈖𓏌𓅱𓏛	D46,N35,W24,G43,Y1	dnw	flaw (in stone)	0.0
𓂧𓈖𓏌𓏏𓅱𓀀𓈒𓈒𓈒	D46,N35,W24,X1,G43,A1,N33,N33,N33	dnwt	families	0.0
𓂧𓈖𓋴𓍖𓏛	D46,N35,S29,U32,Y1	dns	heavy	0.0
𓂧𓈖𓊃𓊌	D46,N35,O34,O39	dns	heaviness	0.0
𓂧𓈖𓋴𓍖𓊌𓏥	D46,N35,S29,U32,O39,Z2	dnsw	weights (of net)	0.0
𓂧𓈖𓎼𓄔𓀀	D46,N35,W11,F21,A282,A1	dng	pygmy, dwarf	0.0
𓂧𓈖𓂧𓈖𓂻	D46,N35,D46,N35,D54	dndn	traverse (a place, a way)	0.0
𓂧𓂋𓀜	D46,D21,A24	dr	subdue (enemies), expel, drive out (people, illness)	0.0
𓂧𓂋𓀜	D46,D21,A24	dr	remove (need, evil), repress (wrongdoer), destroy (places)	0.0
𓂧𓂋𓀜	D46,D21,A24	dr	lay down (flooring), overlay (floor)	0.0
𓂧𓂋𓊪𓂡	D46,D21,Q3,D40	drp	offer to (god), feed (someone), present (dues)	0.0
𓂧𓂋𓊪𓂡	D46,D21,Q3,D40	drp	make offering	0.0
𓂧𓂋𓊪𓅱𓏳𓏥	D46,D21,Q3,G43,Z8,Z2	drpw	offerings	0.0
𓂧𓂋𓆑𓏯𓏛	D46,D21,I9,Z5,Y1	drf	writing, script, title deeds	0.0
𓂧𓂋𓎼𓇋𓇋𓏏𓅭	D46,D21,W11,M17,M17,X1,G39	drgyt	bat (mammal)	0.0
𓂧𓉔𓈖𓏏𓁶	D46,O4,N35,X1,D1	dhnt	forehead	0.0
𓂧𓉔𓈖𓏏𓁶𓊌	D46,O4,N35,X1,D1,O39	dhnt	mountain - top	0.0
𓂧𓉔𓈖𓁶𓇾𓈇𓏤	D46,O4,N35,D1,N16,N23,Z1	dhn  tA	touch the earth with the forehead in obeisance	0.0
𓂧𓉔𓈖𓀁	D46,O4,N35,A2	dhn	appoint	0.0
𓂧𓉔𓈖𓂢𓂡	D46,O4,N35,D41,D40	dhn	appoint	0.0
𓂧𓎛𓇋𓅪	D46,V28,M17,G37	dHi	hang down, be low, be humiliated	0.0
𓂧𓎛𓅪	D46,V28,G37	dHi	hang down	0.0
𓂧𓇉𓄿𓅪	D46,M16,G1,G37	dHi	be low	0.0
𓂧𓎛𓅪𓂢	D46,V28,G37,D41	dHi	be humiliated	0.0
𓂧𓇉𓄿𓆰𓏥	D46,M16,G1,M2,Z2	dHA	straw	0.0
𓂧𓁷𓂋𓄛	D46,D2,D21,F27	dHr	leather, hide	0.0
𓂧𓁷𓂋𓇋𓄛	D46,D2,D21,M17,F27	dHr	leather, hide	0.0
𓂧𓁷𓂋𓅪	D46,D2,D21,G37	dHr	bitter, bitterness	0.0
𓂧𓁷𓂋𓏏𓅪𓏥	D46,D2,D21,X1,G37,Z2	dHrt	bitterness, sickness	0.0
𓂧𓁷𓂋𓏏𓄛𓅪𓏥	D46,D2,D21,X1,F27,G37,Z2	dHrt	sickness	0.0
𓂧𓎛𓏏𓏭𓈓	D46,V28,X1,Z4,N33A	dHty	lead	0.0
𓂧𓋴	D46,S29,W73	ds	jar	0.0
𓂧𓊃𓏭𓏌	D46,O34,Z4,W24	ds	jar	0.0
𓂧𓋴𓌪	D46,S29,T30	ds	knife	0.0
𓂧𓊃𓌪𓊌	D46,O34,T30,O39	ds	flint	0.0
𓂧𓋴𓇋𓀁	D46,S29,M17,A2	dsi	vilify	0.0
𓂧𓈙𓂋𓅟	D46,N37,D21,G27	dSr	flamingo	0.0
𓂧𓈙𓂋𓅟	D46,N37,D21,G27	dSr	red, reddening	0.0
𓂧𓈙𓂋𓏯	D46,N37,D21,Z5	dSr	red, reddening	0.0
𓂧𓈙𓂋𓅟𓄣𓏤	D46,N37,D21,G27,F34,Z1	dSr  ib	furious	0.0
𓂧𓈙𓂋𓅟𓁷𓏤	D46,N37,D21,G27,D2,Z1	dSr  Hr	furious	0.0
𓂧𓈙𓂋𓏏𓋔	D46,N37,D21,X1,S3	dSrt	the Red Crown	0.0
𓂧𓈙𓂋𓏏𓏯	D46,N37,D21,X1,Z5	dSrt	the Red Crown	0.0
𓂧𓈙𓂋𓏏𓅟𓈉	D46,N37,D21,X1,G27,N25	dSrt	the Red Land, desert	0.0
𓂧𓈙𓂋𓏏𓈉	D46,N37,D21,X1,N25	dSrt	the Red Land, desert	0.0
𓂧𓈙𓂋𓏏𓊖	D46,N37,D21,X1,O49	dSrt	the Red Land, desert	0.0
𓂧𓈙𓂋𓏏𓏯	D46,N37,D21,X1,Z5	dSrt	wrath	0.0
𓂧𓈙𓂋𓅱𓅪𓏥	D46,N37,D21,G43,G37,Z2	dSrw	wrath	0.0
𓂧𓈙𓂋𓅱𓅟𓏥	D46,N37,D21,G43,G27,Z2	dSrw	wrath	0.0
𓂧𓈙𓂋𓅱𓅟	D46,N37,D21,G43,G27	dSrw	blood	0.0
𓂧𓈙𓂋𓂐	D46,N37,D21,D26	dSrw	blood	0.0
𓂧𓈎𓌽	D46,N29,U9	dq	flour, powder	0.0
𓂧𓈎𓂷𓈓	D46,N29,D51,N33A	dq	flour, powder	0.0
𓂧𓈎𓂋𓂷𓈓	D46,N29,D21,D51,N33A	dq	flour, powder	0.0
𓂧𓈎𓇋𓇋𓂷𓈓	D46,N29,M17,M17,D51,N33A	dq	flour, powder	0.0
𓂧𓈎𓂋𓂷	D46,N29,D21,D51	dqr	press (against), exclude (from), a process in spinning	0.0
𓂧𓈎𓂋𓂷𓈒𓏥	D46,N29,D21,D51,N33,Z2	dqrw	fruit, fruit - trees	0.0
𓂧𓎼𓀃	D46,W11,A4	dgi	hide	0.0
𓂧𓎼𓄿𓇋𓇋𓀃𓅪	D46,W11,G1,M17,M17,A4,G37	dgi	hide	0.0
𓂧𓎼𓁹	D46,W11,D4	dgi	look (at)	0.0
𓂧𓎼𓄿𓁺	D46,W11,G1,D5	dgi	look (at)	0.0
𓂧𓎼𓁹	D46,W11,D4	dgi	see, behold	0.0
𓂧𓎼𓇋𓇋𓁹	D46,W11,M17,M17,D4	dgi	see, behold	0.0
𓂧𓎼𓄿𓇋𓇋𓁼	D46,W11,G1,M17,M17,D7	dgi	see, behold	0.0
𓂧𓎼𓄿𓇋𓇋𓏏𓁺	D46,W11,G1,M17,M17,X1,D5	dgAyt	starring	0.0
𓂧𓎼𓄿𓂾𓂻𓏛	D46,W11,G1,D56,D54,Y1	dgA	walk	0.0
𓂧𓎼𓇋𓇋𓏏𓀃𓅭	D46,W11,M17,M17,X1,A4,G39	dgyt	a type of bird	0.0
𓂧𓎼𓇋𓇋𓏏𓅭	D46,W11,M17,M17,X1,G39	dgyt	bat (mammal)	0.0
𓂧𓄿𓎼𓇋𓇋𓏏𓅯	D46,G1,W11,M17,M17,X1,G41	dgyt	bat (mammal)	0.0
𓂧𓂋𓎼𓇋𓇋𓏏𓅭	D46,D21,W11,M17,M17,X1,G39	dgyt	bat (mammal)	0.0
𓂧𓄿𓎼𓇋𓇋𓏯	D46,G1,W11,M17,M17,Z5	dgyt	bat (mammal)	0.0
𓂧𓅠𓅓𓆭	D46,G28,G17,M1	dgm	castor - oil plant	0.0
𓂧𓎼𓅓𓁻	D46,W11,G17,D6	dgm	be speechless	0.0
𓂧𓎼𓅓𓀉	D46,W11,G17,A7	dgm	be speechless	0.0
𓂧𓎼𓄿𓋴𓂾𓂻	D46,W11,G1,S29,D56,D54	dgs	walk	0.0
𓂧𓂧𓏏	D46,D46,X1,W79	ddt	dish	0.0
𓂧𓂧𓃹𓈖	D46,D46,E34,N35,A42C	ddwn	a Nubian god	0.0
𓂧𓂧𓃹𓀭	D46,D46,E34,A40	ddwn	a Nubian god	0.0
𓂧𓈋𓈓	D46,N26,N33A	dDw	type of grain	0.0
𓂧𓅱𓈋𓅱𓈒𓈒𓈒	D46,G43,N26,G43,N33,N33,N33	dDw	type of grain	0.0
𓂧𓃀𓏏𓊌	D46,D58,X1,O39	Dbt	brick, ingot, slab (of metal)	0.0
𓂧𓃀𓅡𓄿𓌥𓏛	D46,D58,G29,G1,T25,Y1	DbA	replace, restore	0.0
𓂧𓃀𓅡𓄿𓏲𓌥𓏛𓏥	D46,D58,G29,G1,Z7,T25,Y1,Z2	DbAw	payments, reward, compensation, bribes	0.0
𓂧𓆑𓄿𓆛𓏥	D46,I9,G1,K1,Z2	Dfaw	provisions, sustenance, victuals,  (deified as) Abundance	0.0
𓂧𓈖𓃀𓅱𓈅𓏥	D46,N35,D58,G43,N21,Z2	Dnbw	territories	0.0
𓂧𓈖𓂧𓄃	D46,N35,D46,F5	Dnd	wrath	0.0
𓂧𓈖𓂧𓈖𓀜	D46,N35,D46,N35,A24	DnDn	be angry	0.0
𓂧𓏏𓄹	D46,X1,F51	Drt	hand, trunk (of elephant), handle (of jar)	0.0
𓂧𓂋𓏏	D46,D21,X1	Dryt	kite (bird)	0.0
𓂨𓏏	D46A,X1	idt	sweet savour, fragrance	0.0
𓏏𓏤	D46D,X1,Z1	Drt	hand, trunk (of elephant), handle (of jar)	0.0
𓂬𓊪𓋳	D49,Q3,S28	kAp	bandage	0.0
𓂭𓂝𓀁	D50,D36,A2	Dba	point the finger (at)	0.0
𓂭𓂝𓅱𓀁	D50,D36,G43,A2	Dbaw	reproach	0.0
𓂭𓂝𓅱𓏏𓋩	D50,D36,G43,X1,S20	Dbawt	signet, seal	0.0
𓂭𓅱𓏏𓍶	D50,G43,X1,V9	Dbawt	signet, seal	0.0
𓂭𓂝𓏏𓋩	D50,D36,X1,S20	Dbawt	signet, seal	0.0
𓂭𓂝𓇋𓇋𓏏𓋩	D50,D36,M17,M17,X1,S20	Dbawt	signet, seal	0.0
𓂷𓈒𓏥	D51,N33,Z2	qAA	grains	0.0
𓂷𓈓	D51,N33A	dq	flour, powder	0.0
𓂸𓎩𓃒	D52,V37,E1	kA  idr	bull of the herd (Head Bull ?)	0.0
𓂸𓃒𓏤𓈖𓎩	D52,E1,Z1,N35,V37	kA  n  idr	bull of the herd (Head Bull ?)	0.0
𓂸𓏤𓏳	D52,Z1,Z8	bAH	measure of capacity	0.0
𓂸𓄹	D52,F51	bDA	penis	0.0
𓂸𓏏𓁐	D52,X1,B1	mwt	mother	0.0
𓂸𓏏𓏯	D52,X1,Z5	mt	vessel, duct, muscle	0.0
𓂸𓏏𓁐	D52,X1,B1	mwt	mother	0.0
𓂸𓆇	D52,H8	mt	bolus, lump, pill	0.0
𓂸𓏏𓏯	D52,X1,Z5	mt	strip ? (of cloth)	0.0
𓂸𓏏𓏭	D52,X1,Z4	mty	strips ? (of cloth)	0.0
𓂸𓏏𓏭𓌙𓌙𓏛	D52,X1,Z4,T14,T14,Y1	mty	straightforward, precise,exact, regular (of seasons), customary (of diet), usual (of form)	0.0
𓂸𓏏𓂋𓌙𓌙𓏛	D52,X1,D21,T14,T14,Y1	mty	straightforward, precise	0.0
𓂸𓏏𓌙𓌙𓏛	D52,X1,T14,T14,Y1	mty	straightforward, precise	0.0
𓂸𓏏𓏭𓏛	D52,X1,Z4,Y1	mty	regular (of seasons)	0.0
𓂸𓏏𓏭𓌙𓌙𓏛	D52,X1,Z4,T14,T14,Y1	mty	exactitude, exacxtness	0.0
𓂸𓏏𓇋𓇋𓏏𓌙𓌙	D52,X1,M17,M17,X1,T14,T14	mtyt	rectitude	0.0
𓂸𓏏𓏏𓇳𓏤	D52,X1,X1,N5,Z1	mtt	exact moment	0.0
𓂸𓏏𓏏𓌙𓌙𓏛𓈖𓏏𓄣𓏤	D52,X1,X1,T14,T14,Y1,N35,X1,F34,Z1	mtt  nt  ib	affection ?	0.0
𓂸𓏏𓏭𓀀	D52,X1,Z4,A1	mty	controller	0.0
𓂸𓏏𓈖𓎂	D52,X1,N35,V16	mty  n  sA	controller of a (priestly) phyle	0.0
𓂸𓏏𓏭𓀀𓈖𓎃𓀀𓏥	D52,X1,Z4,A1,N35,V17,A1,Z2	mty  n  sA	controller of (priestly) phyle	0.0
𓂸𓏏𓏲𓏏𓂺𓏥	D52,X1,Z7,X1,D53,Z2	mtwt	semen, seed, progeny,  poison, ill-will	0.0
𓂸𓏏𓅱𓏏𓏥	D52,X1,G43,X1,Z2	mtwt	semen	0.0
𓂸𓏏𓃹𓈖𓃒𓏤	D52,X1,E34,N35,E1,Z1	mTwn	arena	0.0
𓂸𓏏𓂸𓏏𓄔𓀁	D52,X1,D52,X1,F21,A2	mtmt	discuss, discussion	0.0
𓂸𓏏𓈖𓌙𓌙𓏛	D52,X1,N35,T14,T14,Y1	mtn	reward	0.0
𓂸𓏏𓏌𓏏𓏛	D52,X1,W24,X1,Y1	mtnwt	reward	0.0
𓂸𓏌𓏏	D52,W24,X1	mtnwt	reward	0.0
𓂸𓏏𓈖𓇋𓇋𓏏𓏛𓏥	D52,X1,N35,M17,M17,X1,Y1,Z2	mtnwt	reward	0.0
𓂸𓏏𓂋𓌙𓌙𓀁	D52,X1,D21,T14,T14,A2	mtr	testify concerning, exhibit (virtues), charge (tasks), instruct	0.0
𓂸𓏏𓂋𓏭	D52,X1,D21,Z4	mtr	testify concerning	0.0
𓂸𓏏𓌙𓌙𓏛	D52,X1,T14,T14,Y1	mtr	testify concerning	0.0
𓂸𓏏𓂋𓌙𓌙𓀁	D52,X1,D21,T14,T14,A2	mtr	be famous, renowned	0.0
𓂸𓏏𓂋𓌙𓌙𓏛𓏥	D52,X1,D21,T14,T14,Y1,Z2	mtr	fame, renown	0.0
𓂸𓏏𓇋𓇋𓏏	D52,X1,M17,M17,X1	mtr	fame, renown	0.0
𓂸𓏏𓂋𓌙𓌙𓀁𓏥	D52,X1,D21,T14,T14,A2,Z2	mtr	fame, renown	0.0
𓂸𓏏𓇋𓇋𓌙𓌙	D52,X1,M17,M17,T14,T14	mtr	fame, renown	0.0
𓂸𓏏𓏏	D52,X1,X1	mtrt	testimony	0.0
𓂸𓏏𓂋𓅱𓌙𓌙𓀁𓀀	D52,X1,D21,G43,T14,T14,A2,A1	mtrw	witness	0.0
𓂸𓏏𓂋𓌙𓌙𓀀	D52,X1,D21,T14,T14,A1	mtrw	witness	0.0
𓂸𓏏𓂋𓅱𓌙𓌙𓀁𓀀𓅓𓁹𓁹	D52,X1,D21,G43,T14,T14,A2,A1,G17,D4,D4	mtrw  m  irty	visible testimony	0.0
𓂸𓏏𓂋𓏲𓌙𓌙𓈗𓈘𓈇	D52,X1,D21,Z7,T14,T14,N35A,N36,N23	mtrw	flood	0.0
𓂸𓏏𓏭𓌙𓌙𓈗	D52,X1,Z4,T14,T14,N35A	mtrw	flood	0.0
𓂸𓏏𓂋𓏏𓇳	D52,X1,D21,X1,N5	mtrt	midday	0.0
𓂸𓏏𓎛𓈖𓏏𓁐	D52,X1,V28,N35,X1,B1	mt  Hnt	concubine	0.0
𓂸𓏏𓎛𓆰𓈖𓏏𓁐	D52,X1,V28,M2,N35,X1,B1	mt  Hnt	concubine	0.0
𓂸𓏏𓃹𓈖𓃒𓏤	D52,X1,E34,N35,E1,Z1	mTwn	arena	0.0
𓂸𓏏𓈖𓈐𓈇	D52,X1,N35,N31,N23	mTn	road, way	0.0
𓂸𓃒	D52,E1	kA	bull	0.0
𓂸𓃔	D52,E3	kA	bull calf	0.0
𓂸𓃔	D52,E3	TAy	bull calf	0.0
𓂻𓂽	D54,D55	pr  hA	come and go	0.0
𓂻𓏏𓏤	D54,X1,Z1	nmtt	stride, journeys, movements, actions, (legal) procedure	0.0
𓂻𓂻𓂻	D54,D54,D54	nmtt	stride, journeys, movements, actions, (legal) procedure	0.0
𓂻𓏥	D54,Z2	nmtt	stride, journeys, movements, actions, (legal) procedure	0.0
𓂾𓏏𓏥	D56,X1,Z2	wart	flight	0.0
𓂾𓏏𓄹	D56,X1,F51	wart	foot	0.0
𓂾𓏏𓈇	D56,X1,N23	wart	administrative division, quarter, part	0.0
𓂾𓅱𓀀	D56,G43,A1	wartw	administrator, attendant	0.0
𓂾𓏏𓇋𓇋𓏏	D56,X1,M17,M17,X1	wartyt	administratrix	0.0
𓂾𓏏𓏏	D56,X1,X1	wartyt	administratrix	0.0
𓂾𓋴𓆱𓏤	D56,S29,M3,Z1	pds	box, casket	0.0
𓂾𓏤𓆱𓏤	D56,Z1,M3,Z1	pds	box, casket	0.0
𓂾𓏛	D56,Y1	sbq	splendid	0.0
𓂾𓋴𓃲	D56,S29,E28	gHs	gazelle	0.0
𓂾	D56,Y24	thm	perforation, puncture	0.0
𓂿𓏏𓏭𓀀	D57,X1,Z4,A1	siAty	mutilator, twister (of speech)	0.0
𓃀𓂝𓂝𓏛	D58,D36,D36,Y1	aba	boast, boasting, exaggeration	0.0
𓃀𓅡𓄿𓄛	D58,G29,G1,F27	bA	leopard	0.0
𓃀𓅡𓃮	D58,G29,X11,E24	bA	leopard	0.0
𓃀𓅡𓄇𓄛	D58,G29,F9,F27	bA	leopard skin	0.0
𓃀𓅡𓄿𓌻𓂡	D58,G29,G1,U7,D40	bA	hack up (the earth), hoe (crops), destroy, devastate	0.0
𓃀𓅡𓄿𓏏𓆰	D58,G29,G1,X1,M2	bAt	bush, wisp (of corn)	0.0
𓃀𓅡𓄿𓄿𓏲𓏏𓂺	D58,G29,G1,G1,Z7,X1,D53	bAAwt	virility	0.0
𓃀𓅡𓇋𓇋	D58,G29,M17,M17,F36A	bAy	foot-ewer	0.0
𓃀𓅡𓄿𓇋𓏲𓈗	D58,G29,G1,M17,Z7,N35A	bAiw	damp	0.0
𓃀𓅡𓄿𓇋𓇋𓈗	D58,G29,G1,M17,M17,N35A	bAiw	damp	0.0
𓃀𓅡𓄿𓏲𓊛	D58,G29,G1,Z7,P1	bAw	galley	0.0
𓃀𓅡𓄿𓃀𓅡𓄿𓏏𓈗	D58,G29,G1,D58,G29,G1,X1,N35A	bAbAt	inshore eddy ?	0.0
𓃀𓃀𓏏𓈗	D58,D58,X1,N35A	bAbAt	inshore eddy	0.0
𓃀𓃀𓏏𓈇	D58,D58,X1,N23	bAbAt	inshore eddy	0.0
𓃀𓅡𓃀𓅡𓅱𓂂	D58,G29,D58,G29,G43,D12	bAbAw	hole (socket of eye, apertures of head)	0.0
𓃀𓅡𓃀𓅡𓅱𓉐	D58,G29,D58,G29,G43,O1	bAbAw	hole (socket of eye, apertures of head)	0.0
𓃀𓅡𓄿𓎛𓂺	D58,G29,G1,V28,D53	bAH	phallus, glans	0.0
𓃀𓅡𓄿𓄡𓅱𓁺𓈉	D58,G29,G1,F32,G43,D5,N25	bAXw	Bahu: a region (originally West of Egypt, later on, the East)	0.0
𓃀𓄡𓅱𓁹𓈉	D58,F32,G43,D4,N25	bAXw	Bahu: a region (originally west of Egypt, later on, to the East)	0.0
𓃀𓋴	D58,S29,W10B	bAs	jar	0.0
𓃀𓅡𓊨𓏏𓊖	D58,G29,Q1,X1,O49	bAst	Bubastis	0.0
𓃀𓅡𓋴𓎯	D58,G29,S29,W1	bAs	devour	0.0
𓃀𓅡𓄿𓈎𓆭𓏌𓏥	D58,G29,G1,N29,M1,W24,Z2	bAq	moringa  oil	0.0
𓃀𓈎𓏌𓏥	D58,N29,W24,Z2	bAq	moringa oil	0.0
𓃀𓅡𓄿𓈎𓆭	D58,G29,G1,N29,M1	bAq	oily, bright, white, be dazzled (of sight), clear of character, innocent, fortunate	0.0
𓃀𓅡𓄿𓈎𓏛	D58,G29,G1,N29,Y1	bAq	oily, bright	0.0
𓃀𓅡𓈎𓏛	D58,G29,N29,Y1	bAq	fortunate	0.0
𓃀𓅡𓂓𓇼	D58,G29,D28,N14	bkA	tomorrow	0.0
𓃀𓅡𓄿𓎼𓀉	D58,G29,G1,W11,A7	bAgi	be weary, languid, be slack, remiss	0.0
𓃀𓅡𓄿𓎼𓏭𓀉𓅪	D58,G29,G1,W11,Z4,A7,G37	bAgi	be weary, languid	0.0
𓃀𓅡𓄿𓎼𓀉	D58,G29,G1,W11,A7	bAgi	weariness, languor, slackness, remissness	0.0
𓃀𓎼𓏭𓅪	D58,W11,Z4,G37	bAgi	slackness, remissness	0.0
𓃀𓅡𓄿𓎼𓎼𓂺	D58,G29,G1,W11,W11,D53	bAgg	(male) genitals	0.0
𓃀𓅡𓄿𓎼𓇋𓇋𓀉𓀭𓏪	D58,G29,G1,W11,M17,M17,A7,A40,Z3	bAgyw	the languid ones (the dead)	0.0
𓃀𓅡𓄿𓎼𓀉𓀭𓏪	D58,G29,G1,W11,A7,A40,Z3	bAgyw	the languid ones (the dead)	0.0
𓃀𓅡𓄿𓎼𓁹	D58,G29,G1,W11,D4	bAg	sight ?	0.0
𓃀𓅡𓄿𓎼𓈗	D58,G29,G1,W11,N35A	bAg	thick (of fluids)	0.0
𓃀𓅡𓄿𓎼𓋴𓆰	D58,G29,G1,W11,S29,M2	bAgs	thorn bush ?	0.0
𓃀𓎼𓋴𓏲𓆰𓏥	D58,W11,S29,Z7,M2,Z2	bAgs	thorn bush	0.0
𓃀𓅡𓎼𓇓𓏲𓈔	D58,G29,W11,M23,Z7,N34	bAgsw	dagger	0.0
𓃀𓎼𓇓𓅱𓌑	D58,W11,M23,G43,T8A	bAgsw	dagger	0.0
𓃀𓅡𓄿𓂧𓏏𓎺	D58,G29,G1,D46,X1,W10	bAdt	ladle, dipper	0.0
𓃀𓅡𓄿𓍒𓏌	D58,G29,G1,U29,W24	bDA	jar	0.0
𓃀𓇋𓏏𓈀	D58,M17,X1,N18	bit	a loaf	0.0
𓃀𓇋𓏏𓊌	D58,M17,X1,O39	bit	block (of stone)	0.0
𓃀𓇋𓏏	D58,M17,X1,W88	bit	vase (in oval form)	0.0
𓃀𓇋𓏏𓋕	D58,M17,X1,S4	bity	king of Lower Egypt	0.0
𓃀𓇋𓈞𓄑𓀁	D58,M17,N41,F18,A2	bi	good deed	0.0
𓃀𓇋𓎺𓄑𓏏𓀁	D58,M17,W10,F18,X1,A2	bit	character, qualities	0.0
𓃀𓇋𓏏𓀁	D58,M17,X1,A2	bit	character, qualities	0.0
𓃀𓇋𓎺𓏏𓏪	D58,M17,W10,X1,Y1V,Z3	bit	character, qualities	0.0
𓃀𓇋𓄿𓏏𓄑𓏛𓏥	D58,M17,G1,X1,F18,Y1,Z2	bit	character, qualities	0.0
𓃀𓇋𓄿𓈅𓈞	D58,M17,G1,N21,N41	biA	metal (bronze ?, iron ?)	0.0
𓃀𓇋𓈞𓊌	D58,M17,N41,O39	biA	metal (bronze ?, iron ?)	0.0
𓃀𓇋𓈅𓄑𓊌𓈓	D58,M17,N21,F18,O39,N33A	biA	metal (bronze ?, iron ?)	0.0
𓃀𓈞𓄑	D58,N41,F18	biAy	consisting of bronze ?	0.0
𓃀𓈞𓄿𓇋	D58,N41,Z24,G1,M17	biAy	consisting of bronze	0.0
𓃀𓈞𓅱	D58,N41,Z24,G43	biAy	consisting of bronze	0.0
𓃀𓈞𓄿𓇋	D58,N41,U16A,G1,M17	biAy	consisting of bronze	0.0
𓃀𓈞𓏏	D58,N41,X1	biA	a mineral  (not metal)	0.0
𓃀𓎺𓄑𓈒𓏥	D58,W10,F18,N33,Z2	biA	a mineral  (not metal)	0.0
𓃀𓈞𓏏𓎺	D58,N41,X1,W10	biAt	beer vessel	0.0
𓃀𓇋𓏏𓈞𓈉	D58,M17,X1,N41,N25	biAt	quarry	0.0
𓃀𓄑𓈞𓅱𓏥𓈉	D58,F18,N41,G43,Z2,N25	biAw	mining region, a mine	0.0
𓃀𓇋𓈞𓈉	D58,M17,N41,N25	biAw	mining region, a mine	0.0
𓃀𓇋𓈞𓄑𓈉	D58,M17,N41,F18,N25	biAw	mining region, a mine	0.0
𓃀𓇋𓄿𓅱𓊌𓏥	D58,M17,G1,G43,O39,Z2	biAw	mining region, a mine	0.0
𓃀𓄑𓎺𓅱𓏧	D58,F18,W10,G43,Z2B	biAw	the produce (of a mine)	0.0
𓃀𓇋𓈞𓊌𓏥	D58,M17,N41,O39,Z2	biAw	the produce (of a mine)	0.0
𓃀𓇋𓈞𓄑	D58,M17,N41,F18	biA	heaven, firmament	0.0
𓃀𓈞𓊌	D58,N41,O39	biA	heaven, firmament	0.0
𓃀𓈞𓊌𓇋	D58,N41,O39,M17	biA	heaven, firmament	0.0
𓃀𓄑𓈞𓈉	D58,F18,N41,N25	biA	heaven, firmament	0.0
𓃀𓇋𓅱𓈄	D58,M17,G43,N20	biA	heaven, firmament	0.0
𓃀𓇋𓄿𓈞𓈅𓈒𓏥	D58,M17,G1,N41,N21,N33,Z2	biA	heaven, firmament	0.0
𓃀𓇋𓅱𓈆	D58,M17,G43,N22	biA	heaven	0.0
𓃀𓄑𓈞𓇋𓇋𓏏𓈉	D58,F18,N41,M17,M17,X1,N25	biAyt	firmament	0.0
𓃀𓇋𓇋𓍄𓏛	D58,M17,M17,U16,Y1	biAi	wonder, miracle	0.0
𓃀𓇋𓇋𓏏𓍄	D58,M17,M17,X1,U16	biAi	wonder, marvel (at)	0.0
𓃀𓇋𓇋𓍄𓏛	D58,M17,M17,U16,Y1	biAi	wonder, marvel (at)	0.0
𓃀𓇋𓄿𓇋𓇋	D58,M17,G1,M17,M17	biAi	wonder, marvel (at)	0.0
𓃀𓇋𓅱𓎺𓍄𓏛𓏥	D58,M17,G43,W10,U16,Y1,Z2	biAw	wonders, marvels	0.0
𓃀𓇋𓅱𓏪	D58,M17,G43,Z3	bi(A)w	wonders, marvels	0.0
𓃀𓇋𓎺𓅱𓍄𓏥	D58,M17,W10,G43,U16,Z2	bi(A)w	wonders, marvels	0.0
𓃀𓇋𓎺𓄑𓇋𓇋𓏏𓏯𓏛𓏥	D58,M17,W10,F18,M17,M17,X1,Z5,Y1,Z2	biAyt	miracle, marvels	0.0
𓃀𓇋𓏏𓍄𓏛𓈓	D58,M17,X1,U16,Y1,N33A	biAyt	miracles, marvels	0.0
𓃀𓇋𓇋𓏏𓍄𓏛𓏥	D58,M17,M17,X1,U16,Y1,Z2	biAyt	miracles, marvels	0.0
𓃀𓇋𓎺𓏏𓄑𓏛	D58,M17,W10,X1,F18,Y1	biAyt	miracle	0.0
𓃀𓇋𓏏𓏭𓏛𓏥	D58,M17,X1,Z4,U16B,Y1,Z2	biAty	marvellous person (of king)	0.0
𓃀𓇋𓅱𓈆	D58,M17,G43,N22	biA	heaven	0.0
𓃀𓇋𓅱𓆤𓏫	D58,M17,G43,L2,Z3A	biw	wasp	0.0
𓃀𓅡𓄿𓇋𓇋𓊗𓏭𓏲𓅭	D58,G29,G1,M17,M17,O50,Z4,Z7,G39	byby	wasp	0.0
𓃀𓇋𓃀𓇋𓀁	D58,M17,D58,M17,A2	bibi	acclamation	0.0
𓃀𓇋𓃀𓇋𓀁	D58,M17,D58,M17,A2	bibi	symptom of disease	0.0
𓃀𓇋𓃀𓇋	D58,M17,D58,M17,T30A	bibi	symptom of disease	0.0
𓃀𓇋𓈖𓏏𓅪	D58,M17,N35,X1,G37	bint	evil	0.0
𓃀𓇋𓈖𓏏𓅪𓁷𓏤𓄣𓏤	D58,M17,N35,X1,G37,D2,Z1,F34,Z1	bint   Hr  ib	what is displeasing	0.0
𓃀𓎡𓏏	D58,V31,X1,G158	bikt	female falcon	0.0
𓃀𓇋𓎡𓊛	D58,M17,V31,P1	bik	''falcon'' ship (of the king)	0.0
𓃀𓇋𓎡𓅄𓊛	D58,M17,V31,G6,P1	bik	''falcon'' ship  (of the king)	0.0
𓃀𓂝𓃀𓂝𓈗	D58,D36,D58,D36,N35A	baba	drink	0.0
𓃀𓂝𓃀𓂝𓀢	D58,D36,D58,D36,A30	baba	drink	0.0
𓃀𓂝𓃀𓂝𓏛	D58,D36,D58,D36,Y1	baba	drink	0.0
𓃀𓂝𓃀𓂝𓏏𓈗	D58,D36,D58,D36,X1,N35A	babat	stream	0.0
𓃀𓂝𓈖𓏏𓅿	D58,D36,N35,X1,H1	bant	neck	0.0
𓃀𓂝𓈖𓏏𓄻	D58,D36,N35,X1,F51B	bant	neck	0.0
𓃀𓂝𓎛𓅱𓈗	D58,D36,V28,G43,N35A	baHw	inundation, flood	0.0
𓃀𓂝𓎛𓅌	D58,D36,V28,G11	baHw	inundation, flood	0.0
𓃀𓂝𓎛𓅤	D58,D36,V28,G32	baHw	inundation, flood	0.0
𓃀𓂝𓎛𓅤𓈗	D58,D36,V28,G32,N35A	baHw	inundation, flood	0.0
𓃀𓂝𓎛𓈗𓅤	D58,D36,V28,N35A,G32	baH	abundance	0.0
𓃀𓂝𓎛𓅭𓏳	D58,D36,V28,G39,Z8	baH	abundance	0.0
𓃀𓂝𓎛𓈗𓀭	D58,D36,V28,N35A,A40	baH	abundance (as deity)	0.0
𓃀𓂝𓎛𓅤𓏛	D58,D36,V28,G32,Y1	baHi	have abundance, be well-supplied, be inundated, flood, inundate	0.0
𓃀𓂝𓎛𓆛𓀁	D58,D36,V28,K1,A2	baH	be detested	0.0
𓃀𓅱𓈉	D58,G43,N25	bw	place (in reference to desert)	0.0
𓃀𓅱𓎟	D58,G43,V30	bw  nb	everyone	0.0
𓃀𓅱𓆛𓏥	D58,G43,K1,Z2	bw	detest	0.0
𓃀𓅱	D58,G43,M70	bw	detest	0.0
𓃀𓅱𓏏𓆛	D58,G43,X1,K1	bwt	detest , abominate, abomination	0.0
𓃀𓅱𓏏𓅪	D58,G43,X1,G37	bwt	detest , abominate	0.0
𓃀𓅱𓏏𓆜𓀁	D58,G43,X1,K2,A2	bwt	abomination	0.0
𓃀𓅱𓏏𓆜𓏥	D58,G43,X1,K2,Z2	bwt	abomination	0.0
𓃀𓏲𓏭𓆜𓏥	D58,Z7,Z4,K2,Z2	bwt	abomination	0.0
𓃀𓅱𓇋𓇋𓅂𓆛𓅪𓏪	D58,G43,M17,M17,G4,K1,G37,Z3	bwytyw	those who are abominated	0.0
𓃀𓍯𓄿𓀀	D58,V4,G1,A1	bwA	magnate, notable	0.0
𓃀𓏭𓄿𓏲𓏭𓀢	D58,Z4,G1,Z7,Z4,A30	bwA	magnate, notable	0.0
𓃀𓍯𓄿𓏏𓈇𓏤	D58,V4,G1,X1,N23,Z1	bwAt	hiding-place (for wild fowl)	0.0
𓃀𓍯𓄿𓏲𓏏𓀢𓈇𓏤	D58,V4,G1,Z7,X1,A30,N23,Z1	bwAt	hiding - place (for wildfowl)	0.0
𓃀𓃀𓏏𓉐	D58,D58,X1,O1	bbt	hole, cavity	0.0
𓃀𓃀𓏏𓆰𓏥	D58,D58,X1,M2,Z2	bbt	herb (inula gravedens)	0.0
𓃀𓃀𓇋𓇋𓏏𓄹	D58,D58,M17,M17,X1,F51	bbyt	region of throat, hollows above collar-bone	0.0
𓃀𓃀𓏏𓄹	D58,D58,X1,F51	bbt	region of collar-bones	0.0
𓃀𓃀𓏲𓏭𓄹𓄹	D58,D58,Z7,Z4,F51,F51	bbwy	collar-bones	0.0
𓃀𓃀𓏲𓏏𓁸	D58,D58,Z7,X1,D3	bbwt	wig (shoulder length ?)	0.0
𓃀𓃀𓇋𓇋𓏏𓁸	D58,D58,M17,M17,X1,D3	bbwt	wig (shoulder length ?)	0.0
𓃀𓃀𓅱𓇋𓇋𓏏𓁸	D58,D58,G43,M17,M17,X1,D3	bbwt	wig (shoulder length ?)	0.0
𓃀𓃀𓂋𓏤𓈉	D58,D58,D21,Z1,N25	bbr	Babel	0.0
𓃀𓈖𓏏𓏢	D58,N35,X1,Y7	bnt	harp	0.0
𓃀𓈖𓏏𓆱	D58,N35,X1,M3	bnt	harp	0.0
𓃀𓈖𓏌𓅱𓅣	D58,N35,W24,G43,G31	bnw	heron	0.0
𓃀𓈖𓏌𓅱𓅭	D58,N35,W24,G43,G39	bnw	heron	0.0
𓃀𓈖𓏌𓅱𓊌𓏏	D58,N35,W24,G43,O39,X1	bnwt	hard sandstone, corn-rubber	0.0
𓃀𓈖𓃀𓈖𓉴	D58,N35,D58,N35,O24	bnbn	Benben stone (the sacred stone of ON)	0.0
𓃀𓈖𓃀𓈖𓏏𓉴	D58,N35,D58,N35,X1,O24	bnbnt	pyramidion	0.0
𓃀𓈖𓃀𓈖𓏏𓆱	D58,N35,D58,N35,X1,M3	bnbnt	stem (of ship?)	0.0
𓃀𓈖𓆑	D58,N35,I9,J3B	bnf	gall	0.0
𓃀𓈖𓆑𓄹	D58,N35,I9,F51	bnf	gall	0.0
𓃀𓈖𓆑𓆇	D58,N35,I9,H8	bnf	gall	0.0
𓃀𓈖𓈖𓂻	D58,N35,N35,D54	bnn	become erect (of male), overflow	0.0
𓃀𓈖𓈖𓈒𓏥	D58,N35,N35,N33,Z2	bnn	bead, pellet	0.0
𓃀𓈖𓈖𓆇	D58,N35,N35,H8	bnn	bead, pellet	0.0
𓃀𓈖𓈖𓏏𓈒𓏥	D58,N35,N35,X1,N33,Z2	bnnt	pellet	0.0
𓃀𓏲𓈖𓏥𓂋𓁻𓏥	D58,Z7,N35,Z2,D21,D6,Z2	bnr	globe of the eye	0.0
𓃀𓈖𓂋𓇋𓇜	D58,N35,D21,M17,M30	bnr	dates	0.0
𓃀𓈖𓇋𓇜𓈒𓏥	D58,N35,M17,M30,N33,Z2	bnr	dates	0.0
𓃀𓈖𓂋𓇋𓏏𓇜	D58,N35,D21,M17,X1,M30	bnrt  (bnit)	dates	0.0
𓃀𓈖𓇋𓏲𓇜𓏌𓏥	D58,N35,M17,Z7,M30,W24,Z2	bniw	date-wine	0.0
𓃀𓈖𓇋𓏲𓏌𓏥	D58,N35,M17,Z7,W24,Z2	bniw	date - wine	0.0
𓃀𓈖𓂋𓇋𓇜𓏛	D58,N35,D21,M17,M30,Y1	bnr	sweet, pleasant	0.0
𓃀𓈖𓂋	D58,N35,D21	bnr	sweet, pleasant	0.0
𓃀𓇜𓈖	D58,M30,N35	bnr	sweet, pleasant	0.0
𓃀𓈖𓂋𓇋𓏏𓇜	D58,N35,D21,M17,X1,M30	bnrt	sweetness	0.0
𓃀𓇜𓏏	D58,M30,X1	bnrt	sweetness	0.0
𓃀𓈖𓇋𓏏𓇜𓏛	D58,N35,M17,X1,M30,Y1	bnrt	sweetness	0.0
𓃀𓈖𓂋𓇋𓇋𓏏𓏭𓇜𓀜𓀀𓏥	D58,N35,D21,M17,M17,X1,Z4,M30,A24,A1,Z2	bnrytyw	confectioners	0.0
𓃀𓈖𓈙𓆱	D58,N35,N37,M3	bnS	doorpost	0.0
𓃀𓈖𓏏𓏭	D58,N35,X1,Z4,E35	bnty	two baboons (which greet the morning sun)	0.0
𓃀𓈖𓏏𓏭	D58,N35,X1,Z4,E51	bnty	two baboons (which greet the morning sun)	0.0
𓃀𓈖𓏏𓏭𓂑𓂑	D58,N35,X1,Z4,D27,D27	bnty	pair of breasts, nipples	0.0
𓃀𓈖𓏏𓏏𓂑𓄹𓏥	D58,N35,X1,X1,D27,F51,Z2	bntwt	deep-bosomed (of women)	0.0
𓃀𓂋𓂂𓂂	D58,D21,D12,D12	br	eyes	0.0
𓃀𓉔𓏏𓋺	D58,O4,X1,S35	bht	flabellum	0.0
𓃀𓉔𓄿𓂻	D58,O4,G1,D54	bhA	flee	0.0
𓃀𓉔𓂻	D58,O4,D54	bHA	flee	0.0
𓃀𓉔𓄿𓏲𓂻𓀀	D58,O4,G1,Z7,D54,A1	bhAw	fugitive	0.0
𓃀𓎛𓀜𓏛	D58,V28,A24,Y1	bH	forced labour	0.0
𓃀𓎛𓏭𓂡	D58,V28,Z4,D40	bH	forced labour	0.0
𓃀𓎛𓈖𓌪	D58,V28,N35,T30	bHn	cut off (limbs), drive off (foes)	0.0
𓃀𓎛𓈖𓄑	D58,V28,N35,F18	bHn	drive off (foes)	0.0
𓃀𓎛𓈖𓏌𓅱𓀁	D58,V28,N35,W24,G43,A2	bHn	howl (of dog)	0.0
𓃀𓎛𓈖𓏌𓅱𓄑	D58,V28,N35,W24,G43,F18	bHn	howl (of dog)	0.0
𓃀𓎛𓄑𓋴	D58,V28,F18,S29	bHs	calf	0.0
𓃀𓎛𓊃𓄑𓃔	D58,V28,O34,F18,E3	bHs	calf	0.0
𓃀𓎛𓋴𓂻	D58,V28,S29,D54	bHs	hunt	0.0
𓃀𓎛𓋴𓂡	D58,V28,S29,D40	bHs	hunt	0.0
𓃀𓎛𓋴𓂾	D58,V28,S29,D56	bHs	hunt	0.0
𓃀𓈖𓉐	D58,J1,N35,O1	bxn	country mansion	0.0
𓃀𓈖𓏏𓄃	D58,J1,N35,X1,F5,O21B	bxnt	pylon	0.0
𓃀𓈖𓏏𓄃𓉐	D58,J1,N35,X1,F5,O1	bxnt	pylon	0.0
𓃀𓈖𓏏𓄃	D58,J1,N35,X1,F5,O137	bxnty	pylons	0.0
𓃀𓈖𓏌𓅱𓊌	D58,J1,N35,W24,G43,O39	bxnw	basalt ? greywacke ?	0.0
𓃀𓄡𓈖𓊌	D58,F32,N35,O39	bxnw	basalt ?, greywacke ?	0.0
𓃀𓄡𓈖𓁻𓊌	D58,F32,N35,D6,O39	bxnw	basalt ?, greywacke ?	0.0
𓃀𓅱𓊮	D58,J1,J1,G43,Q7	bxxw	heat ?	0.0
𓃀𓄡𓃀𓄡𓀜	D58,F32,D58,F32,A24	bXbX	pride ? (as a bad quality)	0.0
𓃀𓊃𓆛	D58,O34,K1	bs	introduce (someone into), instal, initiate (into)	0.0
𓃀𓊃𓆛	D58,O34,K1	bs	inter, bring in (a state of affairs), reveal (a secret)	0.0
𓃀𓊃𓆛	D58,O34,K1	bs	enter	0.0
𓃀𓋴𓆛𓂻	D58,S29,K1,D54	bs	introduce (someone into)	0.0
𓃀𓋴𓆛𓏛	D58,S29,K1,Y1	bs	instal	0.0
𓃀𓋴𓆛𓏛	D58,S29,K1,Y1	bs	secret	0.0
𓃀𓆛𓅱	D58,K1,G43	bsw	secret image (of god)	0.0
𓃀𓋴𓆛	D58,S29,K1	bsw	secret image (of god)	0.0
𓃀𓋴𓆛𓂻𓀭	D58,S29,K1,D54,A40	bsw	secret image (of god)	0.0
𓃀𓋴𓂻	D58,S29,D54	bsi	flow forth (of water)	0.0
𓃀𓋴𓆛𓂻	D58,S29,K1,D54	bsi	flow forth (of water)	0.0
𓃀𓋴𓂻	D58,S29,D54	bsi	influx (of foreign migrants)	0.0
𓃀𓋴𓏲𓆛𓂻	D58,S29,Z7,K1,D54	bsw	result, consequence	0.0
𓃀𓋴𓏲𓆛𓂻𓏥	D58,S29,Z7,K1,D54,Z2	bsw	(morbid) discharges	0.0
𓃀𓋴𓅱𓊮	D58,S29,G43,Q7	bsw	flame	0.0
𓃀𓋴𓊮	D58,S29,Q7	bsw	flame	0.0
𓃀𓎂𓄿	D58,V16,G1	bsA	protect	0.0
𓃀𓊃𓈖𓎺	D58,O34,N35,W10	bsn	gypsum ?	0.0
𓃀𓋴𓎡𓌪	D58,S29,V31,T30	bsk	disembowel	0.0
𓃀𓋴𓎡𓅱𓄣𓏥	D58,S29,V31,G43,F34,Z2	bskw	entrails	0.0
𓃀𓋴𓎡𓅱	D58,S29,V31,G43,J2	bskw	entrails	0.0
𓃀𓋴𓎡𓅱	D58,S29,V31,G43,T30A,T30A,T30A	bskw	entrails	0.0
𓃀𓈙𓅱𓂐𓏥	D58,N37,G43,D26,Z2	bSw	vomit, spittle	0.0
𓃀𓆷𓄿𓌽𓏥	D58,M8,G1,U9,Z2	bSA	malted barley ?	0.0
𓃀𓈙𓍿𓀜	D58,N37,V13,A24	bST	rebel (against)	0.0
𓃀𓈙𓏏𓂉	D58,N37,X1,D19	bST	rebel (against)	0.0
𓃀𓈙𓏏𓏲𓂉	D58,N37,X1,Z7,D19	bStw	rebellion	0.0
𓃀𓈙𓏏𓂉	D58,N37,X1,D19	bSTw	rebellion	0.0
𓃀𓈙𓏏𓍔𓂡	D58,N37,X1,U30,D40	bSTw	rebellion	0.0
𓃀𓈙𓏏𓍔𓏏𓅂𓀐𓏪	D58,N37,X1,U30,X1,G4,A14,Z3	bSttyw	rebels	0.0
𓃀𓈎𓏛	D58,N29,Y1	bq	be hostile (to someone) ?	0.0
𓃀𓈎𓃀𓈎𓏲𓂻	D58,N29,D58,N29,Z7,D54	bqbqw	recalcitrance ?	0.0
𓃀𓈎𓇓𓏲𓄹	D58,N29,M23,Z7,F51	bqsw	spine	0.0
𓃀𓈎𓇓𓅱𓄹	D58,N29,M23,G43,F51	bqsw	spinal column	0.0
𓃀𓂓𓁑	D58,D28,B2	bkA	be pregnant	0.0
𓃀𓂓	D58,D28,B2A	bkA	be pregnant	0.0
𓃀𓂓𓁑𓏛	D58,D28,B2,Y1	bkA	be pregnant	0.0
𓃀𓂓𓁸	D58,D28,D3	bkA	lock of hair	0.0
𓃀𓂓𓏏𓁑	D58,D28,X1,B2	bkAt	pregnant woman	0.0
𓃀𓂓𓇳	D58,D28,N5,Z4B	bkA	tomorrow, morning	0.0
𓃀𓅡𓂓𓇼	D58,G29,D28,N14	bkA	morning	0.0
𓃀𓎡𓎡𓁸	D58,V31,V31,D3	bkk	hair	0.0
𓃀𓎼𓄿𓏲𓈗𓀀	D58,W11,G1,Z7,N35A,A1	bgAw	shipwrecked man	0.0
𓃀𓎼𓇓𓅱𓅪𓏥	D58,W11,M23,G43,G37,Z2	bgsw	wrongdoing	0.0
𓃀𓎼𓋴𓅪	D58,W11,S29,G37	bgsw	wrongdoing	0.0
𓃀𓎼𓊃𓅪	D58,W11,O34,G37	bgsw	wrongdoing	0.0
𓃀𓏏𓍔𓄿𓅪	D58,X1,U30,G1,G37	btA	wrong, crime	0.0
𓃀𓏏𓍔𓏴𓅪	D58,X1,U30,Z9,G37	btA	wrong, crime	0.0
𓃀𓏏𓍔𓄿𓏴𓅪𓀀	D58,X1,U30,G1,Z9,G37,A1	btA	wrongdoer	0.0
𓃀𓏏𓍔𓄿𓏏𓏴𓏛𓏥	D58,X1,U30,G1,X1,Z9,Y1,Z2	btAt	harm, injury	0.0
𓃀𓏏𓈖𓂉𓀜	D58,X1,N35,D19,A24	btn	disobey, defy	0.0
𓃀𓍿𓈖𓂾𓂻	D58,V13,N35,D56,D54	btn	disobey, defy	0.0
𓃀𓏏𓈖𓂉𓀜𓄣𓏤	D58,X1,N35,D19,A24,F34,Z1	btn  ib	insolent man	0.0
𓃀𓏏𓈖𓏌𓅱𓂉𓀐	D58,X1,N35,W24,G43,D19,A14	btnw	defiant man, rebel	0.0
𓃀𓏏𓈖𓏌𓂡	D58,X1,N35,W24,D40	btnw	defiant man, rebel	0.0
𓃀𓍿𓈖𓏌𓅱𓂝𓀀	D58,V13,N35,W24,G43,D36,A1	btnw	defiant man, rebel	0.0
𓃀𓍿𓈖𓏌𓅱𓂉𓏤	D58,V13,N35,W24,G43,D19,Z1	btnw	defiant man, rebel	0.0
𓃀𓏏𓎡𓂻	D58,X1,V31,D54	btk	sink (of the heart) ?	0.0
𓃀𓏏𓎡𓏥	D58,X1,V31,J2,Z2	btk	squalor ?	0.0
𓃀𓏏𓎡𓏏𓎡𓂻	D58,X1,V31,X1,V31,D54	btktk	escape ?	0.0
𓃀𓏏𓎡𓃀𓏏𓎡𓂻	D58,X1,V31,D58,X1,V31,D54	btkbtk	escape	0.0
𓃀𓍿𓂻	D58,V13,D54	bT	abandon, forsake	0.0
𓃀𓎁𓏏	D58,V15,X1	bT	run	0.0
𓃀𓏏𓍔𓄿𓂾𓂻	D58,X1,U30,G1,D56,D54	bT	run	0.0
𓃀𓏏𓍔𓄿𓂻	D58,X1,U30,G1,D54	bT	run	0.0
𓃀𓍿𓂡	D58,V13,D40	bT	abandon, forsake	0.0
𓃀𓍿𓏏𓏲𓆙	D58,V13,X1,Z7,I14	bTw	incurable (disease or person)	0.0
𓃀𓂧𓊺𓈒𓏥	D58,D46,R9,N33,Z2	bd	natron	0.0
𓃀𓂧𓏏𓇣	D58,D46,X1,M34	bdt	emmer	0.0
𓃀𓂧𓈙𓀉	D58,D46,N37,A7	bdS	become faint, weak, exhausted	0.0
𓃀𓂧𓈙	D58,D46,N37,O120	bdS	become faint, weak, exhausted	0.0
𓃀𓂧𓈙𓀉𓁷𓏤	D58,D46,N37,A7,D2,Z1	bdS   Hr	downcast, faint - hearted	0.0
𓃀𓂧𓂧𓅱𓂓𓂸𓆰𓏥	D58,D46,D46,G43,D28,D52,M2,Z2	bddw  kA	water melon	0.0
𓃀𓂧𓂧𓅱𓂸𓅱𓆰𓏥	D58,D46,D46,G43,D52,G43,M2,Z2	bddw  kA	water - melon	0.0
𓃀𓍑𓄿𓏌	D58,U28,G1,W24	bDA	jar	0.0
𓃀𓍑	D58,U28,X11	bDA	jar	0.0
𓃀𓅡𓄿𓍑𓏌	D58,G29,G1,U28,W24	bDA	jar	0.0
𓃀𓍑𓄿𓍢𓏥𓆱	D58,U28,G1,V1,Z2,M3	bDA	mast-head	0.0
𓃀𓍑𓄿𓊌	D58,U28,G1,O39	bDA	stiff roll of linen	0.0
𓃀𓅱𓌴	D58,G43,U2,J11	bw   mAa	truth	0.0
𓃀𓏤𓌷𓂝	D58,Z1,U5,D36,Y1V	bw   mAa	truth	0.0
𓃀𓅱𓎟𓀀𓁐𓏥	D58,G43,V30,A1,B1,Z2	bw  nbw	everyone, everybody	0.0
𓃀𓅱𓄤𓆑𓂋	D58,G43,F35,I9,D21	bw  nfr	good, goodness	0.0
𓃀𓄤	D58,F35	bw  nfr	good	0.0
𓃀𓅱𓎛𓂋𓅨𓅱𓅪	D58,G43,V28,D21,G36,G43,G37	bw  Hwrw	evil	0.0
𓃁𓄐	D59,F17	abw	purification	0.0
𓃁𓄏	D59,F16	aba	boast, boasting, exaggeration	0.0
𓃁𓃁𓈅	D59,D59,N21	abab	threshold ?	0.0
𓃁𓎛𓅤	D59,V28,G32	baHw	inundation, flood	0.0
𓃂𓀀	D60,A1	wab	wab priest	0.0
𓃂𓍿	D60,V13	wabt	offering - slab	0.0
𓃂𓏏𓄹	D60,X1,F51	wabt	meat - offering	0.0
𓃂𓅱𓏏𓄻	D60,G43,X1,F51B	wabt	meat offering	0.0
𓃂𓂝𓇋𓇋𓏏𓆇	D60,D36,M17,M17,X1,H8	wabwt	meat offerings	0.0
𓃂𓃀𓇋𓇋𓏏𓄹𓏥	D60,D58,M17,M17,X1,F51,Z2	wabwt	meat offerings	0.0
𓃂𓈗𓅱𓄹𓏥𓏏	D60,N35A,G43,F51,Z2,X1	wabwt	meat offerings	0.0
𓃂𓅱𓋳	D60,G43,S28	wabw	sacred robe	0.0
𓃂𓋳	D60,S28	wabw	sacred robe	0.0
𓃂𓈗𓅱𓋳	D60,N35A,G43,S28	wabw	sacred robe	0.0
𓃃𓏤𓄹	D61,Z1,F51	sAH	toe	0.0
𓃃𓂻	D61,D54	sAH	reach, arrive at, land (from ship), tread (the earth), go to (earth = be buried)	0.0
𓃃𓏛	D61,Y1	sAH	reach, arrive at, land (from ship), tread (the earth), go to (earth = be buried)	0.0
𓃃𓏏	D61,X1	sAHt	neighbourhood	0.0
𓃃𓈅𓏤	D61,N21,Z1	sAH	grant of land	0.0
𓃃𓇼𓄿𓀭	D61,N14,G1,A40	sAH	Orion (constellation)	0.0
𓃅	D63,Y1V	sAH	endow (with)	0.0
𓃒𓏴𓈖	E1,Z9,N35	kA  Sbn	rabble ?	0.0
𓃟	E12	SA	pig	0.0
𓏏	E14B,X1,Y1V	Tsm	train (troops)	0.0
𓃢𓅱𓏏𓀀	E15,G43,X1,J2,A1	wt  inpw	a priest	0.0
𓏤	E151,Z1	sspw	sphinx	0.0
𓃥𓀀	E17,A1	sAb	dignitary, senior (in titles)	0.0
𓃥𓂋𓊕𓀀	E17,D21,O48,A1	sAb  r  nxn	senior warden of Nekhen	0.0
	E193A	Xnmw	Khnum	0.0
𓃬	E22	mAi	lion	0.0
𓃭𓏤𓇋𓏏𓂢	E23,Z1,M17,X1,D41	rit	side	0.0
𓃭𓏤𓃭𓏤𓍘𓇋	E23,Z1,E23,Z1,U33,M17	rwty	double-lion god	0.0
𓃭𓂋𓇋𓇋𓏏𓉐	E23,D21,M17,M17,X1,O1	rwyt	court of law, hall	0.0
𓃭𓏏𓉐	E23,X1,O1	rwyt	court of law, hall	0.0
𓃭𓇋𓇋𓏏𓉐	E23,M17,M17,X1,O1	rwyt	court of law, hall	0.0
𓃭𓆄𓆄𓆄	E23,H6,H6,H6	rSwt	joy	0.0
𓃭𓈙𓅱𓏏𓏥	E23,N37,G43,X1,Z2	rSwt	joy	0.0
𓃭𓂝𓉐	E23,D36,O1	Snaw	storehouse, labour establishment	0.0
𓃭𓂝𓏏𓉐	E23,D36,X1,O1	Snat	storehouse	0.0
𓎛𓋴𓅱	E238,V28,S29,J18,G43	mA - HsA	fierce lion	0.0
𓃮	E24	Aby	panther	0.0
	E241	pAxt	Pakhet (She who scratches [a lion goddess] )	0.0
𓃵𓏥	E30,Z2	Xnm	herd	0.0
𓃶	E31	anxt	goat	0.0
𓃶	E31	saH	rank, dignity, dignities (plural), honours (plural)	0.0
𓃶𓏛𓏥	E31,Y1,Z2	saH	rank, dignity, dignities (plural), honours (plural)	0.0
𓃶𓀀	E31,A1	saH	noble, dignitary	0.0
𓃶𓏛	E31,Y1	saH	ennoble	0.0
𓃶𓏤	E31,Z1	saH	be noble	0.0
𓃹𓏤	E34,Z1	wn	Hare	0.0
𓃹𓉿	E34,O31	wn	open up (quarry etc)	0.0
𓃹𓈖𓉿𓁷𓏤	E34,N35,O31,D2,Z1	wn  Hr	open the sight of, be skilled, clear vision, public appearance	0.0
𓃹𓈖𓏭𓂻	E34,N35,Z4,D54	wni	hasten, hurry, pass by, pass away, neglect	0.0
𓃹𓈖𓏏𓂻	E34,N35,X1,D54	wnt	neglect	0.0
𓃹𓈖𓅪	E34,N35,G37	wn	fault, blame	0.0
𓃹𓈖𓁸𓏛	E34,N35,D3,Y1	wn	be stripped off (of branches)	0.0
𓃹𓈖𓁸𓆱	E34,N35,D3,M3	wn	be stripped off (of branches of trees)	0.0
𓃹𓈖𓇋𓇋𓏏𓁸	E34,N35,M17,M17,X1,D3	wnyt	baldness (of eyebrows)	0.0
𓃹𓈖𓏏𓉐	E34,N35,X1,O1	wnt	sanctuary (in temple)	0.0
𓃹𓈖𓏌𓏏𓇼𓏛	E34,N35,W24,X1,N14,Y1	wnwt	duty, service	0.0
𓃹𓈖𓏌𓅱𓏏𓇼𓇳𓏤	E34,N35,W24,G43,X1,N14,N5,Z1	wnwt	duty, service	0.0
𓃹𓈖𓏏𓇼𓏥	E34,N35,X1,N14,Z2	wnwt	priesthood	0.0
𓃹𓈖𓏌𓏏𓇼𓀀𓏥	E34,N35,W24,X1,N14,A1,Z2	wnwt	staff (of workers)	0.0
𓃹𓈖𓏌𓏏𓏭𓇼	E34,N35,W24,X1,Z4,N14	wnwty	hour - watcher, astronomer	0.0
𓃹𓈖𓏌𓏏𓁹	E34,N35,W24,X1,D4	wnwty	hour watcher, astronomer	0.0
𓃹𓈖𓏏𓏭𓇼𓇳	E34,N35,X1,Z4,N14,N5	wnwty	hour watcher, astronomer	0.0
𓃹𓈖𓏌𓏏𓇼𓇳𓁹	E34,N35,W24,X1,N14,N5,D4	wnwty	hour watcher, astronomer	0.0
𓃹𓈖𓃹𓈖𓁸	E34,N35,E34,N35,D3	wnwn	sway to and fro, nod, travel about, move about, traverse	0.0
𓃹𓈖𓃹𓈖	E34,N35,E34,N35,A90	wnwn	travel about	0.0
𓃹𓈖𓃹𓈖𓂻	E34,N35,E34,N35,D54	wnwn	travel about	0.0
𓃹𓈖𓃹𓈖𓁶	E34,N35,E34,N35,D1	wnwn	travel about	0.0
𓃹𓈖𓃀𓆰	E34,N35,D58,M2	wnb	flower	0.0
𓃹𓈖𓊪𓅱𓂡	E34,N35,Q3,G43,D40	wnpw	triumph	0.0
𓃹𓈖𓆑𓍼	E34,N35,I9,V12	wnf	be joyful	0.0
𓃹𓈖𓆑𓋳	E34,N35,I9,S28	wnf	be joyful	0.0
𓃹𓈖𓆑𓍼𓄣𓏤	E34,N35,I9,V12,F34,Z1	wnf  ib	be frivolous	0.0
𓃹𓈖𓏌𓏲𓀔	E34,N35,W24,Z7,A17	wnw	foetus	0.0
𓃹𓈖𓅓𓀁	E34,N35,G17,A2	wnm	eat	0.0
𓃹𓈖𓅓𓌾𓈒𓏥𓃒	E34,N35,G17,U10,N33,Z2,E1	wnm	fattened ox ?	0.0
𓃹𓈖𓈖𓏏	E34,N35,N35,X1	wnnt	indeed, really	0.0
𓃹𓈖𓌷𓂝𓏛	E34,N35,U5,D36,Y1	wn  mAa	true being, reality	0.0
𓃹𓈖𓌴𓂝𓆀𓏛	E34,N35,U2,J11,D36,H2,Y1	wn  mAa	true being, relality	0.0
𓃹𓈖𓏛	E34,N35,J11,Y1	wn  mAa	true being, relality	0.0
𓃹𓈖𓈖𓄤𓅱𓀭	E34,N35,N35,F35,G43,A40	wnn  nfrw	Onnophris (a name of Osiris)	0.0
𓃹𓈖𓋳	E34,N35,J1,S28	wnx	be clothed, don (clothing), assume (ones body), dress (a vase)	0.0
𓃹𓈖𓍼𓋳𓂡	E34,N35,J1,V12,S28,D40	wnx	be clothed (in)	0.0
𓃹𓈖𓏯	E34,N35,J1,Z5	wnx	roll of cloth	0.0
𓃹𓈖𓋳	E34,N35,J1,S28	wnx	roll of cloth	0.0
𓃹𓈖𓇋𓇋𓏏𓍼𓏤	E34,N35,J1,M17,M17,X1,V12,Z1	wnxyt	mummy - cloth ?	0.0
𓃹𓈖𓅱𓍼𓋳	E34,N35,J1,G43,V12,S28	wnxw	clothing	0.0
𓃹𓈖𓈙𓍄	E34,N35,N37,U16	wnS	sledge	0.0
𓃹𓈖𓈙𓏲𓆱	E34,N35,N37,Z7,M3	wnS	sledge	0.0
𓃹𓈖𓆓𓏏𓅱	E34,N35,I10,X1,G43,P30	wnDwt	hold (of ship)	0.0
𓃹𓈖𓂧𓏲𓏏𓈇𓏤𓏪	E34,N35,D46,Z7,X1,N23,Z1,Z3	wndwt	hollow, depression	0.0
𓃹𓈖𓇋𓋴	E34,N35,M17,S29	uns	Unas(*)	0.0
𓃘	E7	aA	ass, donkey	0.0
𓃛𓅱𓊛	E9,G43,P1	iwi	be boatless, strand, leave boatless, helpless, deprived	0.0
𓃛𓅱𓀁	E9,G43,A2	iw	lament, cry out	0.0
𓃛𓅱𓃡	E9,G43,E14	iw	dog	0.0
𓃛𓅱𓅪	E9,G43,G37	iw	wrongdoing, injustice	0.0
𓃛𓅪	E9,G37	iw	wrongdoing	0.0
𓃛𓅱𓇋𓇋𓏏𓅪𓏥	E9,G43,M17,M17,X1,G37,Z2	iwyt	wrongdoing	0.0
𓃛𓏏𓅪𓏥	E9,X1,G37,Z2	iwyt	wrongdoing	0.0
𓃛𓅱𓇋𓇋𓏏𓉐	E9,G43,M17,M17,X1,O1	iwyt	house, sanctuary, quarter (of town), public places	0.0
𓃛𓅱𓃛𓅱𓃡	E9,G43,E9,G43,E14	iwiw	dog	0.0
𓃛𓅱𓏮𓊗𓄛	E9,G43,Z4A,O50,F27	iwiw	dog	0.0
𓃛𓅱𓂝𓅱𓄯𓄹	E9,G43,D36,G43,F44,F51	iwaw	thigh, leg (of beef)	0.0
𓃛𓂝𓅱𓄯	E9,D36,G43,F44	iwa	inherit from (someone)	0.0
𓃛𓂝𓅱𓄯𓀀	E9,D36,G43,F44,A1	iwaw	heir	0.0
𓃛𓅱𓂝𓄯	E9,G43,D36,F44	iwaw	heir	0.0
𓃛𓅱𓂝𓅱𓀀𓁐𓏥	E9,G43,D36,G43,A1,B1,Z2	iwaw	heirs	0.0
𓃛𓂝𓏏𓄯	E9,D36,X1,F44	iwat	heiress	0.0
𓃛𓂝𓏏𓄯𓏛𓏥	E9,D36,X1,F44,Y1,Z2	iwat	inheritance, heritage	0.0
𓃛𓂝𓏏𓄯	E9,D36,X1,F44	iwat	inheritance, heritage	0.0
𓃛𓏏𓄯𓏛	E9,X1,F44,Y1	iwat	inheritance, heritage	0.0
𓃛𓏏𓅱𓄯	E9,X1,G43,F44	iwat	inheritance, heritage	0.0
𓃛𓅱𓂝𓂝𓏏𓄯𓏛𓏥	E9,G43,D36,D36,X1,F44,Y1,Z2	iwat	inheritance, heritage	0.0
𓃛𓂝𓏏𓏯𓏛𓏥	E9,D36,X1,Z5,Y1,Z2	iwat	inheritance, heritage	0.0
𓃛𓅱𓂝𓂡	E9,G43,D36,D40	iwa	reward	0.0
𓃛𓂝𓇋𓇋𓏏𓄯𓀀𓏥	E9,D36,M17,M17,X1,F44,A1,Z2	iwayt	troops	0.0
𓃛𓂝𓏏𓀀𓏥	E9,D36,X1,A1,Z2	iwayt	troops	0.0
𓃛𓅱𓂝𓅱𓋪	E9,G43,D36,G43,S21	iwaw	ring	0.0
𓃛𓅱𓈖𓇋𓇋𓏏𓉐	E9,G43,N35,M17,M17,X1,O1	iwnyt	pillared hall	0.0
𓃛𓅱𓈖𓈖𓉐	E9,G43,N35,N35,O1	iwnn	sanctuary	0.0
𓃛𓈖𓈖𓉐	E9,N35,N35,O1	iwnn	sanctuary	0.0
𓃛𓂋	E9,D21,B12	iwr	conceive (a child), become pregnant	0.0
𓃛𓅱𓅨𓂋𓁑	E9,G43,G36,D21,B2	iwr	conceive, become pregnant	0.0
𓃛𓅱𓅨𓂋𓏯	E9,G43,G36,D21,Z5	iwr	conceive (a child), become pregnant	0.0
𓃛𓂋𓇋𓇋𓏏𓈒𓏥	E9,D21,M17,M17,X1,N33,Z2	iwryt	beans	0.0
𓃛𓏲𓂋𓇋𓇋𓏏𓈒𓇡	E9,Z7,D21,M17,M17,X1,N33,M33A	iwryt	beans	0.0
𓃛𓏲𓉔𓂢𓂡	E9,Z7,O4,D41,D40	iwh	load	0.0
𓃛𓅱𓎛𓈗	E9,G43,V28,N35A	iwH	moisten, water (field-plots), inject, flood	0.0
𓃛𓎛𓈗	E9,V28,N35A	iwH	moisten	0.0
𓃛𓅱𓎛𓅱𓈗	E9,G43,V28,G43,N35A	iwHw	inundation	0.0
𓃛𓅱𓇓𓅱𓆱	E9,G43,M23,G43,M3	iwsw	balance (of scales)	0.0
𓃛𓊃	E9,O34,U91	iwsw	balance	0.0
𓃛𓅱𓇓𓅱	E9,G43,M23,G43,U38A	iwsw	balance	0.0
𓃛𓅱𓈙𓈙𓈒	E9,G43,N37,N37,N33	iwSS	gruel	0.0
𓃛𓅱𓏏𓅂𓏥	E9,G43,X1,G4,J2,Z2	iwtyw	corruption	0.0
𓃛𓏏𓈖𓈅𓏤	E9,X1,N35,N21,Z1	iwtn	ground, floor, flooring	0.0
𓃛𓅱𓂧𓂻	E9,G43,D46,D54	iwd	separate (x from y)	0.0
𓃛𓅱𓂧𓏏𓂻	E9,G43,D46,X1,D54	iwdt	separation	0.0
𓃛𓄣𓏤	E9,F34,Z1	ims  ib	kindly disposed, pleasant	0.0
	F102	wpt  ra	first day of the month (and its Festival)	0.0
𓄊𓏏𓏤	F12,X1,Z1	wsrt	neck	0.0
𓄊𓏏𓏤𓄻	F12,X1,Z1,F51B	wsrt	neck	0.0
𓄊𓋴𓂋𓏛	F12,S29,D21,Y1	wsr	powerful	0.0
𓄊𓋴𓂋𓂡𓀀	F12,S29,D21,D40,A1	wsr	wealthy man	0.0
𓄊𓂋𓀀	F12,D21,A1	wsr	wealthy man	0.0
𓄊𓋴𓂋𓀀	F12,S29,D21,A1	wsr	wealthy man	0.0
𓄊𓋴𓂋𓅱𓂡𓏥	F12,S29,D21,G43,D40,Z2	wsrw	strength, power	0.0
𓄊𓋴𓂡𓏥	F12,S29,D40,Z2	wsrw	strength, power	0.0
𓄊𓋴𓂋𓂝	F12,S29,D21,D36	wsrw	strength, power	0.0
𓄊𓊃𓂋𓅱𓊤	F12,O34,D21,G43,P8	wsrw	oar	0.0
𓄊𓋴𓅱	F12,S29,G43	wsrw	oar	0.0
𓄊𓋴𓂋𓆱	F12,S29,D21,M3	wsrw	oar	0.0
𓄋𓇾	F13,N16	wpt  tA	farthest South	0.0
𓄋𓊪𓏏	F13,Q3,X1,D3A	wpt	top knot (of hair)	0.0
𓄋𓊪𓀁	F13,Q3,A2	wpi	judge (contestants, petitioners)	0.0
𓄋𓊪𓏴𓏛𓋴𓏏	F13,Q3,Z9,Y1,S29,X1	wp  st	specify it (details of it)	0.0
𓄋𓊪𓏏𓏛	F13,Q3,X1,Y1	wpt	judgement	0.0
𓄋𓊪𓏴𓌪	F13,Q3,Z9,T30	wpi	cut off	0.0
𓄋𓊪𓇋𓇋𓏴	F13,Q3,M17,M17,Z9	wpy	decision	0.0
𓄋𓊪𓅱𓏴𓁷𓏤	F13,Q3,G43,Z9,D2,Z1	wpr  Hr	except, but	0.0
𓄋𓊪𓅱𓏴𓂋	F13,Q3,G43,Z9,D21	wpw  r	except	0.0
𓄋𓊪𓅱𓏏𓀀𓁐𓏥	F13,Q3,G43,X1,A1,B1,Z2	wpwt	household, crowd	0.0
𓄋𓊪𓏏𓀀𓁐𓏥	F13,Q3,X1,A1,B1,Z2	wpwt	household, crowd	0.0
𓄋𓊪𓅱𓏏𓏛𓏥	F13,Q3,G43,X1,Y1,Z2	wpwt	inventory, schedule	0.0
𓄋𓊪𓏏𓏴𓍼	F13,Q3,X1,Z9,V12	wpwt	inventory, schedule	0.0
𓄋𓊪𓇋𓇋𓏏𓍼𓏤	F13,Q3,M17,M17,X1,V12,Z1	wpwt	inventory, schedule	0.0
𓄋𓏏𓏤𓏠𓈖𓏏𓂾𓂾	F13,X1,Z1,Y5,N35,X1,D56,D56	wpt  mnty	the space between anus and genitals	0.0
𓄋𓏏𓏤𓈖𓏏𓄡𓏏𓏤	F13,X1,Z1,N35,X1,F32,X1,Z1	wpt  nt  Xt	centre of torso (vertical)	0.0
𓄋𓊪𓅱𓏏𓀁	F13,Q3,G43,X1,A2	wpwt	message, business, mission, behest, task, news ?	0.0
𓄋𓊪𓅱𓏏𓂻	F13,Q3,G43,X1,D54	wpwt	business, mission	0.0
𓄋𓊪𓏏𓂻	F13,Q3,X1,D54	wpwt	business, mission	0.0
𓄋𓊪𓏏𓏝	F13,Q3,X1,Y2	wpwt	business, mission	0.0
𓄋𓊪𓅱𓏏𓍼	F13,Q3,G43,X1,V12	wpwt	task	0.0
𓄋𓊪𓏲𓏏𓏴𓀁𓏪	F13,Q3,Z7,X1,Z9,A2,Z3	wpwt	except	0.0
𓄋𓊪𓅱𓏏𓏭𓂻𓀀	F13,Q3,G43,X1,Z4,D54,A1	wpwty	messenger, agent, commissioner, bystander	0.0
𓄋𓊪𓏏𓀀	F13,Q3,X1,A1	wpwty	messenger, agent, commissioner, bystander	0.0
𓄋𓊪𓏏𓏭𓏴	F13,Q3,X1,Z4,Z9	wpwty	messenger, agent, commissioner, bystander	0.0
𓄋𓊪𓏏𓏭𓂻𓀀	F13,Q3,X1,Z4,D54,A1	wpwty	messenger, agent, commissioner, bystander	0.0
𓄋𓈐𓈐𓈐𓀭	F13,N31,N31,N31,A40	wp  wAwt	Wepwawet	0.0
𓄋𓈐𓏏𓏥𓀭	F13,N31,X1,Z2,A40	wp  wAwt	Wepwawet	0.0
𓄋𓊪𓏏𓆳𓏏𓏤	F13,Q3,X1,M4,X1,Z1	wpt  rnpt	New Year''s day (and its Festival)	0.0
𓄋𓈙𓏴𓈒𓈒𓈒	F13,N37,Z9,N33,N33,N33	wpS	strew, scatter	0.0
𓄋𓏏𓏤𓆳𓏏𓏤	F13,X1,Z1,M4,X1,Z1	wpt  rnpt	New Year''s Day	0.0
𓄍𓎱	F14,W3	wpt  rnpt	New Year''s Day (and its Festival)	0.0
𓄎𓎱	F15,W3	wpt  rnpt	New Year''s Day (and its Festival)	0.0
𓄏𓏤	F16,Z1	ab	horn	0.0
𓄏𓏛𓏥𓂋𓏤𓏳𓏥	F16,Y1,Z2,D21,Z1,Z8,Z2	abw  r	breakfast	0.0
𓄏𓏤	F16,Z1	db	horn (of animal)	0.0
𓄐𓅱	F17,G43	abw	impurity	0.0
𓄐𓏥	F17,Z2	abw	offerings	0.0
𓄐𓏤𓂋	F17,Z1,D21	abw  r	breakfast	0.0
𓄑𓏤	F18,Z1	ibH	tooth	0.0
𓄑𓊃𓃔	F18,O34,E3	bHs	calf	0.0
𓄑𓂧𓏏𓊖	F18,D46,X1,O49	bHdt	Behdet (town in the Delta), Edfu (in Upper Egypt)	0.0
𓄑𓂧𓏏𓏭	F18,D46,X1,Z4	bHdty	He of Behdet (the winged Sun Disk)	0.0
𓄑𓂧𓏏𓊖	F18,D46,X1,O49	bHdty	He of Behdet (the wingd sun - disk)	0.0
𓄑𓏛𓏳𓏥	F18,Y1,Z8,Z2	Hw	food	0.0
𓄑𓏛𓃭𓏤𓃭𓏤𓀁𓏪	F18,Y1,E23,Z1,E23,Z1,A2,Z3	Hrr	roar (of lion)	0.0
𓄑𓏛𓅷𓏤𓄹	F18,Y1,G47,Z1,F51	HtA	armpit	0.0
𓄑𓂧𓏏𓊵𓏥	F18,D46,X1,R4,Z2	dbHt  Htp	funerary meal	0.0
𓄑𓏏𓊵	F18,X1,R4	dbHt  Htp	altar	0.0
𓄓𓈘𓏤	F20,N36,Z1	imy  r  mrw	Overseer of weavers	0.0
𓄓𓈘𓈇𓏤	F20,N36,N23,Z1	imy  r  mrw	Overseer of weavers	0.0
𓄓𓄻𓏤	F20,F51B,Z1	ns	tongue	0.0
𓄓𓃀	F20,D58	nsb	lap up, lick	0.0
𓄓𓏏𓏭𓏐	F20,X1,Z4,X2	nsty	type of bread	0.0
𓄔𓏌𓂡	F21,W24,D40	idn	serve as lieutenant - commander	0.0
𓄔𓈖𓏲𓏌	F21,N35,Z7,W24	idnw	deputy	0.0
𓄔𓏌𓈖	F21,W24,N35	idnw	deputy	0.0
𓄔𓏌	F21,W24	idn	deputy	0.0
𓄔𓈖𓏛	F21,N35,Y1	idn	proxy	0.0
𓄔𓏤	F21,Z1	msDr	ear	0.0
𓄔𓅓𓁼	F21,G17,D7	sdm	paint (eyes, body)	0.0
𓄔𓅓𓁼	F21,G17,D7	sdm	eyepaint	0.0
𓄔𓏛	F21,Y1	sDm	hear (voice etc), hear of (something), listen (to), obey, understand, judge, satisfy (conditions)	0.0
𓄔𓅓𓇋𓀀	F21,G17,M17,A1	sDmi	judge, hearers	0.0
𓄔𓅓𓅱𓀻𓏪	F21,G17,G43,A50,Z3	sDmi	judge, hearers	0.0
𓄔𓅓𓇋𓇋𓅱𓀀𓏥	F21,G17,M17,M17,G43,A1,Z2	sDmi	judge, hearers	0.0
𓄔𓅓𓂝𓈙𓀁	F21,G17,D36,N37,A2	sDm  aS	servant	0.0
𓄔𓀞	F21,A26	sDm  aS	servant	0.0
𓄔𓏏𓂝𓈙𓀁	F21,X1,D36,N37,A2	sDm  aS	servant	0.0
𓄔𓈖𓏌𓏲𓈅𓂡	F21,N35,W24,Z7,N21,D40	sDnw	deputy	0.0
𓄔𓏛	F21,Y1	dni	share out	0.0
𓄖𓏲𓏭𓄹	F22,Z7,Z4,F51	pHwy	hinder-parts, hind-quarters, back (of jaw, house etc)	0.0
𓄖𓏲𓏭𓄹	F22,Z7,Z4,F51	pHwy	rear, reargaurd (of army), stern (of ship), end	0.0
𓄖𓅱𓇋𓇋𓄹	F22,G43,M17,M17,F51	pHwy	hinder parts, hind quarters	0.0
𓄖𓅱𓇋𓇋𓅱𓏛	F22,G43,M17,M17,G43,Y1	pHwy	end	0.0
𓄖𓏲𓇋𓇋𓏏𓄹	F22,Z7,M17,M17,X1,F51	pHwyt	rectum	0.0
𓄖𓇋𓇋𓏏𓄻	F22,M17,M17,X1,F51B	pHwyt	rectum	0.0
𓄖𓅱𓏭𓇋𓇋𓏏𓍢𓏤	F22,G43,Z4,M17,M17,X1,V1,Z1	pHwyt	stern-warp (of ship)	0.0
𓄖𓅱𓏏𓍢	F22,G43,X1,V1	pHwyt	stern-warp (of ship)	0.0
𓄖𓇋𓇋𓏏𓍢	F22,M17,M17,X1,V1	pHwyt	stern-warp (of ship)	0.0
𓄖𓏏𓂋	F22,X1,D21	pHt  r	ending at	0.0
𓄖𓅱𓅱𓈅𓏥	F22,G43,G43,N21,Z2	pHww	the far north	0.0
𓄖𓄖𓄖𓈞𓈞𓈞	F22,F22,F22,N41,N41,N41	pHww	the far north	0.0
𓄖𓅱𓅱𓈅𓏥𓅓	F22,G43,G43,N21,Z2,G17	pHww  m	northward to	0.0
𓄖𓄖𓄖𓈘𓈘𓈘	F22,F22,F22,N36,N36,N36	pHww	marshlands	0.0
𓄖𓄖𓄖	F22,F22,F22	pHww	marshlands	0.0
𓄖𓏲𓈗𓈘	F22,Z7,N35A,N36	pHww	marshlands	0.0
𓄖𓏏𓏭𓂝	F22,X1,Z4,D36	pHty	(physical) strength, power (of god, king)	0.0
𓄖𓊾	F22,R12	HqAw	god of Magic	0.0
𓄖𓏛𓄣𓏤	F22,Y1,F34,Z1	kfA  ib	trustworthy	0.0
𓄗𓃾	F23,F1	xpS	foreleg, thigh, arm	0.0
𓄙𓋹	F25,S34	wHm    anx	repeating  life (living again)	0.0
𓄙𓏏𓏤	F25,X1,Z1	wHmt	hoof	0.0
𓄙𓅓𓃘	F25,G17,E7	wHm	ass	0.0
𓄙𓅓𓏛	F25,G17,Y1	wHm	repeat,report (of actions)	0.0
𓄙𓅓𓏛𓂝𓏤	F25,G17,Y1,D36,Z1	wHm  a	repeat	0.0
𓄙𓅓𓇋𓇋𓏏𓀁	F25,G17,M17,M17,X1,A2	wHmyt	continued howling	0.0
𓄙𓅓𓅱𓀁𓀀	F25,G17,G43,A2,A1	wHmw	herald, reporter, register	0.0
𓄙𓅱	F25,G43	wHmw	herald, reporter, (legal) register	0.0
𓄙𓅓𓀀	F25,G17,A1	wHmw	herald, reporter, (legal) register	0.0
𓄙𓅓𓅓𓇋𓇋𓏏𓀁𓏪	F25,G17,G17,M17,M17,X1,A2,Z3	wHmmyt	repetitions (of something said)	0.0
𓄙𓅓𓏛𓄟𓋴𓅱𓏏𓁒	F25,G17,Y1,F31,S29,G43,X1,B3	wHm  mswt	be born again, (repeating of birth)	0.0
𓄚𓈖𓋳	F26,N35,S28	Xn	tent	0.0
𓄚𓈖𓏏𓄛	F26,N35,X1,F27	Xnt	hide, skin	0.0
𓄚𓈖𓏏𓉐	F26,N35,X1,O1	Xnt	burial chamber ? (of tomb)	0.0
𓄚𓈖𓏌𓅱𓉐	F26,N35,W24,G43,O1	Xnw	interior, home, abode, Residence	0.0
𓄚𓈖𓉐𓊖	F26,N35,O1,O49	Xnw	Residence	0.0
𓄚𓏌𓉐𓏤	F26,W24,O1,Z1	Xnw	interior, home, abode, Residence	0.0
𓄚𓈖𓏌𓅱𓉐	F26,N35,W24,G43,O1	Xnw	inside	0.0
𓄚𓏌𓂝𓂝	F26,W24,D36,D36	Xnw  awy	embrace	0.0
𓄚𓈖𓏌𓅱𓈗𓈘	F26,N35,W24,G43,N35A,N36	Xnw	brook	0.0
𓄚𓈖𓏌𓅱𓅂𓄛𓌙𓀀𓏥	F26,N35,W24,G43,G4,F27,T14,A1,Z2	Xnwtyw	skin - clad people	0.0
𓄚𓈖𓌰𓅓𓈗𓈘𓈇𓏤	F26,N35,T34,G17,N35A,N36,N23,Z1	Xnm	basin (for irrigation) ?	0.0
𓄜	F28	sAb	dappled (of calf)	0.0
𓄜𓆄	F28,H6	sAb  Swt	many coloured of plummage (of Solar Horus)	0.0
𓄜𓆄	F28,H6	sAb  Swt	variegated of plumage	0.0
𓄝𓏏𓇋𓇋𓈗	F29,X1,M17,M17,N35A	sti	pour (water)	0.0
𓄝𓏏𓁹	F29,X1,D4	sty	stare, stare at	0.0
𓄝𓏏𓁹𓌕	F29,X1,D4,T11	sty	stare, stare at	0.0
𓄝𓏏𓇶	F29,X1,N8	stwt	rays (of sun)	0.0
𓄝𓏏𓅱𓏏𓇶𓏪	F29,X1,G43,X1,N8,Z3	stwt	rays (of sun)	0.0
𓄝𓏏𓏲𓌟	F29,X1,Z7,T19	stw	arrow, dart	0.0
𓄝𓏏𓅱𓏤	F29,X1,G43,Z1	stw	target	0.0
𓄝𓏏𓏏𓏥	F29,X1,X1,J2,Z2	stt	shooting pains	0.0
𓄝𓏏𓂸	F29,X1,D52	sti	impregnate (female), beget, ejaculate	0.0
𓄝𓏏𓇋𓇋𓏏𓂺𓏥	F29,X1,M17,M17,X1,D53,Z2	styt	seed, posterity	0.0
𓄝𓏏𓏏𓈇𓏤	F29,X1,X1,N23,Z1	stt	ground	0.0
𓄝𓏏𓂻	F29,X1,D54	sTA	drag	0.0
𓄝𓏏𓅂𓌙𓀀𓏥	F29,X1,G4,T14,A1,Z2	styw	Asiatics	0.0
𓄝𓏏𓂻	F29,X1,D54	sTA	see under other entries for sTA	0.0
𓄁𓏏𓇳	F3,X1,N5	At	momento, instante, tiempo (en general)	0.0
𓄞𓂧𓀁	F30,D46,A2	Sdi	read, read aloud, recite	0.0
𓄞𓀁	F30,A2	Sdi	read, read aloud, recite	0.0
𓄞𓂧𓂝	F30,D46,D36	Sdi	read, read aloud, recite	0.0
𓄞𓂧𓏛	F30,D46,Y1	Sdi	read, read aloud, recite	0.0
𓄞𓂧𓂑	F30,D46,D27	Sdi	suckle, educate	0.0
𓄞𓂧𓂡𓌃𓂧𓅱𓀁	F30,D46,D40,S43,D46,G43,A2	Sd  mdw	disturb	0.0
𓄞𓂧𓂋𓏤	F30,D46,D21,Z1	Sd  r	public proclamation	0.0
𓄞𓂧𓂡𓊤𓅱	F30,D46,D40,P8,G43	Sd  xrw	disturbance	0.0
𓄞𓂧𓄹	F30,D46,F51	Sd	vulva	0.0
𓄞𓂧𓊌	F30,D46,O39	Sd	vulva	0.0
𓄞𓂧𓊌	F30,D46,O39	Sd	mortar (for pounding drugs)	0.0
𓄞𓂧𓅭𓏥	F30,D46,G39,Z2	Sdw	waterfowl	0.0
𓄞𓂧𓏏𓏳	F30,D46,X1,Z8	Sdt	dough	0.0
𓄞𓂧𓏏𓏌𓏥	F30,D46,X1,W24,Z2	Sdt	dough	0.0
𓄞𓂧𓈘𓈅𓏤	F30,D46,N36,N21,Z1	Sd	artificial lake	0.0
𓄞𓂧𓇋𓇋𓏏𓈇	F30,D46,M17,M17,X1,N23	Sdyt	pool, well, plot (of land)	0.0
𓄞𓂧𓏏𓈇	F30,D46,X1,N23	Sdyt	pool, well, plot (of land)	0.0
𓄞𓂧𓅱𓏏𓈟	F30,D46,G43,X1,N42	Sdyt	pool, well, plot (of land)	0.0
𓄞𓂧𓇋𓇋𓈅𓏤	F30,D46,M17,M17,N21,Z1	Sdy	ditch	0.0
𓄞𓂧𓇋𓇋𓏏𓈅𓏥	F30,D46,M17,M17,X1,N21,Z2	Sdyt	rubble	0.0
𓄞𓂧𓏏𓊖	F30,D46,X1,O49	Sdt	Crocodilopolis	0.0
𓄞𓂧𓏏𓏭𓏯𓏯	F30,D46,X1,Z4,Z5,Z5	Sdty	He of Crocodilopolis	0.0
𓄞𓂧𓅱𓄛	F30,D46,G43,F27	Sdw	skin, water - skin	0.0
𓄞𓂧𓄛	F30,D46,F27	Sdw	skin, water - skin	0.0
𓄞𓂧𓏲𓊛	F30,D46,Z7,P1	Sdw	raft	0.0
𓄞𓂧𓏲𓆱	F30,D46,Z7,M3	Sdw	raft	0.0
𓄞𓂧𓅱𓈇𓏤	F30,D46,G43,N23,Z1	Sdw	plot (of land)	0.0
𓄞𓂧𓈅𓏤	F30,D46,N21,Z1	Sdw	plot (of land)	0.0
𓄞𓂧𓅱𓏏𓈇	F30,D46,G43,X1,N23	Sdwt	plot (of land)	0.0
𓄞𓂧𓇋𓇋𓈇𓏏	F30,D46,M17,M17,N23,X1	Sdwt	plot (of land)	0.0
𓄞𓂧𓎛𓏌𓏥	F30,D46,V28,W24,Z2	SdH	pomegranate wine	0.0
𓄞𓂧𓄞𓂧	F30,D46,F30,D46,R62A	SdSd	protuberance on standard (of Wepwaret)	0.0
𓄟𓋴𓋴𓄛𓈖𓂚𓀜	F31,S29,S29,F27,N35,D34,A24	mss   n   aHA	shirt of mail	0.0
𓄟𓁒	F31,B3	msi	be born	0.0
𓄟𓀔	F31,A17	ms	child	0.0
𓄟𓅱𓏏	F31,G43,X1	mswt	children, offspring, young (of animals)	0.0
𓄟𓏏𓅭𓀀𓁐	F31,X1,G39,A1,B1	mswt	children, offspring	0.0
𓄟𓋴𓇋𓈖𓏏𓄹	F31,S29,M17,N35,X1,F51	msint	spermatic cord	0.0
𓄟𓋴𓅱𓏏𓁒	F31,S29,G43,X1,B3	mswt	birth	0.0
𓄟𓋴𓏲𓏏𓏯𓏥	F31,S29,Z7,X1,Z5,Z2	mswt	birth	0.0
𓄟𓋴𓅱𓏏𓊨𓁹𓎱	F31,S29,G43,X1,Q1,D4,W3	mswt  wsir  Hb	birthday of Osiris	0.0
𓄟𓏏𓊨𓏏𓎱	F31,X1,Q1,X1,W3	mswt  Ast  Hb	birthday of Isis	0.0
𓄟𓅱𓏏𓏏𓀔	F31,G43,X1,X1,A17	mswtt	girl child	0.0
𓄟𓃔	F31,E3	ms	calf	0.0
𓄟𓋴𓆰	F31,S29,M2	ms	bouquet	0.0
𓄟𓋴𓀁	F31,S29,A2	ms	surely, indeed	0.0
𓄟𓄿𓆓𓏏𓂉	F31,G1,I10,X1,D19	msADt	nostril	0.0
𓄟𓋴𓂧𓏏𓂉	F31,S29,D46,X1,D19	msADt	nostril	0.0
𓄟𓋴𓂧𓄿𓏏𓈒𓂊	F31,S29,D46,G1,X1,N33,D20	msADt	nostril	0.0
𓄟𓋴𓇋𓇋𓏏𓅯𓏥	F31,S29,M17,M17,X1,G41,Z2	msyt	waterfowl	0.0
𓄟𓋴𓏏𓅭𓏥	F31,S29,X1,G39,Z2	msyt	waterfowl	0.0
𓄟𓋴𓇋𓇋𓏏𓏳𓏥	F31,S29,M17,M17,X1,Z8,Z2	msyt	supper	0.0
𓄟𓅱𓏏𓏐𓏊𓏖	F31,G43,X1,X2,W22,X6	msyt	supper	0.0
𓄟𓋴𓇋𓇋𓏏𓎱	F31,S29,M17,M17,X1,W3	msyt	a festival	0.0
𓄟𓅱𓇋𓇋𓏏𓎱	F31,G43,M17,M17,X1,W3	msyt	a festival	0.0
𓄟𓋴𓇋𓇋𓁶𓏏𓎱	F31,S29,M17,M17,D1,X1,W3	msyt  tpt	the First Mesyt  (a Festival)	0.0
𓄟𓏏𓁶𓊪𓏏𓎱	F31,X1,D1,Q3,X1,W3	msyt  tpt	the First Mesyt (a Festival)	0.0
𓄟𓋴𓇋𓇋𓏏𓇰𓏳𓏥𓁶𓏏𓎱𓇳	F31,S29,M17,M17,X1,N2,Z8,Z2,D1,X1,W3,N5	msyt  tpt	the First Mesyt (a Festival)	0.0
𓄟𓋴𓉻𓏏𓀀	F31,S29,O29,X1,A1	ms  aAt	prospector ?	0.0
𓄟𓅱𓈎𓏳	F31,G43,N29,Z8	mswq	type of bread	0.0
𓄟𓋴𓃀𓃀𓃲	F31,S29,D58,D58,E28	msbb	turn (to), serve (someone), deal (with)	0.0
𓄟𓋴𓃀𓃀𓀁	F31,S29,D58,D58,A2	msbb	turn (to)	0.0
𓄟𓋴𓃀𓃀𓂻	F31,S29,D58,D58,E92A,D54	msbb	serve (someone)	0.0
𓄟𓋴𓈖𓂝	F31,S29,N35,D36	msn	spin ?, plait ?	0.0
𓄟𓋴𓈖𓀜	F31,S29,N35,A24	msn	spin ?, plait ?	0.0
𓄟𓊃𓈖𓂡	F31,O34,N35,D40	msn	spin ?, plait ?	0.0
𓄟𓋴𓈖𓏌𓏲𓌟𓀜𓀀	F31,S29,N35,W24,Z7,T19,A24,A1	msnw	harpooner	0.0
𓄟𓈖𓏌𓏲𓎣𓀀	F31,N35,W24,Z7,V32,A1	msnw	harpooner	0.0
𓄟𓋴𓈖𓎛𓂽	F31,S29,N35,V28,D55	msnH	rotate, turn backwards, turn away	0.0
𓄟𓋴𓈖𓉐	F31,S29,J1,N35,O1	msxn	abode (of gods)	0.0
𓄟𓋴𓈖𓅯	F31,S29,J1,N35,G41	msxn	abode (of gods)	0.0
𓄟𓋴𓈖	F31,S29,J1,N35,Q38	msxn	abode (of gods)	0.0
𓄟𓋴𓈖𓏏𓊌	F31,S29,J1,N35,X1,O39	msxnt	bearing-stool ?, birth-place ?	0.0
𓄟𓋴𓈖𓏏𓊌	F31,S29,J1,N35,X1,O39	msxnt	breeding place (of cattle) ?, abode (of gods), necropolis	0.0
𓄟𓋴𓈖	F31,S29,J1,N35,D68	msxnt	birth - place	0.0
𓄟𓋴𓈖𓏏𓏯𓆗	F31,S29,J1,N35,X1,Z5,I12	msxnt	abode (of gods)	0.0
𓄟𓋴𓈖	F31,S29,J1,N35,G119	msxnt	birth - place	0.0
𓄟𓈖𓏏	F31,J1,N35,X1	msxnt	necropolis	0.0
𓄟𓋴𓈖𓏏𓊌𓆗	F31,S29,J1,N35,X1,O39,I12	msxnt	Meskhenet (goddess of birth)	0.0
𓄟𓋴𓈖𓏏𓅆	F31,S29,J1,N35,X1,G7	msxnt	Meskhenet (goddess of birth)	0.0
𓄟𓋴𓂋𓉐	F31,S29,J1,D21,O1	ms  xr	young (boys) of the tomb	0.0
𓄟𓅂𓍉	F31,J1,G4,U21	msxtyw	adze (used in Opening-of-the-mouth)	0.0
𓄟𓅂𓍉𓇼	F31,J1,G4,U21,N14	msxtyw	constellation of the Plough	0.0
𓄟𓋴𓏏𓄗	F31,S29,J1,X1,F23	msxtyw	constellation of the Plough	0.0
𓄟𓋴𓋴	F31,S29,S29,A330	mss	totter	0.0
𓄟𓋴𓋴𓍱	F31,S29,S29,V6	mss	tunic	0.0
𓄟𓋴𓋴𓋳	F31,S29,S29,S28	mss	tunic	0.0
𓄟𓋴𓋴𓄛𓈖𓂚𓀜	F31,S29,S29,F27,N35,D34,A24	mss  n  aHA	mail - shirt	0.0
𓄟𓋴𓋴𓈔𓈖𓂚𓀜	F31,S29,S29,N34,N35,D34,A24	mss  n  aHA	mail - shirt	0.0
𓄟𓋴𓈎𓊌	F31,S29,N29,O39	msq	leather	0.0
𓄟𓈎𓏏𓈉	F31,N29,X1,N25	msqt	the Milky-Way ?	0.0
𓄟𓈎𓏏𓊌	F31,N29,X1,O39	msqt	the Milky Way	0.0
𓄟𓈎𓏏𓊖𓏏𓏤	F31,N29,X1,O49,X1,Z1	msqt	the Milky Way	0.0
𓄟𓈎𓏏𓉐	F31,N29,X1,O1	msqt	the Milky Way	0.0
𓄟𓋴𓂓𓄛	F31,S29,D28,F27	mskA	skin, leather, animal hide	0.0
𓄟𓋴𓎡𓇋𓀁𓈖𓌃𓂧𓏏	F31,S29,V31,M17,A2,N35,S43,D46,X1	mski  n  mdt	slander ?	0.0
𓄟𓋴𓎡𓏏𓅱	F31,S29,V31,X1,G43,S107	msktw	armlet	0.0
𓄟𓋴𓎡𓏏𓅱𓇋	F31,S29,V31,X1,G43,M17,S107	msktw	armlet	0.0
𓄟𓍿𓅱	F31,V13,G43	msTw	offspring	0.0
𓄟𓋴𓅂𓏏𓏭𓀭	F31,S29,G4,X1,Z4,A40	msTw	offspring	0.0
𓄟𓅂𓏏𓏭𓀾𓀭	F31,G4,X1,Z4,A53,A40	msTyw	offspring	0.0
𓄟𓍿𓊪𓏏𓉬	F31,V13,Q3,X1,O18	msTpt	portable shrine	0.0
𓄟𓋴𓏏𓊪𓏏𓆱	F31,S29,X1,Q3,X1,M3	msTpt	portable shrine	0.0
𓄟𓋴𓂧𓏏𓂾𓄹	F31,S29,D46,X1,D56,F51	msdt	haunch, thigh	0.0
𓄟𓆓𓅐𓏏𓈒𓏥	F31,I10,G14,X1,N33,Z2	msdmt	black eye paint	0.0
𓄟𓋴𓂧𓅐𓏏𓈓	F31,S29,D46,G14,X1,N33A	msdmt	black eye - paint	0.0
𓄟𓋴𓆓𓀁	F31,S29,I10,A2	msDi	dislike, hate	0.0
𓄟𓋴𓂧𓀁	F31,S29,D46,A2	msDi	dislike, hate	0.0
𓄟𓋴𓆓𓅪	F31,S29,I10,G37	msDi	dislike, hate	0.0
𓄟𓋴𓆓𓆓𓏏𓀁	F31,S29,I10,I10,X1,A2	msDDt	what is hateful (of conduct)	0.0
𓄟𓋴𓂧𓇋𓇋𓏏𓅪	F31,S29,D46,M17,M17,X1,G37	msDDt	what is hateful (of conduct)	0.0
𓄟𓋴𓂧𓅱𓀁	F31,S29,D46,G43,A2	msdw	rival	0.0
𓄟𓋴𓂧𓂧𓏏𓅪𓁐	F31,S29,D46,D46,X1,G37,B1	msddt	rival	0.0
𓄟𓋴𓇥𓂋𓄔	F31,S29,M36,D21,F21	msDr	ear	0.0
𓄡𓄡𓄡	F32,F32,F32	Xtw	bellies, wombs, bodies	0.0
𓄡𓏏𓏤𓀀𓁐𓏥	F32,X1,Z1,A1,B1,Z2	Xt	body (of gods or man), generation, people	0.0
𓄡𓏏𓏥	F32,X1,Z2	Xt	people	0.0
𓄡𓂂𓏏	F32,D12,X1	Xt	belly (of gods or men)	0.0
𓄡𓂝𓂝𓅱𓈒𓏥	F32,D36,D36,G43,N33,Z2	Xaaw	measure, allowance (of milk)	0.0
𓄡𓂝𓅓𓂻	F32,D36,G17,D54	Xam	approach	0.0
𓄡𓅓𓂝𓂻	F32,G17,D36,D54	Xam	approach	0.0
𓄡𓂝𓈎𓍜	F32,D36,N29,U37	Xaq	shave	0.0
𓄡𓂝𓈎𓏲𓍜𓀜	F32,D36,N29,Z7,U37,A24	Xaqw	barber	0.0
𓄡𓊪𓅱𓏥	F32,Q3,G43,J2,Z2	Xpw	figures (inlaid in metal)	0.0
𓄡𓊪𓅯𓄿𓅱𓄹	F32,Q3,G41,G1,G43,J2,F51	XpAw	navel - string, navel	0.0
𓄡𓊪	F32,Q3,J2	XpAw	navel - string, navel	0.0
𓄡𓊪𓄿𓄛	F32,Q3,G1,F27	XpAw	navel - string, navel	0.0
𓄡𓊪𓂝𓀁	F32,Q3,D36,A2	Xpa	chew	0.0
𓄡𓊪𓈖𓃾	F32,Q3,N35,F1	Xpn	fat	0.0
𓄡𓅓𓂝𓂻	F32,G17,D36,D54	Xma	approach	0.0
𓄡𓅓𓋴𓂢	F32,G17,S29,D41	Xms	bend (the back in respect)	0.0
𓄡𓈖	F32,N35,J2	Xn	be blistered	0.0
𓄡𓂋𓂧𓀔𓀀	F32,D21,D46,A17,A1	Xrd	child	0.0
𓄡𓂋𓂧𓅪𓀀𓁐	F32,D21,D46,G37,A1,B1	Xrdw	children	0.0
𓄡𓂋𓂧𓀔𓀀	F32,D21,D46,A17,A1	Xrd	be, become a child	0.0
𓄡𓂋𓂧𓏏𓀔𓏥	F32,D21,D46,X1,A17,Z2	Xrdt	children	0.0
𓄡𓂋𓂧𓀔𓏪	F32,D21,D46,A17,Z3	Xrdw	childhood	0.0
𓄡𓂋𓂧𓅪	F32,D21,D46,G37	Xrd	calf (of gazelle)	0.0
𓄡𓊃𓅪	F32,O34,G37	Xsy	weak, feeble, humble (of rank), mean (of conduct), vile (of enemies, speech))	0.0
𓄡𓊃𓏭𓅪	F32,O34,Z4,G37	Xsy	vile (of enemies)	0.0
𓄡𓊃𓅪𓁷𓏤𓄣𓏤	F32,O34,G37,D2,Z1,F34,Z1	Xs  Hr  ib	incompetent	0.0
𓄡𓊃𓏏𓅪	F32,O34,X1,G37	Xst	cowardice, (riual) impurity	0.0
𓄡𓊃𓏭𓅪𓀀	F32,O34,Z4,G37,A1	Xsy	coward	0.0
𓄡𓊃𓇋𓇋𓏏𓅪𓏥	F32,O34,M17,M17,X1,G37,Z2	Xsyt	wrongdoing	0.0
𓄡𓋴𓄿	F32,S29,G1,J2	XsA	be unanointed	0.0
𓄡𓊃𓄿𓁸	F32,O34,J17,G1,D3	XsA	be unanointed	0.0
𓄡𓊃𓄿𓇋𓇋𓏏𓁸𓈒𓏥	F32,O34,J17,G1,M17,M17,X1,D3,N33,Z2	XsAyt	type of spice	0.0
𓄡𓊃𓇋𓇋𓏏𓈒𓏥	F32,O34,M17,M17,X1,N33,Z2	XsAyt	type of spice	0.0
𓄡𓊃𓇋𓇋𓏏𓆱𓏥	F32,O34,M17,M17,X1,M3,Z2	XsAyt	type of spice	0.0
𓄡𓊃𓄿𓇋𓇋𓏏𓈒𓏥	F32,O34,G1,M17,M17,X1,N33,Z2	XsAyt	type of spice	0.0
𓄡𓊃𓂋𓎝𓀜	F32,O34,D21,V29,A24	Xsr	dispel	0.0
𓄡𓈎𓋴𓅪	F32,N29,S29,G37	Xqs	be injured	0.0
𓄡𓈎𓋴𓏏𓅪𓂂	F32,N29,S29,X1,G37,D12	Xqst	the  injured  Eye (of Horus)	0.0
𓄡𓎡𓂋𓏛	F32,V31,D21,J30,Y1	Xqr	be adorned	0.0
𓄡𓎡𓂋𓇋𓇋𓀀	F32,V31,D21,M17,M17,J30,A1	Xqry	coiffeur	0.0
𓄡𓎡𓂋𓏏𓁐	F32,V31,D21,X1,J30,B1	Xkrt	coiffeuse, concubine	0.0
𓄡𓎡𓂋	F32,V31,D21,J30,J30,J30	Xkrw	panoply, insignia, ornaments	0.0
𓄡𓎡𓂋	F32,V31,D21,J30,Y1V	Xkrw	panoply, insignia	0.0
𓄡𓎡𓂋𓅱𓏛𓏥	F32,V31,D21,G43,J30,Y1,Z2	Xkrw	ornaments	0.0
𓄡𓎡𓂋𓇋𓇋𓏏𓏪	F32,V31,D21,M17,M17,X1,J30,Z3	Xkryt	insignia	0.0
𓄡𓏏𓃀𓀒𓂡	F32,X1,D58,A15,D40	Xtb	overthrow	0.0
𓄡𓏏𓏏𓂡	F32,X1,X1,D40	Xtt	pluck (plants), to prey on	0.0
𓄡𓂧𓃀𓀜	F32,D46,D58,A24	Xdb	kill	0.0
𓄡𓂧𓃀𓌫𓂡	F32,D46,D58,T31,D40	Xdb	kill	0.0
𓄡𓂧𓂋𓂝	F32,D46,D21,D36	Xdr	rescue ?	0.0
𓄡𓂧𓂋𓅪	F32,D46,D21,G37	Xdr	be in discomfort	0.0
𓄣𓏤𓆑𓎔𓎛𓈗	F34,Z1,I9,V22,V28,N35A	ib  .f  mH	weak in action	0.0
𓄤𓆑𓂋𓁷𓏤𓄣𓏤	F35,I9,D21,D2,Z1,F34,Z1	nfr  Hr  ib	pleasing	0.0
𓄤𓆑𓂋𓈖	F35,I9,D21,N35	nfr  n	it is well with	0.0
𓄤𓆑𓂋𓊪𓅱	F35,I9,D21,Q3,G43	nfr  pw	not	0.0
𓄤𓆑𓂋𓏏𓏛𓏥	F35,I9,D21,X1,Y1,Z2	nfrt	good things, good, what is good, kindness	0.0
𓄤𓂋𓏏	F35,D21,X1	nfrt	good things	0.0
𓄤𓂸	F35,D52	nfr	penis	0.0
𓄤𓏤	F35,Z1,Y1V	nfr	goodness	0.0
𓄤𓏤𓏥	F35,Z1,Z2	nfrw	goodness	0.0
𓄤𓏪	F35,Z3	nfrw	goodness	0.0
𓄤𓆑𓂋𓅱𓀔𓏥	F35,I9,D21,G43,A17,Z2	nfrw	young men (of army), recruits	0.0
𓄤𓀀𓏥	F35,A1,Z2	nfrw	young men (of army), recruits	0.0
𓄤𓅱𓏛𓏥	F35,G43,Y1,Z2	nfrw	young men (of army), recruits	0.0
𓄤𓅱𓀔𓏥	F35,G43,A17,Z2	nfrw	young men (of army), recruits	0.0
𓄤𓆑𓂋𓏏𓁐𓏪	F35,I9,D21,X1,B1,Z3	nfrwt	fair women	0.0
𓄤𓂋𓏏𓁐𓏪	F35,D21,X1,B1,Z3	nfrwt	fair women	0.0
𓄤𓆑𓂋𓏏𓃒𓏥	F35,I9,D21,X1,E1,Z2	nfrt	cattle	0.0
𓄤𓏏𓏥	F35,X1,Z2	nfrt	cattle	0.0
𓄤𓏏𓃒𓏥	F35,X1,E1,Z2	nfrt	cattle	0.0
𓄤𓂋𓏏𓃒𓏥	F35,D21,X1,E1,Z2	nfrt	cattle	0.0
𓄤𓋑	F35,S1	nfr	crown of Upper Egypt	0.0
𓄤𓄂𓏏𓏤	F35,F4,X1,Z1	nfr  HAt	diadem	0.0
𓄤𓌉𓏏𓋒	F35,T3,X1,S2	nfr  HDt	crown of Upper Egypt	0.0
𓄤𓌉	F35,T3	nfr  HDt	crown of Upper Egypt	0.0
𓄤𓆑𓂋𓏏𓍃𓀭	F35,I9,D21,X1,U15,A40	nfr tm	Nefertum (the lotus god)	0.0
𓄤𓍃𓀭	F35,U15,A40	nfr tm	Nefertum (the lotus god)	0.0
𓄤𓊪𓅱	F35,Q3,G43	nfr  pw	not, there is not	0.0
𓄤𓆑𓂋𓇋𓇋𓏏	F35,I9,D21,M17,M17,X1	nfryt	end, bottom	0.0
𓄤𓇋𓇋𓏏	F35,M17,M17,X1	nfryt	end, bottom, low	0.0
𓄤𓆑𓂋𓇋𓇋𓏏𓂋	F35,I9,D21,M17,M17,X1,D21	nfryt  r	down to	0.0
𓄤𓆑𓂋𓇋𓇋𓏏𓍢𓏤	F35,I9,D21,M17,M17,X1,V1,Z1	nfryt	tiller - rope	0.0
𓄤𓂋𓅱	F35,D21,G43	nfrw	ground level, base	0.0
𓄤𓄤𓄤𓏤𓉐	F35,F35,F35,Z1,O1	nfrw	end, back part (of building)	0.0
𓄤𓅱𓅪𓏥	F35,G43,G37,Z2	nfrw	deficiency	0.0
𓄥𓄿𓏛	F36,G1,Y1	smA	unite, join (a company), associate (with), arrive (in), partake (of), make ready (a boat),	0.0
𓄥𓏛	F36,Y1	smA	unite, join (a company), associate (with), arrive (in), partake (of)	0.0
𓄥𓄿𓏛𓎱𓇾	F36,G1,Y1,W3,N16	smA  tA	land (at)	0.0
𓄥𓏏𓏛	F36,X1,Y1	smAt	union	0.0
𓄥𓏛𓀀	F36,Y1,A1	smAy	companion, confederate	0.0
𓄥𓇋𓇋	F36,M17,M17	smAy	companion, confederate	0.0
𓄥𓄿𓇋𓇋𓏏	F36,G1,M17,M17,X1	smAyt	(royal) consort	0.0
𓄥𓇋𓇋𓏏	F36,M17,M17,X1	smAyt	(royal) consort	0.0
𓄥𓄿𓇋𓇋𓏏𓀜𓀀𓏥	F36,G1,M17,M17,X1,A24,A1,Z2	smAyt	association, confederacy	0.0
𓄥𓅱𓏏𓀭𓏥	F36,G43,X1,A40,Z2	smAyt	association, confederacy	0.0
𓄥𓇋𓇋𓏏𓀀𓏪	F36,M17,M17,X1,A1,Z3	smAyt	association, confederacy	0.0
𓄥𓄥𓄥	F36,F36,F36	smAw	lungs ?	0.0
𓄥𓄿𓄹	F36,G1,F51	smAw	lungs ?	0.0
𓄥𓄿𓅱𓆱𓏥	F36,G1,G43,M3,Z2	smAw	branches (of tree)	0.0
𓄥𓅱𓇰	F36,G43,N2	smAw	twilight	0.0
𓄥𓏏𓂝𓏤𓏖	F36,X1,D36,Z1,X6	smAt  a	an offering	0.0
𓄥𓏏𓉻𓏏	F36,X1,O29,X1	smAt  aAt	a textile fabric	0.0
𓄥𓄿𓏛𓇾	F36,G1,Y1,N16	smA  tA	unite (the land), land (at), be interred (in), interment	0.0
𓄥𓄿𓁸	F36,G1,D3	smA	scalp, side	0.0
	F36B	smA	unite, join (a company), associate (with), arrive (in), partake (of)	0.0
𓄦𓏏𓏤	F37,X1,Z1	iAt	back, spine (of man, animal),middle (of river, lake)	0.0
𓏏𓏥𓏥𓏥𓊹𓊹𓊹	F37J,X1,Z2,Z2,Z2,R8,R8,R8	psDt	Ennead (of gods)	0.0
𓋴𓅓𓆰𓏤𓏥	F37J,S29,G17,M2,Z1,Z2	smw	herb	0.0
𓏤	F39A,Z1	imAx	spinal cord	0.0
𓏤	F39A,Z1	imAx	honour, veneration	0.0
𓏏𓏤	F39A,X1,Z1	imAxt	honour	0.0
𓇋𓇋𓏏	F39A,J1,M17,M17,X1	imAxyt	revered one (of dead women)	0.0
𓇋𓇋𓅱𓏪	F39A,M17,M17,G43,A51A,Z3	imAxyw	revered ones (of the aged living)	0.0
𓄂𓂝𓀀	F4,D36,A1	HAty  a	local prince, nomarch, mayor	0.0
𓄂𓏏𓂝	F4,X1,D36	HAtt  a	local princess, female nomarch, mayoress	0.0
𓄂𓏏𓏏𓂝	F4,X1,X1,D36	HAtt  a	local princess, female nomarch, mayoress	0.0
𓄂𓂝𓏤	F4,D36,Z1	HAty  a	the finest of	0.0
𓄂𓏏𓏤𓁷𓏤	F4,X1,Z1,D2,Z1	HAt  Hr	forehead	0.0
𓄂𓏏𓆼	F4,X1,M12	HAt  xA	herdsman	0.0
𓄂𓏏𓏤𓋴𓆓𓎛𓂾	F4,X1,Z1,S29,I10,V28,D56	HAt  sDH	shinbone	0.0
𓄂𓏏𓏏𓍢	F4,X1,X1,V1	HAtt	bow-warp (of ship)	0.0
𓄂𓏏𓏭𓎅	F4,X1,Z4,V19	HAtt	bow-warp (of ship)	0.0
𓄂𓏏𓏏𓎯	F4,X1,X1,W1	HAtt	unguent	0.0
𓄂𓏏𓈓	F4,X1,N33A	HAtt	unguent	0.0
𓄂𓅱𓏏𓏭𓂻	F4,G43,X1,Z4,D54	HAwty	the foremost	0.0
𓄂𓏲𓏏𓂾𓂻	F4,Z7,X1,D56,D54	HAwty	the foremost	0.0
𓄂𓏤𓏏𓅱𓏏	F4,Z1,X1,G43,X1	HAwty	the foremost	0.0
𓄂𓏏𓏤𓆼	F4,X1,Z1,M12	HAt  xA	herdsman	0.0
𓄫𓏛	F40,Y1	Aw	long (de espacio, tiempo)	0.0
𓄫𓅱𓂢	F40,G43,D41	Aw	length (of space)	0.0
𓄫𓅱𓏛𓏥	F40,G43,Y1,Z2	Aw	length (of space)	0.0
𓄫𓏏𓏛	F40,X1,Y1	Awt	length (of time, space)	0.0
𓄫𓏏𓅱𓏛𓏛𓏛	F40,X1,G43,Y1,Y1,Y1	Awt	length (of time)	0.0
𓄫𓏏𓅱𓏛𓏥	F40,X1,G43,Y1,Z2	Awt	gifts, food	0.0
𓄫𓏏𓅱𓈀	F40,X1,G43,N18	Awt	gifts	0.0
𓄫𓏏𓏐𓏖𓏊	F40,X1,X2,X6,W22	Awt	gifts, food	0.0
𓄫𓅱𓇋𓇋𓀜	F40,G43,M17,M17,A24	Awy	extend, present, announce, arouse	0.0
𓄫𓏲𓂡	F40,Z7,D40	Awy	extend (the arm)	0.0
𓄫𓏲𓏏𓂝	F40,Z7,X1,D36	Awy	extend (the arm)	0.0
𓄫𓅱𓅱	F40,G43,G43	Awy	arouse (oneself), masturbate	0.0
𓄫𓅱𓇋𓇋𓀜𓂧𓏏𓏤	F40,G43,M17,M17,A24,D46,X1,Z1	Awy  Drt	lay hands on	0.0
𓄫𓅱𓏏𓂝𓏤𓏛𓏥	F40,G43,X1,D36,Z1,Y1,Z2	Awt  a	gifts	0.0
𓄫𓏲𓏱	F40,Z7,Z6	Aw	death	0.0
𓄫𓅱𓏏𓌪	F40,G43,X1,T30	Awt	long-knife	0.0
𓄫𓅱𓎛𓀜	F40,G43,V28,A24	AwH	do violence	0.0
𓄬𓏏𓏥	F41,X1,Z2	Sat	slaughtering, terror	0.0
𓄭𓏤𓄹	F42,Z1,F51	spr	rib	0.0
𓄭𓂋𓂻	F42,D21,D54	spr	arrive, reach, come	0.0
𓄭𓂋𓀁	F42,D21,A2	spr	appeal to, petition (someone), make petition	0.0
𓄭𓂋𓅱𓀁𓏛𓏥	F42,D21,G43,A2,Y1,Z2	sprw	petitions	0.0
𓄭𓂋𓅱𓀁𓀀	F42,D21,G43,A2,A1	sprw	petitioner	0.0
𓄭𓂋𓅱𓀀	F42,D21,G43,A1	sprw	petitioner	0.0
𓄭𓂋𓇋𓇋𓀁𓀀	F42,D21,M17,M17,A2,A1	sprw	petitioner	0.0
𓄭𓂋𓏏𓏭𓀀	F42,D21,X1,Z4,A1	sprty	petitioner	0.0
𓄯𓏏𓏛𓏥	F44,X1,Y1,Z2	iwat	inheritance, heritage	0.0
𓄯𓅱	F44,G43	isw	reward	0.0
𓄯𓏏	F44,X1	iswty	representative	0.0
𓄰𓏏𓏤𓃒	F45,X1,Z1,E1	idt	cow	0.0
𓄰𓄻	F45,F51B	idt	womb, vulva, uterus	0.0
𓄲𓈖	F46,N35	wdn	offer (to)	0.0
𓄲𓂋𓂾	F46,D21,D56	pXr	turn, turn about	0.0
𓄲𓂋𓂻𓅓	F46,D21,D54,G17	pXr  m	go about in, pervade	0.0
𓄲𓇉𓊗𓏤𓏤𓏤𓏤	F46,M16,O50,Z1,Z1,Z1,Z1	pXr  sp  4	go round about four times	0.0
𓄲𓂋𓏏𓈒𓏥	F46,D21,X1,N33,Z2	pXrt	prescription, remedy	0.0
𓄲𓏏𓏤𓀜𓀀𓏥	F46,X1,Z1,A24,A1,Z2	pXrt	frontier patrol	0.0
𓄲𓂋𓅨𓂋𓈗𓈘	F46,D21,G36,D21,N35A,N36	pXr  wr	River Euphrates	0.0
𓄲𓂋𓅨𓈘	F46,D21,G36,N36	pXr  wr	River Euphrates	0.0
𓄲𓂋𓂻𓅨𓂋𓈘𓈇𓏤	F46,D21,D54,G36,D21,N36,N23,Z1	pXr  wr	River Euphrates	0.0
𓄲𓈖𓂻	F46,N35,D54	dbn	go round (a place), travel round (a region), encircle (with)	0.0
𓄲𓈖𓂻	F46,N35,D54	dbn	recur (of plants in season)	0.0
𓄲𓈖𓏏𓂻	F46,N35,X1,D54	dbnt	circuit (of ocean)	0.0
𓄲𓈖𓏌𓅱𓂻	F46,N35,W24,G43,D54	dbnw	circumference (of sky)	0.0
𓄲𓈖𓏌𓅱𓋪	F46,N35,W24,G43,S21	dbnw	circumference (of sky)	0.0
𓄲𓈖𓊌	F46,N35,O39	dbn	weight (of about 91 grammes), weight (of balance)	0.0
𓄲𓈖𓂂	F46,N35,D12	dbn	weight (of about 91 grammes), weight (of balance)	0.0
𓄲𓈖𓈒𓏥	F46,N35,N33,Z2	dbn	(builder''s) mortar, (potter''s) clay	0.0
𓄶𓂋𓏏𓏭𓂻	F48,D21,X1,Z4,D54	pXrty	traveller	0.0
𓄷𓈖𓂻	F49,N35,D54	dbn	go round (a place), travel round (a region)	0.0
𓄷𓈖𓊌	F49,N35,O39	dbn	weight (of about 91 grammes), weight (of balance)	0.0
𓄷𓈖𓈔	F49,N35,N34	dbn	helmet	0.0
𓄃𓄿	F5,G1	SsA	be conversant (with)	0.0
𓄃𓅱𓏛𓏥	F5,G43,Y1,Z2	SsAw	(medical) prescription	0.0
𓄸	F50	spXr	register, copy	0.0
𓄺𓂋𓀭	F51A,D21,A40	wsir	Osiris	0.0
𓄄𓏛	F6,Y1	SsA	be wise	0.0
𓏏𓇋𓇋	F62,X1,M17,M17	bAtyt	devotee of Hathor	0.0
𓄅	F7	Sft	ram - headed figure (of Amun)	0.0
𓄅𓏏	F7,X1	Sfyt	majesty, respect	0.0
	F88	niAw	ibex	0.0
𓄇𓄇	F9,F9	pHty	(physical) strength, power (of god,king)	0.0
𓄇𓏏𓏭	F9,X1,Z4	pHty	(physical) strength, power (of god,king)	0.0
𓄿𓂾	G1,D56	A	tread	0.0
𓄿𓏏𓄇	G1,X1,F9	At	striking-power	0.0
𓄿𓏏𓏯𓇳	G1,X1,Z5,N5	At	momento, instante, tiempo	0.0
𓄿𓏏𓄇	G1,X1,F9	At	momento, instante, tiempo (en general)	0.0
𓄿𓏏𓄇𓇳	G1,X1,F9,N5	At	momento, instante, tiempo (en general)	0.0
𓄿𓄿𓈇𓏤	G1,G1,N23,Z1	AA	mound of ruins	0.0
𓄿𓄿𓏏𓄿𓂡𓀐	G1,G1,X1,G1,D40,A14	AAtA	Nubian chieftain ?	0.0
𓄿𓇋𓏲𓊡	G1,M17,Z7,P5	Aiw	windy ?	0.0
𓄿𓇋𓋴	G1,M17,S29,J2	Ais	viscera	0.0
𓄿𓋴	G1,S29,J2	Ais	viscera	0.0
𓄿𓇋𓇋𓏏𓅪	G1,M17,M17,X1,G37	Ayt	blanch ?	0.0
𓄿𓏏𓀜	G1,X1,A24	Ayt	blanch	0.0
𓄿𓂝𓅱	G1,D36,G43,Q33	Aaw	container (for papyri)	0.0
𓄿𓂝𓅱𓄛	G1,D36,G43,F27	Aaw	container	0.0
𓄿𓂝𓃀𓏏𓅪	G1,D36,D58,X1,G37	Aabt	oppression	0.0
𓄿𓂝𓃀𓏏𓄐𓅪𓏥	G1,D36,D58,X1,F17,G37,Z2	Aabt	oppression	0.0
𓄿𓄫𓅱	G1,F40,G43	Awy	announce (someone)	0.0
𓄿𓃀	G1,D58,J1	Abx	link (arms)	0.0
𓄿𓊪𓎛𓏯	G1,Q3,V28,Z5	ApH	swine, pigs	0.0
𓄿𓊪𓂧𓂻	G1,Q3,D46,D54	Apd	rush forward	0.0
𓄿𓆑𓂝𓃲	G1,I9,D36,E28	Afa	gluttony	0.0
𓄿𓆑𓂝𓃲𓀀	G1,I9,D36,E28,A1	Afa	glutton	0.0
𓄿𓆑𓂋𓇋𓇋𓊮	G1,I9,D21,M17,M17,Q7	Afry	boil	0.0
𓄿𓅓𓊮	G1,G17,Q7	Am	burn, burn up	0.0
𓄿𓆑𓂧𓂾	G1,I9,D46,D56	Afd	part of animal leg	0.0
𓄿𓏇𓇋𓀜	G1,W19,M17,A24	Ami	mix	0.0
𓄿𓅓𓂝𓅬	G1,G17,D36,G38	Ama	a perching bird	0.0
𓄿𓅓𓂝𓏏𓂡	G1,G17,D36,X1,D40	Amat	ramus (of jaw), fork (of bone), hinged bone	0.0
𓄿𓅓𓂝𓏏𓂝	G1,G17,D36,X1,D36	Amat	ramus (of jaw), fork (of bone), hinged bone	0.0
𓄿𓅓𓂝𓅱𓏏𓂡	G1,G17,D36,G43,X1,D40	Amat	ramus (of jaw), fork (of bone), hinged bone	0.0
𓄿𓅓𓅓𓂬	G1,G17,G17,D49	Amm	seize, grasp, attack	0.0
𓄿𓅓𓅓𓏏𓂬	G1,G17,G17,X1,D49	Ammt	grasp, fist	0.0
𓄿𓅓𓅓𓅱𓂝𓏥	G1,G17,G17,G43,D36,Z2	Ammw	gripings (medical)	0.0
𓄿𓄟𓋴𓅪𓏥	G1,F31,S29,G37,Z2	Ams	falsehood	0.0
𓄿𓄟𓋴𓌄	G1,F31,S29,S44	Ams	club, mace, wield the Ams	0.0
𓄿𓂋𓌗𓀜	G1,D21,T12,A24	Ar	drive away, oppress	0.0
𓄿𓇋𓂋𓌗𓀜	G1,M17,D21,T12,A24	Ar	oppress (the poor)	0.0
𓄿𓂋𓇋𓇋𓏏𓌃	G1,D21,M17,M17,X1,S43	Aryt	staff	0.0
𓄿𓂋𓏏𓇯	G1,D21,X1,N1	Art	heaven, sky	0.0
𓄿𓉔𓅱𓅪	G1,O4,G43,G37	Ahw	misery, trouble, injury, pain, illness	0.0
𓄿𓉔𓅪	G1,O4,G37	Ahw	misery, trouble	0.0
𓄿𓉔𓅪	G1,O4,J2,G37	Ahw	pain	0.0
𓄿𓉔𓏲𓅪𓀀	G1,O4,Z7,G37,A1	Ahw	sufferer	0.0
𓄿𓉔𓏏𓅪𓏥	G1,O4,J15,X1,G37,Z2	Ahmt	sorrow	0.0
𓄿𓉔𓂧𓅪	G1,O4,D46,G37	Ahd	quiver, palpitate, be weak	0.0
𓄿𓉔𓂧𓀁	G1,O4,D46,A2	Ahd	be weak	0.0
𓄿𓎛𓈀𓏥	G1,V28,N18,Z2	AH	type of bread	0.0
𓄿𓎛𓌸𓉗𓏏𓉐	G1,V28,U6,O6,X1,O1	AH  Hwt	tomb - shaft	0.0
𓄿𓎛𓇋𓇋𓈗	G1,V28,M17,M17,N35A	AHy	wave (flood)	0.0
𓄿𓆷𓏏	G1,M8,J1,X1	Axt	Inundation season	0.0
𓄿𓇇	G1,J1,M15	Ax	papyrus thicket	0.0
𓄿𓇇𓆤𓏏𓊖	G1,J1,M15,L2,X1,O49	Ax  bit	Chemmis	0.0
𓄿𓏛	G1,J1,Y1	Ax	the spirit - state	0.0
𓄿	G1,J1	Ax	spirit	0.0
𓄿𓅂𓈓	G1,J1,G4,N33A	Axtyw	horizon - dwellers	0.0
𓄿𓅱𓇶	G1,J1,G43,N8	Axw	sunlight, sunshine	0.0
𓄿𓄿𓆰	G1,J1,G1,J1,M2	AxAx	grow green	0.0
𓄿𓄿𓇼𓇼𓇼	G1,J1,G1,J1,N14,N14,N14	AxAx	stars	0.0
𓄿𓄿𓆱𓏥	G1,J1,G1,J1,M3,Z2	AxAx	spars (of ship) ?	0.0
𓄿𓆑𓏛	G1,J1,I9,Y1	Axf	fever (of appetite) ?	0.0
𓄿𓆑𓆑𓊮	G1,J1,I9,J1,I9,Q7	Axfxf	be fiery	0.0
𓄿𓄡𓂝𓂷	G1,F32,D36,D51	AXa	scratch, srape, carve, engrave	0.0
𓄿𓄡𓂝𓏏𓂷	G1,F32,D36,X1,D51	AXat	scratch, scar	0.0
𓄿𓄡𓃀𓀁	G1,F32,D58,A2	AXb	swallow	0.0
𓄿𓋴𓍬𓂻𓏒𓏥	G1,S29,V2,D54,X4,Z2	As	a type of cake, bread	0.0
𓄿𓋴𓍬𓂻	G1,S29,V2,D54	As	hurry, flow fast, hasten, overtake, quickly	0.0
𓄿𓊃𓍬𓂻	G1,O34,V2,D54	As	hurry, flow fast, hasten, overtake, quickly	0.0
𓄿𓋴𓅯	G1,S29,G41	As	bald-headed vulture	0.0
𓄿𓋴	G1,S29,J2	As	bald, viscera	0.0
𓄿𓊨𓏏𓁐	G1,Q1,X1,B1	Ast	Isis (goddess)	0.0
𓄿𓊃𓃀𓄁	G1,O34,D58,F3	Asb	fierce, glowing (of radience)	0.0
𓄿𓋴𓃀𓊮	G1,S29,D58,Q7	Asb	fierce, glowing (of radiance)	0.0
𓄿𓋴𓃀𓇋𓇋𓅱𓊮𓏪	G1,S29,D58,M17,M17,G43,Q7,Z3	Asbyw	flames	0.0
𓄿𓋴𓌴	G1,S29,J1,U2	Asx	sickle	0.0
𓄿𓋴𓏏𓄹	G1,S29,X1,F51	As     (Ast)	testicles	0.0
𓄿𓊃𓌴𓂡	G1,O34,J1,U2,D40	Asx	reap	0.0
𓄿𓋴𓌳	G1,S29,J1,U1	Asx	reap	0.0
𓄿𓋴𓂝	G1,S29,J1,D36	Asx	reap	0.0
𓄿𓈙𓏲𓏊𓏥	G1,N37,Z7,W22,Z2	AS	a type of drink	0.0
𓄿𓈙𓂋𓊮	G1,N37,D21,Q7	ASr	roast	0.0
𓄿𓈙𓂋𓄹	G1,N37,D21,F51	ASr	roast, roast meat, a roast	0.0
𓄿𓈙𓂋𓏏𓄹	G1,N37,D21,X1,F51	ASrt	roast joint	0.0
𓄿𓊃𓂋𓏏𓇯	G1,O34,D21,X1,N1	Asrt	heaven, sky	0.0
𓄿𓈎𓅪	G1,N29,G37	Aq	perish, come to grief	0.0
𓄿𓈎𓏲𓅪𓏥	G1,N29,Z7,G37,Z2	Aqw	ruin, misfortune	0.0
𓄿𓈎𓅪	G1,N29,G37	Aqw	misfortune	0.0
𓄿𓈎𓎛𓅱𓌏	G1,N29,V28,G43,T7A	AqHw	battle-axe	0.0
𓄿𓈎𓋴𓍱	G1,N29,S29,V6	Aqs	a type of garment	0.0
𓄿𓈎𓂧𓇼𓀭	G1,N29,D46,N14,A40	Aqd	a star	0.0
𓄿𓎡𓂝	G1,V31,D36	Ak	be bent (of elbow)	0.0
𓄿𓎡𓂋	G1,V31,D21,E128	Akr	Aker, the earth, earth-gods	0.0
𓄿𓎡𓂋𓆙𓏥	G1,V31,D21,I14,Z2	Akrw	earth - gods	0.0
𓄿𓎡𓂋𓀭𓏪	G1,V31,D21,A40,Z3	Akrw	earth - gods	0.0
𓄿𓎡𓂋𓅆𓈓	G1,V31,D21,G7,N33A	Akrw	earth - gods	0.0
𓄿𓏏𓀜	G1,X1,A24	Ayt	blanch	0.0
𓄿𓏏𓆊	G1,X1,I3	Adw	aggressor	0.0
𓄿𓏏𓇋𓇋𓏏𓂾𓁐	G1,X1,M17,M17,X1,D56,B1	ATyt	nurse	0.0
𓄿𓍘𓇋𓏲𓏏𓆱	G1,U33,M17,Z7,X1,M3	ATwt	bed	0.0
𓄿𓏏𓆑	G1,X1,I9,F7D	Atf	be crowned	0.0
𓄿𓏏𓆑𓅱𓋚	G1,X1,I9,G43,S8	Atfw	Atef-crown	0.0
𓄿𓏏𓆑𓋚𓏥	G1,X1,I9,S8,Z2	Atfw	Atef crown	0.0
𓄿𓏏𓆑𓅱𓄅	G1,X1,I9,G43,F7	Atfw	Atef crown	0.0
𓄿𓍿	G1,V13,B5D	AT	nurse	0.0
𓄿𓍿𓇋𓇋𓁔	G1,V13,M17,M17,B5	AT	nurse	0.0
𓄿𓏏𓇋𓇋𓏏𓂾𓁐	G1,X1,M17,M17,X1,D56,B1	AT	nurse	0.0
𓄿𓍿𓇋𓇋𓏏	G1,V13,M17,M17,X1,B5D	ATyt	nurse	0.0
𓄿𓍿𓏏	G1,V13,X1,Q18	ATwt	bed	0.0
𓄿𓍿𓅱𓏏𓆱	G1,V13,G43,X1,M3	ATwt	bed	0.0
𓄿𓍘𓇋𓏲𓏏𓆱	G1,U33,M17,Z7,X1,M3	ATwt	bed	0.0
𓄿𓍿𓊪𓀋	G1,V13,Q3,A9	ATp	load, be laden	0.0
𓄿𓏏𓊪𓀋	G1,X1,Q3,A9	ATp	load (a ship)	0.0
𓄿𓏏𓊪𓂡	G1,X1,Q3,A125,D40	ATp	load (a ship)	0.0
𓄿𓏏𓊪𓅱𓀋𓀜	G1,X1,Q3,G43,A9,A24	Atpw	load, cargo	0.0
𓄿𓏏𓊪𓅱𓏏𓀋𓂡𓏥	G1,X1,Q3,G43,X1,A9,D40,Z2	Atpwt	load, cargo	0.0
𓄿𓏏𓊪𓇋𓇋𓏏𓀋	G1,X1,Q3,M17,M17,X1,A9	Atpwt	cargo	0.0
𓄿𓏏𓊪𓀋𓆱	G1,X1,Q3,A9,M3	Atp	coffer	0.0
𓄿𓂧𓂻	G1,D46,D54	Ad	quiver, palpitate	0.0
𓄿𓂧𓆊	G1,D46,I3	Ad	be savage, be aggressive, be angry, attack, anger	0.0
𓄿𓂧𓅱𓆊𓀀	G1,D46,G43,I3,A1	Adw	aggressor	0.0
𓄿𓂧𓅱𓂝𓀀	G1,D46,G43,D36,A1	Adw	aggressor	0.0
𓄿𓏏𓆊	G1,X1,I3	Adw	aggressor	0.0
𓄿𓂧	G1,D46,J2	Ad	decay	0.0
𓄿𓂧𓏏𓏛𓀜	G1,D46,X1,Y1,A24	Adt	prepare (a sleeping place)	0.0
𓄿𓂧𓏏𓏯𓀜	G1,D46,X1,Z5,A24	Adt	prepare	0.0
𓄿𓅓	G1,G17,T30A	iAm	bind (the sacrifice)	0.0
𓄿𓊃	G1,O34,J2	iAs	bald	0.0
𓄿𓄟𓋴𓅪𓏥	G1,F31,S29,G37,Z2	iwms	misstatement	0.0
𓄿𓊪𓂧𓆱𓏥	G1,Q3,D46,M3,Z2	ipdw	furniture	0.0
𓄿𓈎𓎛𓅱𓌏	G1,N29,V28,G43,T7A	iqHw	battle - axe	0.0
𓅌𓏏	G11,X1	Snbt	breast	0.0
	G131	Xrt  nTr	necropolis	0.0
	G131B	Xrt  nTr	necropolis	0.0
	G139,E21E	nbwy	The Two Lords (Horus and Seth)	0.0
𓅐𓏏𓁐𓂋𓍿𓀀𓁐𓏥	G14,X1,B1,D21,V13,A1,B1,Z2	mwt  rmT	placenta	0.0
𓅐𓏏𓊌	G14,X1,O39	mwt	weight	0.0
	G144	Dryt	kite (bird)	0.0
𓏏𓏭𓀜𓀀	G167,X1,Z4,A24,A1	rxty	washerman	0.0
𓅓𓇍𓇋𓂻𓈖	G17,M18,M17,D54,N35	m  ii  n	as the consequence of, as the outcome of	0.0
𓅓𓃛𓏏𓅱	G17,E9,X1,G43	m  iwyt	wrongfully	0.0
𓅓𓂋𓏏	G17,D21,X1	imyt  r	forewoman (of gang)	0.0
𓅓𓂋𓏤𓄏𓄙𓆄𓆠	G17,D21,Z1,F16,F25,H6,K6	imy  r   ab   wHmt   Swt   nSmt	Overseer of horn, hoof, feather and scale (livestock)	0.0
𓅓𓆱𓏏𓏤	G17,M3,X1,Z1	imy  xt	member of the bodyguard	0.0
𓅓𓆱𓏏𓀎	G17,M3,J1,X1,A12	imy  xt	member of the bodyguard	0.0
𓅓𓆱𓏏𓀀𓀀𓀀	G17,M3,X1,A1,A1,A1	imyw  xtw	those of later times, posterity	0.0
𓅓𓉻𓂝𓄿𓏛𓂋𓏤	G17,O29,D36,G1,Y1,D21,Z1	m   aA   r	(speak)  boastfully	0.0
𓅓𓂋𓋮𓅱𓀁	G17,D21,S25,G43,A2	imy  r  aw	caravan leader	0.0
𓅓𓂋𓏤𓄏𓄙𓆄𓆠	G17,D21,Z1,F16,F25,H6,K6	imy  r   ab   wHmt   Swt   nSmt	Overseer of horn, hoof, feather and scale (livestock)	0.0
𓅓𓂝𓈎𓄿𓏏𓂭𓂭	G17,D36,N29,G1,X1,D50,D50	m   aqAyt	exactly	0.0
𓅓𓂋𓅱𓈇𓏤	G17,D21,G43,N23,Z1	imy  r  w	district - superintendent	0.0
𓅓𓂋𓈇𓏤𓀀	G17,D21,N23,Z1,A1	imy  r  w	district - superintendent	0.0
𓅓𓅱𓋴𓍿𓈖𓂻	G17,G43,S29,V13,N35,D54	m  wsTn	unhindered, with free access	0.0
𓅓𓂺𓏛𓂝𓏤	G17,D53,Y1,D36,Z1	m  bAH  a	in the presence of	0.0
𓅓𓃀𓅡𓎛𓂺𓏛	G17,D58,G29,V28,D53,Y1	m  bAH	in the presence of, in front of, in front, formerly	0.0
𓅓𓃀𓇋𓄿𓎺𓄑𓏛𓏥𓀁	G17,D58,M17,G1,W10,F18,Y1,Z2,A2	m  biA	no	0.0
𓅓𓃀𓇋𓀁	G17,D58,M17,A2	m   biA	no	0.0
𓅓𓃀𓅱𓌡𓏤	G17,D58,G43,T21,Z1	m  bw  wa	all together	0.0
𓅓𓂋𓉐𓏤	G17,D21,O1,Z1	imy  r  pr	steward	0.0
𓅓𓉐𓉐	G17,O1,O1	imy  prwy	member of the administration	0.0
𓅓𓂋𓂝	G17,D21,D36	m  rdi	let not	0.0
𓅓𓂝𓈖𓎡	G17,D36,N35,V31	m  n .k	take to yourself	0.0
𓅓𓌷𓂝𓏏𓆄𓏛𓏥	G17,U5,D36,X1,H6,Y1,Z2	m   mAat	truly	0.0
𓅓𓌳𓏏𓅱𓏛	G17,U1,X1,G43,Y1	m   mAwt	newly, anew	0.0
𓅓𓂝𓈎𓏏𓊢𓆱	G17,D36,N29,X1,P6,M3	mAqt	ladder	0.0
𓅓𓂝𓇋𓂻	G17,D36,M17,D54	mi	come !	0.0
𓅓𓂠𓈗	G17,D39,N35A	mi(w)	waters	0.0
𓅓𓏇𓏏𓏏𓏛	G17,W19,X1,X1,Y1	m   mitt	likewise	0.0
𓅓𓇋𓄿𓊃𓅱𓏥	G17,M17,G1,O34,G43,T30A,Z2	miAsw	spines	0.0
𓅓𓏭𓅓𓏭𓈒𓏥	G17,Z4,G17,Z4,N33,Z2	mymy	seed corn of emmer ?	0.0
𓅓𓅓𓈒𓈒𓈒	G17,G17,N33,N33,N33	mymy	seed corn of emmer ?	0.0
𓅓𓅓𓇋𓈒𓏥	G17,G17,M17,N33,Z2	mymy	seed corn of emmer ?	0.0
𓅓𓊃𓏏𓄹𓈓	G17,O34,X1,F51,N33A	mist	liver	0.0
𓅓𓂝𓈖𓏏𓏏	G17,D36,N35,X1,X1	m  a  ntt	seeing that	0.0
𓅓𓂝𓏏𓊛	G17,D36,X1,P1	mat	type of boat	0.0
𓅓𓂝𓅱𓎛𓊤	G17,D36,G43,V28,P8	mawH	oar	0.0
𓅓𓂝𓎛	G17,D36,V28,P8A	mawH	oar	0.0
𓅓𓂝𓅡𓎆𓎆𓎆𓌡	G17,D36,G29,V20,V20,V20,T21	mabA	harpoon	0.0
𓅓𓂝𓆑𓎅	G17,D36,I9,V19	maf	headsman''s block	0.0
𓅓𓋹𓈖𓏏	G17,S34,N35,J1,X1,J20	manxt	pendant	0.0
𓅓𓏏𓊞	G17,V26A,X1,P3	manDt	day barque (of sun god)	0.0
𓅓𓂝𓈖𓆓𓅱𓏏𓊞	G17,V26A,D36,N35,I10,G43,X1,P3	manDt	day barque (of sun god)	0.0
𓅓𓎚𓏏𓊞	G17,V27,X1,P3	manDt	day - barque (of sun god)	0.0
𓅓𓎚𓂧𓏏	G17,V27,D46,X1,P121	manDt	day - barque (of sun god)	0.0
𓅓𓂝𓂋𓇟𓏛	G17,D36,D21,M32,Y1	mar	fortunate, successful, flourishing	0.0
𓅓𓂝𓂋𓏛	G17,D36,D21,Y1	mar	fortunate, successful	0.0
𓅓𓂝𓂋𓇟	G17,D36,D21,M32,Y1V	mar	success	0.0
𓅓𓊢𓂝𓏏𓉐	G17,P6,D36,X1,O1	maHat	tomb, cenotaph (above ground level)	0.0
𓅓𓂝𓎡𓄿𓀜	G17,D36,V31,G1,A24	makA	brave	0.0
𓅓𓅱𓅱𓀀𓏥	G17,G43,G43,A1,Z2	mww	Muu        class of Ritual dancers	0.0
𓅓𓂠𓏏𓁐	G17,D39,X1,B1	mwt	mother	0.0
𓅓𓂠𓅱𓈖𓆑𓀀𓏥	G17,D39,G43,N35,I9,A1,Z2	mwnf	garrison, (palace) guard, protector (of poor)	0.0
𓅓𓂝𓈖𓆑𓀜𓀀𓏥	G17,D36,N35,I9,A24,A1,Z2	mwnf	(palace) guard	0.0
𓅓𓆑𓎡𓏏𓈓	G17,I9,V31,X1,N33A	mfkAt	turquoise	0.0
𓅓𓂠𓆑𓎡𓏏𓈓	G17,D39,I9,V31,X1,N33A	mfkAt	turquoise	0.0
𓅓𓂝𓆑𓄿𓎡𓏏𓈓	G17,D36,I9,G1,V31,X1,N33A	mfkAt	turquoise	0.0
𓅓𓂝𓅓𓂝	G17,D36,G17,D36	m  m	among, therein	0.0
𓅓𓅓𓈒𓈒𓈒	G17,G17,N33,N33,N33	mymy	seed - corn	0.0
𓅓𓅓𓇋𓈒𓈒𓈒	G17,G17,M17,N33,N33,N33	mymy	seed - corn	0.0
𓅓𓂝𓅓𓂝𓄛	G17,D36,G17,D36,F27	mmy	giraffe	0.0
𓅓𓏠𓈖𓏛	G17,Y5,N35,Y1	m  mn	at the fixed rate of	0.0
𓅓𓌻𓂋𓅱𓏏𓀁	G17,U7,D21,G43,X1,A2	m  mrwt	in order that	0.0
𓅓𓂋𓏤𓇋𓇋𓈖𓄿𓀏	G17,D21,Z1,M17,M17,N35,G1,A13	mryn	Syrian warrior	0.0
𓅓𓂝𓂋𓏤𓇋𓇋𓈖𓄿𓌙𓀀	G17,D36,D21,Z1,M17,M17,N35,G1,T14,A1	mryn	Syrian warrior	0.0
𓅓𓂝𓃭𓏤𓎡𓄿𓃀𓏲𓍘𓇋𓆱	G17,D36,E23,Z1,V31,G1,D58,Z7,U33,M17,M3	mrkbt	chariot	0.0
𓅓𓉔𓏭𓅪	G17,O4,Z4,G37	mhy	be forgetful, neglectful (of)	0.0
𓅓𓂟𓉔	G17,D38,O4	mhy	be forgetful, neglectful	0.0
𓅓𓉔𓅪	G17,O4,G37	mhy	be forgetful, neglectful	0.0
𓅓𓂝𓉔𓏭𓅪	G17,D36,O4,Z4,G37	mhy	be forgetful, neglectful	0.0
𓅓𓉔𓏭𓅪𓄣𓏤	G17,O4,Z4,G37,F34,Z1	mh  ib	the heart is forgetful (has defective action)	0.0
𓅓𓉔𓏏𓅪𓈓	G17,O4,X1,G37,N33A	mht	forgetfulness, negligence	0.0
𓅓𓂝𓉔𓏏𓅪𓄣𓏤	G17,D36,O4,X1,G37,F34,Z1	mht   ib	negligence (of poor heart action)	0.0
𓅓𓉔𓇋𓏏𓃒	G17,O4,M17,X1,E1	mhit	milch cow	0.0
𓅓𓂝𓉔𓄿𓈖𓆱	G17,D36,O4,G1,N35,M3	mhn	coffer	0.0
𓅓𓉔𓂋𓏊	G17,O4,D21,W22	mhr	milk jar	0.0
𓅓𓂝𓉔𓂋𓏇	G17,D36,O4,D21,W19	mhr	milk jar	0.0
𓅓𓎔𓇋𓇋𓀭	G17,V22,M17,M17,A40	mHy	guardian	0.0
𓅓𓎔𓎛	G17,V22,V28	mHi	drown, bedrowned	0.0
𓅓𓎔𓎛𓈗	G17,V22,V28,N35A	mHi	overflow (of Nile)	0.0
𓅓𓎔𓎛𓈗	G17,V22,V28,A96,N35A	mHi	swim, launch (a  vessel)	0.0
𓅓𓇉𓄿𓁶	G17,M16,G1,D1	mHA	back of the head	0.0
𓅓𓂝𓇉𓄿𓁶	G17,D36,M16,G1,D1	mHA	back of the head	0.0
𓅓𓎛𓈖𓏯	G17,V28,N35,Z5	mHn	coil (of serpents)	0.0
𓅓𓂝𓎛𓆰𓈖𓎡𓀀	G17,D36,V28,M2,N35,V31,A1	mHnk	partner ?	0.0
𓅓𓏛	G17,J1,Y1	mx	respect (someone)	0.0
𓅓𓂟	G17,D38,J1	mx	respect (someone)	0.0
𓅓𓂝𓆼𓄿𓏲𓏴𓀜	G17,D36,M12,G1,Z7,Z9,A24	mxA	make fast, bind	0.0
𓅓𓆼𓄿𓏏𓍝	G17,M12,G1,X1,U38	mxAt	balance	0.0
𓅓𓄿𓏏𓍝	G17,J1,G1,X1,U38	mxAt	balance	0.0
𓅓𓂝𓆼𓄿𓏏𓍞𓆱	G17,D36,M12,G1,X1,U39,M3	mxAt	balance	0.0
𓅓𓂝𓆼𓄿𓏏𓌙𓌙𓍝	G17,D36,M12,G1,X1,T14,T14,U38	mxAt	balance	0.0
𓅓𓂝𓏏	G17,D36,J1,X1,U38B	mxAt	balance	0.0
𓅓𓂝𓆼𓄿𓌙𓌙𓏛	G17,D36,M12,G1,T14,T14,Y1	mxA	match, equal, adjust, counterpoise, make level	0.0
𓅓𓂝𓄿𓌙𓌙	G17,D36,G1,T14,T14,U38B	mxA	match, equal, adjust, counterpoise, make level	0.0
𓅓𓂝𓄿𓌙𓌙𓀁	G17,D36,G1,T14,T14,A2	mxA	match, equal, adjust, counterpoise, make level	0.0
𓅓𓂝𓆼𓄿𓌙𓌙𓏛	G17,D36,M12,G1,T14,T14,Y1	mxA	be like	0.0
𓅓𓂝𓆼𓄿𓌙𓌙𓏛𓄣𓏤𓈖	G17,D36,M12,G1,T14,T14,Y1,F34,Z1,N35	mxA  ib  n	like in disposition to	0.0
𓅓𓂝𓆼𓄿𓏲𓉐	G17,D36,M12,G1,Z7,O1	mxAw	shed	0.0
𓅓𓂝𓈖𓅓𓏏𓈒𓏥	G17,D36,J1,N35,G17,X1,N33,Z2	mxnmt	carnelian ?, jasper ?	0.0
𓅓𓏃𓈖𓏏𓂉	G17,W17,N35,X1,D19	mxnt	face, upper part of face	0.0
𓅓𓂋𓈘	G17,J1,D21,N36	mxr	low - lying land	0.0
𓅓𓂋𓅱𓏛𓏥	G17,J1,D21,G43,Y1,Z2	mxrw	business	0.0
𓅓𓋴𓍚𓆱	G17,J1,S29,U35,M3	mxsf	peg (to secure net)	0.0
𓅓𓏏𓃀𓏏𓊌	G17,J1,X1,D58,X1,O39	mxtbt	an ornament  (of gold)	0.0
𓅓𓏏𓅓𓏏𓋩	G17,J1,X1,G17,X1,S20,V97	mxtmt	a closed (or) sealed receptacle	0.0
𓅓𓆞𓄿	G17,K4,G1	mXA	incline (one''s heart to)	0.0
𓅓𓆞𓄿𓊛	G17,K4,G1,P1	mXA	a boat	0.0
𓅓𓂝𓄚𓈖𓏏𓊛	G17,D36,F26,N35,X1,P1	mXnt	ferry boat	0.0
𓅓𓄡𓈖𓏏𓊠	G17,F32,N35,X1,P4	mXnt	ferry boat	0.0
𓅓𓂙𓈖𓏏𓊠	G17,D33,N35,X1,P4	mXnt	ferry boat	0.0
𓅓𓂝𓄚𓈖𓏏𓏭𓊛𓀀	G17,D36,F26,N35,X1,Z4,P1,A1	mXnty	ferryman	0.0
𓅓𓄚𓈖𓏏𓊛𓍘𓀭	G17,F26,N35,X1,P1,U33,A40	mXnty	ferryman	0.0
𓅓𓄡𓈖𓍘𓇋𓊛	G17,F32,N35,U33,M17,P1	mXnty	ferryman	0.0
𓅓𓄚𓈖𓅱𓏏𓊛𓀭	G17,F26,N35,G43,X1,P1,A40	mXnty	ferryman	0.0
𓅓𓂙𓈖𓏏𓊛𓍘𓇋𓅆	G17,D33,N35,X1,P1,U33,M17,G7	mXnty	ferryman	0.0
𓅓𓂋𓈘	G17,J1,D21,N36	mXr	low - lying land	0.0
𓅓𓂝𓌨𓂋𓉐	G17,D36,T28,D21,O1	mXr	storehouse, barn	0.0
𓅓𓂝𓌨𓂋𓏲𓈇	G17,D36,T28,D21,Z7,N23	mXrw	a low place	0.0
𓅓𓌨𓂋𓏛𓏥	G17,T28,D21,Y1,Z2	mXrw	dealings, business, ordinance, arrangement (of building)	0.0
𓅓𓂋𓅱𓏛𓏥	G17,J1,D21,G43,Y1,Z2	mxrw	dealings, business, ordinance, arrangement (of building)	0.0
𓅓𓌨𓂋𓅱𓏛𓏥	G17,T28,D21,G43,Y1,Z2	mXrw	dealings, business, ordinance, arrangement (of building)	0.0
𓅓𓂝𓌨𓂋𓅱𓏛𓏥	G17,D36,T28,D21,G43,Y1,Z2	mXrw	dealings, business, ordinance, arrangement (of building)	0.0
𓅓𓄡𓏏𓅱𓄹𓏥	G17,F32,X1,G43,F51,Z2	mXtw	intestines, colon	0.0
𓅓𓄡𓏏𓏲𓈓	G17,F32,X1,Z7,N33A	mXtw	intestines, colon	0.0
𓅓𓊄𓂻	G17,O35,D54	ms	bring, present (to), bring away booty, extend (hand), take (aim)	0.0
𓅓𓊄𓂡	G17,O35,D40	ms	bring, present (to), bring away booty, extend (hand), take (aim)	0.0
𓅓𓂝𓊄𓏭𓂻	G17,D36,O35,Z4,D54	ms	bring, present, bring away booty, extend (hand), take (aim)	0.0
𓅓𓅭	G17,G39	msA	bring, present (to), bring away booty, extend (hand),, take aim	0.0
𓅓𓊃𓅭	G17,O34,G39	msA	bring, present (to), bring away booty, extend (hand), take aim	0.0
𓅓𓊄𓂻	G17,O35,D54	ms	betake (oneself)	0.0
𓅓𓂝𓊄𓏲𓂻𓏪	G17,D36,O35,Z7,D54,Z3	msw	carriers, bearers	0.0
𓅓𓊃𓏏	G17,O34,X1,O30U	mst	a staff	0.0
𓅓𓋴𓆓𓏏𓂉	G17,S29,J17,I10,X1,D19	msADt	nostril	0.0
𓅓𓊃𓅨𓂋𓎟𓏤	G17,O34,G36,D21,D118,V30,Z1	mswr	drinking bowl	0.0
𓅓	G17,A115	mswr	drinking bowl	0.0
𓅓𓊃𓎛𓆊	G17,O34,V28,I3	msH	crocodile	0.0
𓅓𓋴𓎛𓆊	G17,S29,V28,I3	msH	crocodile	0.0
𓅓𓋴𓎛𓄛	G17,S29,V28,F27	msH	crocodile	0.0
𓅓𓊃𓈙𓏏𓍔𓏛	G17,O34,N37,X1,U30,Y1	msStA	framework ? (of chariot)	0.0
𓅓𓋴𓎝𓎡𓏏𓏏	G17,S29,V29,V31,X1,X1,P46	msktt	night-barque (of sun god)	0.0
𓅓𓋴𓎡𓏏𓏏𓊞	G17,S29,V31,X1,X1,P3	msktt	night-barque (of sun god)	0.0
𓅓𓋴𓍿𓊪𓏏	G17,S29,V13,Q3,X1	msTpt	portable shrine	0.0
𓅓𓋴𓂧𓅓𓏏𓈒𓏥	G17,S29,D46,G17,X1,N33,Z2	msdmt	black eye paint	0.0
𓅓𓄟𓋴𓂧𓀁	G17,F31,S29,D46,A2	m  msDd	unwillingly	0.0
𓅓𓈙𓂝𓀎𓏥	G17,N37,D36,A12,Z2	mSa	soldiers, army, infantry, gang (of workmen)	0.0
𓅓𓈙𓂝𓈎𓏏𓍜	G17,N37,D36,N29,X1,U37	mSaqt	shoulder blade	0.0
𓅓𓈙𓂝𓅱𓈔𓏤	G17,N37,D36,G43,N34,Z1	mSw	sword	0.0
𓅓𓂝𓈙𓂋𓃭𓅱𓇶	G17,D36,N37,D21,E23,G43,N8	mSrw	evening	0.0
𓅓𓂝𓈙𓂋𓅱𓇰	G17,D36,N37,D21,G43,N2	mSrw	evening	0.0
𓅓𓂝𓈙𓂋𓃭𓅱𓇰	G17,D36,N37,D21,E23,G43,N2	mSrw	evening	0.0
𓅓𓂝𓈙𓂋𓃭𓅱𓏏𓇳𓏥	G17,D36,N37,D21,E23,G43,X1,N5,Z2	mSrwt	evening meal	0.0
𓅓𓈙𓃭𓏏𓇶	G17,N37,E23,X1,N8	mSrwt	evening meal	0.0
𓅓𓂝𓎡𓀜	G17,D36,V31,A24	mki	guard, protect, look after (horse)	0.0
𓅓𓂝𓎡𓏛	G17,D36,V31,Y1	mki	guard, protect	0.0
𓅓𓂝𓎡𓀜𓅱𓂤𓏛	G17,D36,V31,A24,J1,G43,D43,Y1	mk  xw	guarded and protected	0.0
𓅓𓂝𓎡𓂡	G17,D36,V31,D40	mk	protector	0.0
𓅓𓎡𓏏	G17,V31,X1	mkt	thoracic spine	0.0
𓅓𓂝𓎡𓏏𓏛	G17,D36,V31,X1,Y1	mkt	protection, correct position (of limbs), proper station (for standing)	0.0
𓅓𓂝𓎡𓏛𓄻	G17,D36,V31,Y1,F51B	mkt	correct position (of limbs)	0.0
𓅓𓂝𓎡𓉐	G17,D36,V31,O1	mkt	proper station (for standing)	0.0
𓅓𓂝𓎡𓏏𓏭𓀜	G17,D36,V31,X1,Z4,A24	mkty	protector, guardian	0.0
𓅓𓂝𓎡𓏏𓏭𓂡𓀀	G17,D36,V31,X1,Z4,D40,A1	mkty	protector, guardian	0.0
𓅓𓂓𓏏	G17,D28,O230,X1	mkAt	support, pedestal	0.0
𓅓𓂓𓄿𓏏𓉐	G17,D28,G1,X1,O1	mkAt	support, pedastal	0.0
𓅓𓂝𓎡𓏏𓊪	G17,D36,V31,X1,Q3	mkAt	support, pedastal	0.0
𓅓𓂝𓎡𓏏𓊪	G17,D36,V31,X1,Q3	mkt	thoracic spine	0.0
𓅓𓂟𓎡𓇉𓁶	G17,D38,V31,M16,D1	mkHA	turn the back to, ignore, eschew (evil), be neglectful (of)	0.0
𓅓𓎡𓋴	G17,V31,S29,R88A	mks	sceptre	0.0
𓅓𓂝𓎡𓋴	G17,D36,V31,S29,W78A	mks	container (for documents)	0.0
𓅓𓏏𓀐	G17,X1,A14	mt	die, perish, death	0.0
𓅓𓏏𓂂	G17,X1,D12	mt	die, perish, death	0.0
𓅓𓏏𓁀	G17,X1,A55	mt	die, perish, death	0.0
𓅓𓏱𓏏	G17,Z6,X1	mt	die, perish (of ship), death	0.0
𓅓𓏏𓀐	G17,X1,A14	mt	dead man, mortal man	0.0
𓅓𓏏𓏏𓀐	G17,X1,X1,A14	mtt	dead woman	0.0
𓅓𓏏𓏏𓏱𓈟𓏏𓁐	G17,X1,X1,Z6,N42,X1,B1	mtt  Hmt	dead woman	0.0
𓅓𓂝𓅷𓏤𓂺	G17,D36,G47,Z1,D53	mTA	penis	0.0
𓅓𓏏𓂺𓅱𓏏	G17,X1,D53,G43,X1	mtwt	seed, progeny	0.0
𓅓𓍿𓈖𓌙𓏌𓏏𓏝	G17,V13,N35,T14,W24,X1,Y2	mtnwt	reward	0.0
𓅓𓅷𓄿𓀁	G17,G47,G1,A2	mTA	flout, vex	0.0
𓅓𓅷𓄿𓀁𓄣𓏤𓂋	G17,G47,G1,A2,F34,Z1,D21	mTA  ib  r	disagree with someone	0.0
𓅓𓂝𓅷𓏏𓂡	G17,D36,G47,X1,D40	mTAt	land - heritage ?	0.0
𓅓𓅷𓄿𓅓𓋳	G17,G47,G1,G17,S28	mTAm	a woman''s garment	0.0
𓅓𓍿𓇬𓈖𓃒	G17,V13,M42,N35,E1	mTwn	arena	0.0
𓅓𓍿𓈖𓅯𓈐	G17,V13,N35,G41,N31	mTn	road, way, course	0.0
𓅓𓂝𓍿𓈖𓈐	G17,D36,V13,N35,N31	mTn	road, way	0.0
𓅓𓂝𓏏𓈖𓌙𓅯𓈐𓏥	G17,D36,X1,N35,T14,G41,N31,Z2	mTn	course	0.0
𓅓𓂝𓏏𓈖𓌙𓅯𓀀	G17,D36,X1,N35,T14,G41,A1	mtn	sheikh	0.0
𓅓𓂝𓏏𓈖𓌙𓅯𓏛𓀀	G17,D36,X1,N35,T14,G41,Y1,A1	mtn	sheikh	0.0
𓅓𓂠𓍿𓈖𓈉	G17,D39,V13,N35,N25	mTn	Mitanni	0.0
𓅓𓂝𓏏𓈖𓈉	G17,D36,X1,N35,N25	mTn	Mitanni	0.0
𓅓𓂠𓂧𓊃𓏛	G17,D39,D46,O34,Y1	mds	sharp (of knife), acute (of vision), forceful (of character)	0.0
𓅓𓂧𓋴𓌪𓂡	G17,D46,S29,T30,D40	mds	firm - planted (of foot)	0.0
𓅓𓂧𓋴𓌪𓄣𓏤	G17,D46,S29,T30,F34,Z1	mds  ib	spiteful	0.0
𓅓𓆓𓏏𓎅𓈇𓏤	G17,I10,X1,V19,N23,Z1	mDt	depth	0.0
𓅓𓆓𓏏𓎅𓎅𓎅	G17,I10,X1,V19,V19,V19	mDwt	bonds	0.0
𓅓𓆓𓏏𓎅	G17,I10,X1,V19	mDt	byre	0.0
𓅓𓆓𓏏	G17,I10,X1,W1B	mDt	oil	0.0
𓅓𓍑𓏏𓏝	G17,U28,X1,Y2	mDAt	letter, dispatch	0.0
𓅓𓍑𓏏𓍐	G17,U28,X1,U27	mDAt	chisel	0.0
𓅓𓍑𓄿𓅱𓈉	G17,U28,G1,G43,N25	mDAw	Medja	0.0
𓅓𓂝𓍑𓅱𓌙𓈉𓏥	G17,D36,U28,G43,T14,N25,Z2	mDAw	Medja	0.0
𓅓𓍑𓄿𓅱𓌙𓀀𓏥	G17,U28,G1,G43,T14,A1,Z2	mDAw	Medjay, Police	0.0
𓅓𓂝𓍑𓄿𓇋𓇋𓏲𓌙𓀀𓏥	G17,D36,U28,G1,M17,M17,Z7,T14,A1,Z2	mDAw	Medjay, Police	0.0
𓅓𓍑𓏲𓃀𓂡	G17,U28,Z7,D58,D40	mDAb	expel (foes)	0.0
𓅓𓍑𓄿𓃀𓏏𓎟	G17,U28,G1,D58,X1,V30	mDAbt	bailer (of boat)	0.0
𓅓𓍑𓃀𓏏𓁸𓆱	G17,U28,D58,X1,D3,M3	mDAbt	drainer (for bilge ?)	0.0
𓅓𓇥𓂋𓊅	G17,M36,D21,O36	mDr	shut out (storms), wall in  (treasure)	0.0
𓅓𓇥𓂋𓇋𓊅	G17,M36,D21,M17,O36	mDr	shut out (storms), wall in  (treasure)	0.0
𓅓𓆓𓎛𓍼	G17,I10,V28,V12	mDH	fillet	0.0
𓅓𓂧𓎛𓍼	G17,D46,V28,V12	mDH	fillet	0.0
𓅓𓆓𓎛𓋜	G17,I10,V28,S10	mDH	fillet	0.0
𓅓𓂠𓂧𓎛𓌎𓂡	G17,D39,D46,V28,T7,D40	mDH	hew (timber), build (ships)	0.0
𓅓𓆓𓏏𓆑𓏏𓍊	G17,I10,X1,I9,X1,U22	mDtft	chisel (used in Opening-of-the-mouth ceremony)	0.0
𓅓𓂝𓆓𓂧𓂡	G17,D36,I10,D46,J24,D40	mDd	press hard on, hit, strike (the mouth in funerary ritual)	0.0
𓅓𓂝𓆓𓂧𓂡	G17,D36,I10,D46,J24,D40	mDd	practice (a virtue), press on (with)	0.0
𓅓𓂝𓆓𓂧𓂡𓍯𓄿𓏏𓈐	G17,D36,I10,D46,J24,D40,V4,G1,X1,N31	mDd  wAt	be loyal, obedient to	0.0
𓅓𓈖𓍇𓏌𓅱𓂧	G17,N35,U19,W24,G43,D46	m  nwdw	awry	0.0
𓅓𓈖𓍇𓏌𓏲𓂧𓏲𓂻𓏥	G17,N35,U19,W24,Z7,D46,Z7,D54,Z2	m  nwdw	awry	0.0
𓅓𓈖𓆑𓅪	G17,N35,I9,G37	m  nf	wrongfully	0.0
𓅓𓂋𓅱𓏏𓏭𓇯𓂋	G17,D21,G43,X1,Z4,N1,D21	m  rwty  r	absent from	0.0
𓅓𓉔𓅱𓏥	G17,O4,G43,Z2	m  hAw	in the neighbourhood of	0.0
𓅓𓉔𓇋𓄟𓋴𓂻𓏥	G17,O4,M17,F31,S29,D54,Z2	m  hims	humbly	0.0
𓅓𓉔𓄿𓄟𓋴𓂻	G17,O4,G1,F31,S29,D54	m  hims	humbly	0.0
𓅓𓇉𓄿𓅱𓏛𓏥	G17,M16,G1,G43,Y1,Z2	m  HAw	in excess of	0.0
𓅓𓇉𓄿𓅱𓏛𓏥𓁷𓏤	G17,M16,G1,G43,Y1,Z2,D2,Z1	m  HAw  Hr	in addition to, except	0.0
𓅓𓄂𓏏𓏤	G17,F4,X1,Z1	m  HAt	in front of, before	0.0
𓅓𓁷𓂋𓇋𓇋𓏏𓇯	G17,D2,D21,M17,M17,X1,N1	m  Hryt	above	0.0
𓅓𓁷𓂋𓏏𓇯	G17,D2,D21,X1,N1	m  Hryt	above, in advance of	0.0
𓅓𓁷𓂋𓂡	G17,D2,D21,J19,D40	m  Hrt	in readiness for	0.0
𓅓𓎛𓎛𓏭𓂻𓈖𓄣𓏤	G17,V28,V28,Z4,D54,N35,F34,Z1	m  HHy  n  ib	with ingenious mind	0.0
𓅓𓎛𓎿𓊃𓂻𓆑	G17,V28,W14,O34,D54,I9	m  Hsi  .f	(coming)    to meet him	0.0
𓅓𓊵𓏏𓊪𓄤𓆑𓂋𓅨𓂋𓏏	G17,R4,X1,Q3,F35,I9,D21,G36,D21,X1	m  Htp  nfr  wrt	in very good peace (a  greeting)	0.0
𓅓𓏏𓏛𓏥𓌡𓏏𓏤	G17,J1,X1,Y1,Z2,T21,X1,Z1	m  xt  wat	into, as one thing, altogether	0.0
𓅓𓂋𓆼	G17,D21,M12	imy  r  xAw	overseer of herds	0.0
𓅓𓋉𓀭	G17,J1,R22,A40	xm	sacred image	0.0
𓅓𓂸𓏏𓏥𓂜	G17,J1,D52,X1,Z2,D35	m  xmt	in the absence of, without	0.0
𓅓𓂸𓏏𓏪𓀁	G17,J1,D52,X1,Z3,A2	m  xmt	in the absence of, without	0.0
𓅓𓏅𓈖𓏏	G17,W18,N35,X1	xnt	in the face of, within, out of	0.0
𓅓𓏅𓈖𓏏𓏭𓂉𓉐	G17,W18,N35,X1,Z4,D19,O1	m  xnty	indoors	0.0
𓅓𓍚𓅱𓂻	G17,U35,G43,D54	m  xsfw	at the approach of (in meeting)	0.0
𓅓𓆱𓏏𓆱𓏏𓂽	G17,M3,J1,X1,M3,J1,X1,D55	m  xtxt	backwards	0.0
𓅓𓂧𓊛	G17,J1,D46,P1	m  xd	downstream	0.0
𓅓𓄚𓈖𓏌𓅱𓉐	G17,F26,N35,W24,G43,O1	m  Xnw	within, at, in the house of	0.0
𓅓𓄚𓏌𓂝𓂝	G17,F26,W24,D36,D36	m  Xnw  awy	within	0.0
𓅓𓏤	G17,J17,Z1	m  sA	at the back of, following after, having charge of, wearing (sandals)	0.0
𓅓𓊃𓈖𓏏𓏕𓂋	G17,O34,N35,X1,X5,D21	m  snt  r	in the likeness of, in accordance with	0.0
𓅓𓊃𓈖𓏏𓏕𓏛𓂋	G17,O34,N35,X1,X5,Y1,D21	m  snt  r	in the likeness of, in accordance with	0.0
𓅓𓋴𓂧𓀡	G17,S29,J1,D46,A29	m  sxd	head downwards	0.0
𓅓𓄔𓀀𓏪	G17,F21,A1,Z3	sDmi	judge, hearers	0.0
𓅓𓄲𓏛	G17,F46,Y1	m  qAb	doubled	0.0
𓅓𓎡𓆑𓏏𓄖	G17,V31,I9,X1,F22	m  kfAt	indeed	0.0
𓅓𓎡𓋴𓅱𓀓	G17,V31,S29,G43,A16	m  ksw	bowing	0.0
𓅓𓎡𓏏𓎡𓏏𓀁	G17,V31,X1,V31,X1,A2	m  ktkt	quietly	0.0
𓅓𓎼𓃀𓎼𓃀𓇋𓇋𓏏𓀒	G17,W11,D58,W11,D58,M17,M17,X1,A15	m  gbgbt	headlong (of flight), prostrate	0.0
𓅓𓎼𓃀𓎼𓃀𓏏𓏴	G17,W11,D58,W11,D58,X1,Z9	m  gbgbt	headlong (of flight), prostrate	0.0
𓅓𓁶𓏤𓈖	G17,D1,Z1,N35	m.......tp n	from.......down to	0.0
𓅓𓋭𓊃𓈇	G17,S24,O34,N23	m  Ts	(the land was ) in drought	0.0
𓅓𓂧𓃹𓈖𓂻	G17,D46,E34,N35,D54	m  dwn	straight on	0.0
𓅓𓂧𓃹𓈖𓂻	G17,D46,E34,N35,D54	m  dwn	from then on, henceforward	0.0
𓅓𓂧𓃹𓈖𓂻	G17,D46,E34,N35,D54	m  dwn	habitually, continually	0.0
𓅔𓂠	G18,D39	m  m	among, therein	0.0
𓅔𓏭𓄛	G18,Z4,F27	mmy	giraffe	0.0
𓅖𓇋𓇋𓅱𓈗	G20,M17,M17,G43,N35A	myw	semen, seed of man	0.0
𓅖𓈙𓂝𓂻	G20,N37,D36,D54	mSa	march, travels	0.0
𓅘𓎛𓀁	G21,V28,A2	nHi	pray for, prayer	0.0
𓅘𓎛𓏏𓀁	G21,V28,X1,A2	nHt	prayer	0.0
𓅘𓎛𓃀𓏴𓂡	G21,V28,D58,Z9,D40	nHb	harness, yoke, appoint, combine (attributes), provide, requisition	0.0
𓅘𓎛𓃀𓏏𓆰	G21,V28,D58,X1,M2	nHbt	bud (of lotus plant)	0.0
𓅘𓎛𓃀𓏏𓆹	G21,V28,D58,X1,M10	nHbt	bud (of lotus plant)	0.0
𓅘𓎛𓃀𓏏𓆸	G21,V28,D58,X1,M9	nHbt	bud (of lotus)	0.0
𓅘𓎛𓊪𓊌	G21,V28,Q3,O39	nHp	potter''s wheel	0.0
𓅘𓎛𓇳𓎛𓏊𓏥	G21,V28,N5,V28,W22,Z2	nHH	(sesame) oil	0.0
𓅘𓎛𓎛𓇳	G21,V28,V28,N5	nHH	eternity, for ever	0.0
𓅙𓃀𓏏𓊌	G22,D58,X1,O39	Dbt	brick, ingot, slab (of metal)	0.0
𓅙𓏏𓊌	G22,X1,O39	Dbt	brick, ingot, slab (of metal)	0.0
𓅙𓃀𓏏𓊌𓈔𓈓	G22,D58,X1,O39,N34,N33A	Dbt	target	0.0
	G225	bA	hoe (crops)	0.0
𓅚𓇋𓇋𓏏	G23,M17,M17,X1	rxyt	subjects, common folk, mankind	0.0
𓅚𓏏𓀀𓁐𓏥	G23,X1,A1,B1,Z2	rxyt	subjects, common folk, mankind	0.0
𓅜𓀼	G25,J1,A51	Ax	spirit	0.0
𓅜	G25,J1	Ax	spirit	0.0
𓅜𓏤𓀽	G25,Z1,A52	Ax	spirit	0.0
𓅜𓏛	G25,J1,Y1	Ax	be a spirit, become a spirit, glorious, splendid, beneficial, useful, profitable, fame	0.0
𓅜𓏏𓏛	G25,J1,X1,Y1	Axt	what is good, profitable, useful	0.0
𓅜𓅱𓏛𓏥	G25,J1,G43,Y1,Z2	Axw	power (of god), mastery (over work)	0.0
𓅜𓏛𓏥	G25,Y1,Z2	Axw	power (of god)	0.0
𓅜𓏛𓏥	G25,J1,Y1,Z2	Axw	power (of god)	0.0
𓅜𓏛	G25,J1,Y1	Axw	power (of god)	0.0
𓅜𓏥𓅱	G25,J1,Z2,G43	Axw	power (of god)	0.0
𓅜𓏏𓆘	G25,J1,X1,I13	Axt	uraes-serpent	0.0
𓅜𓏏𓆘	G25,X1,I13	Axt	uraeus - serpent	0.0
𓅜𓏏𓁻	G25,J1,X1,D6	Axt	eye (of god)	0.0
𓅜𓏏𓊮	G25,J1,X1,Q7	Axt	flame	0.0
𓅜𓇋𓇋𓏏𓉐	G25,J1,M17,M17,X1,O1	Axyt	still-room ?	0.0
𓅜𓏏𓏳	G25,J1,X1,Z8	Axt	horizon, (tomb (of king)	0.0
𓅜𓏏𓈌𓉐	G25,X1,N27,O1	Axt	horizon, tomb (of king)	0.0
𓅜𓏏𓏳𓍘𓇋	G25,J1,X1,Z8,U33,M17	Axty	horizon - dweller	0.0
𓅜𓅂	G25,J1,G4,B53,B53,B53	Axtyw	horizon - dwellers (a remote people)	0.0
𓅜𓇶	G25,J1,N8	Axw	sunlight, sunshine	0.0
𓅝𓏏𓏭𓆄𓏏𓏤𓆰	G26,X1,Z4,H6,X1,Z1,M2	Swt  dHwty	a type of herb	0.0
𓏏𓏏𓈉	G264A,X1,X1,N25	imntt	the West	0.0
𓏏	G264B,X1	imnty	the West	0.0
	G264B	wnmy	right - hand side, right, right side of	0.0
𓅟𓂋𓏏𓋔	G27,D21,X1,S3	dSrt	the Red Crown	0.0
𓅟𓏏𓈉	G27,X1,N25	dSrt	the Red Land, desert	0.0
𓅟𓂋𓏏𓈉	G27,D21,X1,N25	dSrt	the Red Land, desert	0.0
𓅟𓏏𓎽	G27,X1,W12	dSrt	red pot	0.0
𓅟𓂋𓅱𓏥	G27,D21,G43,Z2	dSrw	wrath	0.0
𓅠𓎺	G28,W10	HAmw	type of wine	0.0
𓅠𓅓𓏲𓅯𓏥	G28,G17,Z7,G41,Z2	gmwt	black ibis	0.0
𓅠𓁸	G28,D3	gmi  wS	found destroyed	0.0
𓅠𓅓𓅱𓈙𓁸	G28,G17,G43,N37,D3	gmi  wS	found destroyed	0.0
𓅠𓅓𓏲𓅪𓏥	G28,G17,Z7,G37,Z2	gmw	mourning	0.0
𓅠𓅓𓅱𓀉	G28,G17,G43,A7	gmw	weakness	0.0
𓅠𓅓𓅱𓏏𓀉𓅪𓏥	G28,G17,G43,X1,A7,G37,Z2	gmwt	weakness	0.0
𓅠𓅓𓎛𓁹	G28,G17,V28,D4	gmH	catch sight of, espy, look (at)	0.0
𓅠𓅓𓎛𓁹𓍯𓄿𓈐	G28,G17,V28,D4,V4,G1,N31	gmH  wA	far - sighted, perspicaceous	0.0
𓅠𓅓𓎛𓏏𓋳	G28,G17,V28,X1,S28	gmHt	candle	0.0
𓅠𓎛𓏏𓋳	G28,V28,X1,S28	gmHt	candle	0.0
𓅠𓎛𓏏𓁸	G28,V28,X1,D3	gmHt	plaited hair	0.0
𓅠𓅓𓎛𓋴𓀭	G28,G17,V28,S29,G158A,A40	gmHsw	hawk	0.0
𓅠𓅓𓅠𓅓𓏴	G28,G17,G28,G17,Z9	gmgm	smash (boxes), tear up (books), break (of trees)	0.0
𓅠𓅓𓅠𓅓𓏴𓂡	G28,G17,G28,G17,Z9,D40	gmgm	smash (boxes)	0.0
𓅡𓏤𓏱	G29,Z1,Z6	bA	soul, BA	0.0
𓅡𓄿𓏏	G29,G1,X1,F62	bAt	symbol of Hathor	0.0
𓅡	G29,Y8A	bAt	symbol of Hathor	0.0
𓅡𓊌𓈉	G29,O39,N25	bAXw	Bahu: a region (originally west of Egypt, later on, to the East)	0.0
𓅡𓊌𓁹𓈉	G29,O39,D4,N25	bAXw	Bahu: a region (originally west of Egypt, later on, to the East)	0.0
𓅡𓋴	G29,S29,W10B	bAs	jar	0.0
𓅡𓈎𓆭	G29,N29,M1	bAq	tree (moringa arabica)	0.0
𓅡𓈎𓆭𓏌𓏥	G29,N29,M1,W24,Z2	bAq	moringa oil	0.0
𓅡𓈎	G29,N29,M46B	bAq	bright	0.0
𓅡𓎡𓂡	G29,V31,D40	bAk	work, work (for someone), pay taxes, work (horses), carry out (a task), enslave	0.0
𓅡𓎡𓅱𓂡𓏥	G29,V31,G43,D40,Z2	bAkw	work, task, workmanship, execution (of a design), revenues, taxes, impost, wages	0.0
𓅡𓎡𓂡𓏥	G29,V31,D40,Z2	bAkw	work, task	0.0
𓅡𓎡𓅱𓏛𓏥	G29,V31,G43,Y1,Z2	bAkw	work, task	0.0
𓅡𓎡𓏏𓏛𓏥	G29,V31,X1,Y1,Z2	bAkt	work, task, works (of craftmanship), labour (of captives), revenues, taxes	0.0
𓅡𓎡𓏏𓏥	G29,V31,X1,Z2	bAkt	revenues, taxes	0.0
𓅡𓎡𓏏𓁐	G29,V31,X1,B1	bAkt	maidservant	0.0
𓅡𓎡𓅡𓎡𓈒𓏥	G29,V31,G29,V31,N33,Z2	bAkbAk	a cake	0.0
𓅡𓏤𓂧𓏏𓏯𓆰	G29,Z1,D46,X1,Z5,M2	bdt	bed (of gourds  etc....)	0.0
𓅡𓇋𓏏𓈅	G29,M17,X1,N21	bit	a loaf	0.0
𓅡𓏤𓂧𓏏𓏯𓆰	G29,Z1,D46,X1,Z5,M2	bdt	bed (of gourds etc..)	0.0
𓇋𓈅	G29A,M17,N21	bit	a loaf	0.0
𓅢𓅱𓏛𓏥	G30,G43,Y1,Z2	bAw	power	0.0
𓅤𓈗𓈘𓈇	G32,N35A,N36,N23	baH	basin (for irrigation)	0.0
𓅤	G32,Y1V	baH	abundance	0.0
𓅧𓈎𓂻𓂋𓉐𓏤	G35,N29,D54,D21,O1,Z1	aq  r  pr	wedding	0.0
𓅧𓈎𓂻𓄣𓏤	G35,N29,D54,F34,Z1	aq   ib	become intimate	0.0
𓅧𓈎𓂻𓄣𓏤𓀀	G35,N29,D54,F34,Z1,A1	aq  ib	intimate friend	0.0
𓅧𓈎𓏛𓄣𓏤	G35,N29,Y1,F34,Z1	aq   ib	intimate friend	0.0
𓅧𓈎𓂻𓂋𓏤𓀀	G35,N29,D54,D21,Z1,A1	aq  r	one over-familiar in speech ?	0.0
𓅧𓈎𓂻𓀀𓁐𓏥	G35,N29,D54,A1,B1,Z2	aqw	friends	0.0
𓅧𓇋𓇋𓏏	G35,M17,M17,X1	aqyt	female servant	0.0
𓅧𓏏	G35,X1	aqyt	female servant	0.0
𓅧𓈎𓏒𓏥	G35,N29,X4,Z2	aqw	loaves, provisions, food, income, revenue	0.0
𓅧𓅱𓏳𓏥	G35,G43,Z8,Z2	aqw	provisions, food	0.0
𓅧𓈎𓏲𓏳𓏥	G35,N29,Z7,Z8,Z2	aqw	provisions, food	0.0
𓅧𓈎𓂻𓉐𓂋𓂻	G35,N29,D54,O1,D21,D54	aq  pr	come in  and go out, come and go	0.0
𓅨𓂋𓀀	G36,D21,A1	wr	great one, magnate, chief, ruler (of foreign land)	0.0
𓅨𓂋𓄣𓏤	G36,D21,F34,Z1	wr  ib	insolent	0.0
𓅨𓂋𓌳𓏥𓀀	G36,D21,U1,Z2,A1	wr  mAw	Greatest of Seers	0.0
𓅨𓇙	G36,M28	wr  mD  Smaw	Magnate of the ''Ten of Upper Egypt''	0.0
𓅨𓂋𓎛𓂓𓏥𓀭	G36,D21,V28,D28,Z2,A40	wr  HkAw	Great of Magic	0.0
𓅨𓂋𓏏𓎛𓂓𓏥𓋒	G36,D21,X1,V28,D28,Z2,S2	wrt  HkAw	Great of Magic (of crowns)	0.0
𓅨𓂋𓏏𓎛𓂓𓏥𓋒𓋕	G36,D21,X1,V28,D28,Z2,S2,S4	wrt  HkAw	Great of Magic (of crowns)	0.0
𓅨𓂋𓏏𓎛𓂓𓏥𓆘	G36,D21,X1,V28,D28,Z2,I13	wrt  HkAw	Great of Magic (of uraeus)	0.0
𓅨𓂋𓎛𓂓𓏥𓍇	G36,D21,V28,D28,Z2,U19	wr  HkAw	instrument for ''Opening of the mouth''	0.0
𓅨𓂋𓌂𓍍	G36,D21,S42,U24	wr  xrp  Hmwt	Greatest of the Master Craftsmen	0.0
𓅨𓂋𓌕𓏌𓅱𓏪𓀀	G36,D21,T11,W24,G43,Z3,A1	wr  swnw	master physician	0.0
𓅨𓂋𓏤𓏤𓏤𓏤𓏤	G36,D21,Z1,Z1,Z1,Z1,Z1	wr  diw	Greatest of the Five	0.0
𓅨𓂋𓏏𓆗	G36,D21,X1,I12	wrt	Great One (of uraeus, of goddess)	0.0
𓅨𓂋𓏏𓋒	G36,D21,X1,S2	wrt	Crown of Upper Egypt	0.0
𓅨𓂋𓏏𓋕	G36,D21,X1,S4	wrt	Crown of Lower Egypt	0.0
𓅨𓏏	G36,X1,P13	wrt	sacred barque	0.0
𓅨𓏏	G36,X1,P111	wrt	sacred barque	0.0
𓅨𓏏𓃒	G36,X1,E1	wrt	sacred cow	0.0
𓅨𓂋𓇋𓄹	G36,D21,M17,F51	wri	portion of meat	0.0
𓅨𓂋𓄻	G36,D21,F51B	wri	portion (of meat)	0.0
𓅨𓂋𓇋𓇋𓏏𓆱𓏥	G36,D21,M17,M17,X1,M3,Z2	wryt	door posts	0.0
𓅨𓂋𓇋𓇋𓏏𓋳	G36,D21,M17,M17,X1,S28	wryt	cloth for straining liquids	0.0
𓅨𓂋𓅓𓏏𓅱𓊅𓏏𓏥	G36,D21,G17,X1,G43,O36,X1,Z2	wrmwt	roofing, awnings	0.0
𓅨𓂋𓅓𓏏𓅱𓊅𓏏𓈅𓏥	G36,D21,G17,X1,G43,O36,X1,N21,Z2	wrmwt	roofing, awnings	0.0
𓅨𓂋𓅓𓏏	G36,D21,G17,X1,O169,O169,O169	wrmwt	roofing, awnings	0.0
𓅨𓂋𓂋𓏏𓋒	G36,D21,D21,X1,S2	wrrt	crown	0.0
𓅨𓂋𓂋𓏏𓋗	G36,D21,D21,X1,S6	wrrt	crown	0.0
𓅨𓂋𓂋𓇋𓇋𓏏𓌝	G36,D21,D21,M17,M17,X1,T17	wrryt	chariot, wagon	0.0
𓅨𓂋𓏏𓌝	G36,D21,X1,T17	wrryt	chariot	0.0
𓅨𓂋𓇋𓇋𓏏𓌝	G36,D21,M17,M17,X1,T17	wrryt	chariot	0.0
𓅨𓂋𓂋𓏏𓌝	G36,D21,D21,X1,T17	wrryt	chariot	0.0
𓅨𓂋𓂋𓇋𓇋𓏏𓆱	G36,D21,D21,M17,M17,X1,M3	wrryt	chariot	0.0
𓅨𓂋𓎛𓏋𓀜	G36,D21,V28,W23,A24	wrH	anoint (someone with....) , smear on	0.0
𓅨𓂋𓎛𓎯𓂡	G36,D21,V28,W1,D40	wrH	anoint Someone with....),  smear on	0.0
𓅨𓂋𓎛𓎯𓏪	G36,D21,V28,W1,Z3	wrH	ointment	0.0
𓅨𓂋𓎛𓏌𓏥	G36,D21,V28,W24,Z2	wrH	ointment	0.0
𓅨𓂋𓎛𓏏𓏋𓏥	G36,D21,V28,X1,W23,Z2	wrHt	ointment	0.0
𓅨𓂋𓎛𓇋𓇋𓏋𓀜	G36,D21,V28,M17,M17,W23,A24	wrHy	anointer	0.0
𓅨𓂋𓋴𓆱	G36,D21,S29,M3	wrs	head - rest	0.0
𓅨𓂋𓈙𓇳	G36,D21,N37,N5	wrS	spend the day, spend one''s time, spend much time, wake, be awake	0.0
𓅨𓂋𓈙	G36,D21,N37,Q43	wrS	wake, be awake	0.0
𓅨𓂋𓈙𓇋𓇋𓇳𓀀	G36,D21,N37,M17,M17,N5,A1	wrSy	watcher, sentry	0.0
𓅨𓂋𓆓	G36,D21,I10,D81	wrD	be weary, grow weary, tire, die	0.0
𓅨𓂋𓂧𓏲𓀉𓅪𓏥	G36,D21,D46,Z7,A7,G37,Z2	wrdw	weariness	0.0
𓅨𓇗𓎆	G36,M26,V20	wr  mdw  Smaw	magnate of the Tens of Upper Egypt	0.0
𓅨𓌂𓍍𓀀	G36,S42,U24,A1	wr  xrp  Hm(wt)	Master Craftsman	0.0
𓅨𓇗𓎆	G36,M26,V20	wr  mdw  SmAw	magnate of the Tens of Upper Egypt	0.0
𓅨𓇗𓎆𓏥	G36,M26,V20,Z2	wr  mdw  SmAw	magnate of the Tens of Upper Egypt	0.0
𓅨𓇘𓎆𓏥	G36,M27,V20,Z2	wr  mdw  SmAw	magnate of the Tens of Upper Egypt	0.0
𓅨𓇘𓎆𓎆𓎆𓀀	G36,M27,V20,V20,V20,A1	wr  mdw  SmAw	magnate of the Tens of Upper Egypt	0.0
𓅬𓃀𓀭	G38,D58,A40	gb	Geb (the Earth god)	0.0
𓅭𓆛	G39,K1	Hb	catch (of fish and fowl)	0.0
𓅭𓏏𓁒	G39,X1,B3	st  ms	egg - laying duck	0.0
𓅭𓏤𓌻𓆑𓀀	G39,Z1,U7,I9,A1	sA  mr  .f	a son who loves (ritual impersonator of Horus)	0.0
𓅭𓅭𓆤𓆤𓏏𓀭	G39,G39,L2,L2,X1,A40	sAty  bity	the royal twins  (Shu and Tefnut)	0.0
𓅭𓏏𓏭𓅭𓃀𓀭	G39,X1,Z4,G39,D58,A40	sAty  gb	son of Geb	0.0
𓅭𓏤𓆚	G39,Z1,I15	sA	maggot	0.0
𓅭𓏥𓉐𓏥	G39,Z2,O1,Z2	sAw  prw	guards	0.0
𓅭𓏏𓈅𓏥	G39,X1,N21,Z2	sAtw	ground, earth, soil, floor	0.0
𓅭𓏏𓏭𓊌	G39,X1,Z4,O39	sAtw	ground, earth, soil, floor	0.0
𓅭𓏏𓅱𓈅𓏥	G39,X1,G43,N21,Z2	sAtw	ground, earth, soil, floor	0.0
𓅭𓊃𓏏𓊌𓊌𓊌	G39,O34,X1,O39,O39,O39	sAtw	floor boards, flooring	0.0
𓅭𓇾𓆙	G39,N16,I14	sA  tA	snake	0.0
𓅭𓈖𓈟𓅓𓆧	G39,N35,N42,G17,L4	snHm	locust	0.0
𓅭𓊄	G39,O35	ss	hurry	0.0
𓅂𓇓𓅱𓆱	G4,M23,G43,M3	tisw	quarterstaff	0.0
𓅮𓄿𓊣𓅱𓊝𓏥	G40,G1,P7,G43,P2,Z2	pA   aHaw	the fleet	0.0
𓅮𓄿𓇋𓇋	G40,G1,M17,M17	pAy	he of	0.0
𓅮𓄿𓇋𓇋𓎡	G40,G1,M17,M17,V31	pAy  .k	yours	0.0
𓅮𓄿𓇋𓇋𓀀	G40,G1,M17,M17,A1	pAy  .i	my	0.0
𓅮𓄿𓆃	G40,G1,H5	pA	fly, fly up	0.0
𓅮𓄿𓅱𓏏𓏳𓏥	G40,G1,G43,X1,Z8,Z2	pAwt	offerings	0.0
𓅮𓄿𓅱𓏏𓏖𓏳𓏪	G40,G1,G43,X1,X6,Z8,Z3	pAwt	offerings	0.0
𓅮𓂝𓏏𓏯	G40,D36,X1,Z5	pAat	irrigable land	0.0
𓅮𓏏𓏖	G40,X1,X6	pAwt	primaeval time	0.0
𓅮𓏏𓅱𓏖𓇿𓈓	G40,X1,G43,X6,N17,N33A	pAwt	primaeval time	0.0
𓅮𓅂𓏖𓏪	G40,G4,X6,Z3	pAwtyw	men of ancient families	0.0
𓅮𓏏𓏖𓍘𓇋	G40,X1,X6,U33,M17	pAwty	man of ancient family	0.0
𓅮𓏏𓏮𓂂𓏖	G40,X1,Z4A,D12,X6	pAwty	primaeval god	0.0
𓅮𓏏𓏭𓅱𓏖𓀭	G40,X1,Z4,G43,X6,A40	pAwty	primaeval god	0.0
𓅮𓏏𓅱𓅂𓇹𓏥	G40,X1,G43,G4,N11,Z2	pAwtyw	primaeval gods	0.0
𓅮𓂧𓊜	G40,J1,D46,P1A	pAxd	be turned upside down, be turned over (of sole of foot)	0.0
𓅮𓄿𓂧𓀡	G40,G1,J1,D46,A29	pAxd	be turned over (of sole of foot)	0.0
𓅮𓄿𓊃	G40,G1,O34,V102	pAs	water pot	0.0
𓅮𓈎𓏖	G40,N29,X6	pAq	a flat thin cake or biscuit	0.0
𓅮𓄿𓈎𓏏𓋳	G40,G1,N29,X1,S28	pAqt	fine linen	0.0
𓅮𓄿𓂧𓂾𓄹	G40,G1,D46,D56,F51	pAD	knee-cap	0.0
𓅮𓄿𓂧	G40,G1,D46,Y24	pAD	ball or cone (of incense)	0.0
𓅮𓄿𓆓	G40,G1,I10,Y24	pAD	ball or cone (of incense)	0.0
𓅮𓅭𓏤𓅭𓏤𓏴𓂡	G40,G39,Z1,G39,Z1,Z9,D40	pss	results of labour	0.0
𓅯𓄿𓅱𓏏𓀋	G41,G1,G43,X1,A9	pAwt	burden (of illness)	0.0
𓅯𓄿𓈎𓇋𓇋𓏏𓊌	G41,G1,N29,M17,M17,X1,O39	pAqyt	shell (of turtle, of skull), flake (of stone), potsherd	0.0
𓅯𓅱𓏭𓏛𓏥	G41,G43,Z4,Y1,Z2	sHwy	collection, summary, assemblage (of troops), list	0.0
𓅯𓇋𓇋𓏏𓈒𓏥	G41,M17,M17,X1,N33,Z2	qmyt	gum, resin	0.0
𓅯𓈗𓂋𓏤	G41,N35A,D21,Z1	Tn  r	reminder, explanation	0.0
𓅰𓏳𓏥	G42,Z8,Z2	Dfaw	provisions, sustenance, victuals,  (deified as) Abundance	0.0
𓅱𓂝𓄯	G43,D36,F44	iwa	succeed (someone)	0.0
𓅱𓈅𓏤	G43,N21,Z1	w	district, region	0.0
𓅱𓎝𓋞	G43,V29,S12	wAH	fillet (of gold)	0.0
𓅱𓎼𓎱𓇳	G43,W11,W3,N5	wAg	Wag  festival (a religious festival)	0.0
𓅱𓇋𓀾	G43,M17,A53	wi	mummy case	0.0
𓅱𓏭	G43,Z4	wy	how !	0.0
𓅱𓇋𓄿	G43,M17,G1,P4A	wiA	sacred barque	0.0
𓅱𓇋𓆛𓈖𓂢𓂡	G43,M17,K1,N35,D41,D40	win	thrust aside, push away, set aside	0.0
𓅱𓇋𓆛𓈖𓂝	G43,M17,K1,N35,D36	win	thrust aside, push away, set aside	0.0
𓅱𓇋𓆛𓈖𓂢𓂻	G43,M17,K1,N35,D41,D54	win	thrust aside, push away, set aside	0.0
𓅱𓂝𓌡𓏤	G43,D36,T21,Z1	wa	unique, one only, sole	0.0
𓅱𓌡𓍘𓇋	G43,T21,U33,M17	(sbA)   waty	lone (star)	0.0
𓅱𓉻𓂝𓄿𓀁	G43,O29,D36,G1,A2	waA	curse	0.0
𓅱𓂝𓂝𓏲𓏏𓅪𓈓	G43,D36,D36,Z7,X1,G37,N33A	waawt	privacy	0.0
𓅱𓂝𓅱𓂡	G43,D36,G43,D40	waw	soldier	0.0
𓅱𓂝𓃂	G43,D36,D60	wab	pure, purify oneself, bathe, cleanse, purification, purity	0.0
𓅱𓄐𓃀	G43,F17,D58	wab	pure, purify oneself, bathe, cleanse, purification, purity	0.0
𓅱𓂝𓆑𓀜	G43,D36,I9,A24	waf	bend down, subdue, be bent, curled up	0.0
𓅱𓂝𓆑𓏲𓂡	G43,D36,I9,Z7,D40	waf	subdue (nations)	0.0
𓅱𓂝𓈖𓆭	G43,D36,N35,M1	wan	juniper	0.0
𓅱𓂝𓈖𓆭	G43,D36,N35,J2,M1	wan	juniper	0.0
𓅱𓂝𓈖𓆭	G43,D36,N35,J2,M1	wan	juniper	0.0
𓅱𓂝𓂋𓂾𓂻	G43,D36,D21,D56,D54	war	flee, rush forth, fly	0.0
𓅱𓂝𓂋𓂾𓂻𓀀	G43,D36,D21,D56,D54,A1	war	fugitive	0.0
𓅱𓂝𓂋𓏏𓂾	G43,D36,D21,X1,D56	wart	flight	0.0
𓅱𓂝𓂋𓏏𓂾𓏥	G43,D36,D21,X1,D56,Z2	wart	flight	0.0
𓅱𓂝𓂋𓏏𓂾𓂻𓏥	G43,D36,D21,X1,D56,D54,Z2	wart	flight	0.0
𓅱𓂝𓂋𓏲𓂾𓀁	G43,D36,D21,Z7,D56,A2	warw	hastiness (of speech)	0.0
𓅱𓂝𓂋𓏏𓂾	G43,D36,D21,X1,D56	wart	hip joint, leg, lower leg, foot	0.0
𓅱𓂝𓂋𓏏𓂾𓈉	G43,D36,D21,X1,D56,N25	wart	desert - plateau	0.0
𓅱𓂝𓂋𓏏𓈇	G43,D36,D21,X1,N23	wart	desert - plateau	0.0
𓅱𓂝𓂋𓏏𓊌𓈉	G43,D36,D21,X1,O39,N25	wart	desert - plateau	0.0
𓅱𓂝𓎛	G43,D36,V28,N11A	waH	earth - almond ?, carob ?	0.0
𓅱𓃀𓈖𓇶	G43,D58,N35,N8	wbn	rise, shine, glitter, appear, overflow, be excessive	0.0
𓅱𓃀𓈖𓂻	G43,D58,N35,D54	wbn	stride briskly	0.0
𓅱𓃀𓈖𓏌𓅱𓇳	G43,D58,N35,W24,G43,N5	wbnw	eastern, the east	0.0
𓅱𓃀𓈖𓏌𓅱𓂐	G43,D58,N35,W24,G43,D26	wbnw	wound	0.0
𓅱𓃀𓈖𓏌𓅱𓄻	G43,D58,N35,W24,G43,F51B	wbnw	wound	0.0
𓅱𓃀𓈖𓏌𓅱	G43,D58,N35,W24,G43,J3	wbnw	wound	0.0
𓅱𓃀𓏴𓏛	G43,D58,J1,Z9,Y1	wbx	be bright	0.0
𓅱𓃀𓏴𓋳	G43,D58,J1,Z9,S28	wbx	be bright	0.0
𓅱𓃀𓂧𓊮	G43,D58,D46,Q7	wbd	burn, heat, be scalded	0.0
𓅱𓃀𓂧𓏏𓏯𓊮	G43,D58,D46,X1,Z5,Q7	wbdt	burn, burning	0.0
𓅱𓊪𓄋	G43,Q3,F13	wpi	open	0.0
𓅱𓊪𓈙𓏴	G43,Q3,N37,Z9	wpS	strew, scatter	0.0
𓅱𓆑𓄿𓄹	G43,I9,G1,F51	wfA	lungs	0.0
𓅱𓆑𓄿𓅭𓀁	G43,I9,G1,G39,A2	wfA	talk about, discuss, support, talk, subject (of conversation)	0.0
𓅱𓆑𓄿𓀁	G43,I9,G1,A2	wfA	support (a plea)	0.0
𓅱𓂸𓏏𓏛	G43,D52,X1,Y1	wmt	thick	0.0
𓅱𓂸𓏏𓏛𓄣𓏤	G43,D52,X1,Y1,F34,Z1	wmt  ib	stout - hearted	0.0
𓅱𓂸𓏏𓉐	G43,D52,X1,O1	wmt	gateway	0.0
𓅱𓂸𓏏𓌙𓌙𓉐	G43,D52,X1,T14,T14,O1	wmt	gateway	0.0
𓅱𓂸𓏏𓋳𓏥	G43,D52,X1,S28,Z2	wmt	thick cloth	0.0
𓅱𓂸𓏏𓍢	G43,D52,X1,V1	wmt	thick cloth	0.0
𓅱𓂸𓏏𓊅𓀀𓏥	G43,D52,X1,O36,A1,Z2	wmt	mass (of men)	0.0
𓅱𓂸𓏏𓏏𓊅	G43,D52,X1,X1,O36	wmtt	thick wall, thickness	0.0
𓅱𓂸𓏏𓏏𓌙𓌙	G43,D52,X1,X1,T14,T14	wmtt	thick wall	0.0
𓅱𓂸𓏏𓏭𓌙𓌙𓉐	G43,D52,X1,Z4,T14,T14,O1	wmtt	thick wall	0.0
𓅱𓉔𓅪	G43,O4,G37	whi	escape, miss, fail, be undone, be lacking	0.0
𓅱𓉔𓂢	G43,O4,D41	whi	escape	0.0
𓅱𓉔𓄿𓅪	G43,O4,G1,G37	whi	be undone (of heart)	0.0
𓅱𓉔𓏏𓅪	G43,O4,X1,G37	wht	failure	0.0
𓅱𓉔𓄿𓉔𓄿𓀁	G43,O4,G1,O4,G1,A2	whAhA	arrogance ?	0.0
𓅱𓉔𓃀𓏴𓂡	G43,O4,D58,Z9,D40	whb	pierce, hole	0.0
𓅱𓉔𓈖	G43,O4,N35,O118	whn	throw down (fence), fall off (of scab)	0.0
𓅱𓉔𓈖𓀨	G43,O4,N35,A35	whn	throw down (fence)	0.0
𓅱𓉔𓈖𓊊𓂡	G43,O4,N35,O37,D40	whn	throw down (fence)	0.0
𓅱𓉔𓈖𓈖𓁶	G43,O4,N35,N35,D1	whnn	crown (of head)	0.0
𓅱𓎛𓏏𓏋	G43,V28,X1,W23	wAHt	cauldron	0.0
𓅱𓎛𓄿𓏏𓏋	G43,V28,G1,X1,W23	wHAt	cauldron	0.0
𓅱𓎛𓏏	G43,V28,X1,W115	wHAt	cauldron	0.0
𓅱𓎛𓄿𓏏𓎶	G43,V28,G1,X1,W7	wHAt	cauldron	0.0
𓅱𓇉𓄿𓀜	G43,M16,G1,A24	wHA	hew (stone), pluck (flowers), cut (crops)	0.0
𓅱𓇉𓂡	G43,M16,D40	wHA	hew (stone)	0.0
𓅱𓎛𓄿𓂡	G43,V28,G1,D40	wHA	hew (stone)	0.0
𓅱𓇉𓄿𓆰	G43,M16,G1,M2	wHA	pluck (flowers)	0.0
𓅱𓇉𓄿𓀜	G43,M16,G1,J2,A24	wHA	cut (crops)	0.0
𓅱𓎛𓇋𓇋𓏏𓊖	G43,V28,M17,M17,X1,O49	wHyt	village	0.0
𓅱𓎛𓏏𓊖	G43,V28,X1,O49	wHyt	village	0.0
𓅱𓎛𓏏𓈉	G43,V28,X1,N25	wHyt	village	0.0
𓅱𓎛𓇋𓇋𓏏𓀀𓁐𓏥	G43,V28,M17,M17,X1,A1,B1,Z2	wHyt	family, kindred, relatives	0.0
𓅱𓎛𓇋𓇋𓌙𓀀𓁐𓏥	G43,V28,M17,M17,T14,A1,B1,Z2	wHyt	family, kindred	0.0
𓅱𓎛𓏲𓌙𓀀𓁐𓏥	G43,V28,Z7,T14,A1,B1,Z2	wHyt	family, kindred	0.0
𓅱𓎛𓏭𓂝	G43,V28,Z4,D36,P30	wHa	loose (fetters)	0.0
𓅱𓎛𓂝	G43,V28,D36,P30	wHa	release (someone, something)	0.0
𓅱𓎛𓂝𓆟	G43,V28,D36,K5	wHa	fish (synodontis schall)	0.0
𓅱𓎛𓂝𓅱𓀀	G43,V28,D36,G43,A1	wHaw	fishermen, fowlers	0.0
𓅱𓎛𓅱𓎛𓏴𓅪𓏥	G43,V28,G43,V28,Z9,G37,Z2	wHwH	disappear (of inscriptions)	0.0
𓅱𓎛𓋴𓌪𓂡	G43,V28,S29,T30,D40	wHs	cut off (hair), quell (tulmult), kill (rebels)	0.0
𓅱𓋂	G43,J1,R16	wx	fetish of Kos	0.0
𓅱𓇰	G43,J1,N2	wx	night	0.0
𓅱𓏏𓇰	G43,J1,X1,N2	wxt	darkness	0.0
𓅱𓆼𓄿𓆱	G43,M12,G1,M3	wxA	column, tent-pole	0.0
𓅱𓆱	G43,J1,M3	wxA	column, tent pole	0.0
𓅱𓆼𓆱	G43,M12,M3	wxA	column, tent pole	0.0
𓅱𓇋	G43,J1,M17,O211	wxA	column, tent pole	0.0
𓅱𓆼𓄿𓉐	G43,J1,M12,G1,O1	wxA	hall of columns	0.0
𓅱𓆼𓄿𓂡	G43,M12,G1,D40	wxA	throw off (earth), empty out, shake out (linen), beat (a mat), purge (the body)	0.0
𓅱𓆼𓄿𓂻	G43,M12,G1,D54	wxA	seek	0.0
𓅱𓆼𓂻	G43,M12,D54	wxA	seek	0.0
𓅱𓆼𓄿𓂻	G43,M12,G1,J1,D54	wxA	seek	0.0
𓅱𓆼𓄿𓅪	G43,J1,M12,G1,G37	wxA	be foolish, act stupidly	0.0
𓅱𓆼𓄿𓅪𓀀	G43,J1,M12,G1,G37,A1	wxA	ignorant, incompetent person, fool	0.0
𓅱𓆼𓅪𓀀	G43,M12,G37,A1	wxA	ignorant, incompetent person, fool	0.0
𓅱𓆼𓄿𓅪𓀀	G43,M12,G1,G37,A1	wxA	ignorant, incompetent person, fool	0.0
𓅱𓂋𓇋𓇋𓏏𓊛𓆱𓏥	G43,J1,D21,M17,M17,X1,P1,M3,Z2	wxryt	dockyard, carpenter''s workshop	0.0
𓅱𓂋𓏏	G43,J1,D21,X1,Q2C	wxryt	carpenter''s workshop	0.0
𓅱𓂧	G43,J1,D46,J2	wxd	be painful, suffer, endure, be patient with	0.0
𓅱𓂧	G43,J1,D46,Y1V	wxd	be painful, suffer, endure, be patient with	0.0
𓅱𓂧𓏛	G43,J1,D46,J9,Y1	wxd	foebearance	0.0
𓅱𓋴𓌪	G43,S29,T30	wsi	(to)saw	0.0
𓅱𓋴𓏏	G43,S29,X1,T30C	wst	sawdust	0.0
𓅱𓋴𓉐	G43,S29,O1	ws	crack, chink, small window	0.0
𓅱𓋴𓆑𓅯𓂻	G43,S29,I9,G41,D54	wsf	be slack, sluggish, neglect, ignore, sluggishness	0.0
𓅱𓋴𓆑𓂽	G43,S29,I9,D55	wsf	neglect	0.0
𓅱𓋴𓆑𓅯	G43,S29,I9,G41	wsf	neglect	0.0
𓅱𓋴𓆑𓏲𓅯𓂻𓀀	G43,S29,I9,Z7,G41,D54,A1	wsfw	sluggard	0.0
𓅱𓊃𓆑𓅱𓅯	G43,O34,I9,G43,G41	wsfw	sluggard	0.0
𓅱𓄊𓋴𓂋	G43,F12,S29,D21	wsr	powerful	0.0
𓅱𓋴𓎺	G43,S29,J1,W10	wsx	cup	0.0
𓅱𓋴𓎺𓏛	G43,S29,J1,W10,Y1	wsx	broad, wide, extensive (of monuments, riches), breadth	0.0
𓅱𓋴𓋝	G43,S29,J1,S11	wsx	ornamental collar	0.0
𓅱𓋴𓎺𓊛	G43,S29,J1,W10,P1	wsx	barge	0.0
𓅱𓋴𓊛	G43,S29,J1,P1	wsx	barge	0.0
𓅱𓋴𓏏𓎺𓊛	G43,S29,J1,X1,W10,P1	wsxt	barge	0.0
𓅱𓊃𓈙𓂺	G43,O34,N37,D53	wsS	urinate, pass (fluid)	0.0
𓅱𓈙	G43,N37,J2	wsS	pass (fluid), urinate	0.0
𓅱𓊃𓈙𓏏𓂺	G43,O34,N37,X1,D53	wsSt	urine	0.0
𓅱𓋴𓈙𓏏	G43,S29,N37,X1,J3A	wsSt	urine	0.0
𓅱𓊃𓈙𓏏𓂺𓈗𓏥	G43,O34,N37,X1,D53,N35A,J2,Z2	wsSt	urine	0.0
𓅱𓊃𓈙𓅪	G43,O34,N37,G37	wsS	die out (of a race)	0.0
𓅱𓊃𓍿𓅪	G43,O34,V13,G37	wsT	be dilapidated, ruin, dilapidation	0.0
𓅱𓋴𓏏𓅪	G43,S29,X1,G37	wsT	be dilapidated, ruin	0.0
𓅱𓋴𓍿𓈖𓂻	G43,S29,V13,N35,D54	wsTn	travel freely, be unhindered, deal arbitrarily with	0.0
𓅱𓊃𓏏𓈖𓂻	G43,O34,X1,N35,D54	wsTn	travel freely	0.0
𓅱𓋴𓍿𓈖𓂻𓂝𓏤	G43,S29,V13,N35,D54,D36,Z1	wsTn  a	free of hands	0.0
𓅱𓋴𓍿𓈖𓂾𓂻	G43,S29,V13,N35,D56,D54	wsTn	be unhindered	0.0
𓅱𓈙𓁸	G43,N37,D3	wS	fall out, be destroyed, desolate (a place)	0.0
𓅱𓈙𓅪	G43,N37,G37	wS	be destroyed	0.0
𓅱𓈙𓅪𓄣𓏤	G43,N37,G37,F34,Z1	wS   ib	be helpless ?	0.0
𓅱𓈙	G43,N37,J2	wS	urinate	0.0
𓅱𓈙𓄿𓏏𓅰	G43,N37,G1,X1,G42	wSAt	widgeon ?	0.0
𓅱𓆷𓄿𓀁	G43,M8,G1,A2	wSA	utter (plaudites), recite (praises)	0.0
𓅱𓆷𓄿𓅱𓇰𓏪	G43,M8,G1,G43,N2,Z3	wSAw	darkness	0.0
𓅱𓆷𓄿𓅱𓅯𓇰	G43,M8,G1,G43,G41,N2	wSAw	darkness	0.0
𓅱𓈙𓂝𓄑𓀁	G43,N37,D36,F18,A2	wSa	chew, eat a morsel	0.0
𓅱𓈙𓂝𓀁	G43,N37,D36,A2	wSa	eat a morsel	0.0
𓅱𓈙𓃀𓏴𓀁	G43,N37,D58,Z9,A2	wSb	answer, answer for (conduct)	0.0
𓅱𓈙𓃀𓀁	G43,N37,D58,A2	wSb	answer	0.0
𓅱𓈙𓃀𓏏𓏴𓀁	G43,N37,D58,X1,Z9,A2	wSbt	response ?	0.0
𓅱𓈙𓃀𓅱𓏴𓀀	G43,N37,D58,G43,Z9,A1	wSbw	comforter ?	0.0
𓅱𓈙𓏴𓃀𓃒	G43,N37,Z9,D58,E1	wSb	bull	0.0
𓅱𓈙𓃀𓇋𓇋𓏏𓏴𓈒𓏥	G43,N37,D58,M17,M17,X1,Z9,N33,Z2	wSbyt	beads	0.0
𓅱𓈙𓅓𓅿	G43,N37,G17,H1	wSm	prove ?, test	0.0
𓅱𓈙𓅓𓌟	G43,N37,G17,T19	wSm	ear of corn	0.0
𓅱𓈙𓅓𓆀𓆰	G43,N37,G17,H2,M2	wSm	ear of corn	0.0
𓅱𓈙𓅓𓅱	G43,N37,G17,G43	wSmw	jar of metal	0.0
𓅱𓈙𓈖𓅿𓂡	G43,N37,N35,H1,D40	wSn	wring the neck, make an offering (of food and drink)	0.0
𓅱𓈙𓈖𓅾	G43,N37,N35,G54	wSn	wring the neck (of poultry)	0.0
𓅱𓈙𓏌𓅱	G43,N37,W24,G43	wSnw	poultry (for table)	0.0
𓅱𓈙𓈖𓏌𓅱𓅿𓏪	G43,N37,N35,W24,G43,H1,Z3	wSnw	poultry (for table)	0.0
𓅱𓈙𓂋𓇳	G43,N37,D21,N5	wSr	dry up, be barron, be despoiled	0.0
𓅱𓈙𓂋𓅪	G43,N37,D21,G37	wSr	be despoiled	0.0
𓅱𓈙𓅓𓄈	G43,N37,G17,F10	wSm	throat	0.0
𓅱𓄞𓂧𓀁	G43,F30,D46,A2	wSd	address (someone), question (someone), assent (to), accused	0.0
𓅱𓈙𓂧𓀁	G43,N37,D46,A2	wSd	question (someone)	0.0
𓅱𓎼𓄑𓀁	G43,W11,F18,A2	wgi	chew	0.0
𓅱𓎼𓇋	G43,W11,M17,D82	wgi	chew	0.0
𓅱𓎼𓄿𓇋𓇋𓏏𓄑	G43,W11,G1,M17,M17,X1,F18	wgyt	jaw	0.0
𓅱𓎼𓇋𓇋𓏏𓄑𓀁	G43,W11,M17,M17,X1,F18,A2	wgyt	talker	0.0
𓅱𓎼𓇋	G43,W11,M17,P93,P93,P93	wgiw	ribs (of ship) ?	0.0
𓅱𓎼𓄿𓇋𓇋𓅱𓆱𓏥	G43,W11,G1,M17,M17,G43,M3,Z2	wgiw	ribs (of ship)	0.0
𓅱𓎼𓃀𓇶	G43,W11,D58,N8	wgb	rise (of sun)	0.0
𓅱𓎼𓊪𓂝	G43,W11,Q3,D36	wgp	triturate (grind to powder)	0.0
𓅱𓎼𓅓𓌾	G43,W11,G17,U10	wgm	crush (grain), crushed grain	0.0
𓅱𓎼𓋴𓌪𓂝	G43,W11,S29,T30,D36	wgs	cut open, gut (fish etc..)	0.0
𓅱𓎤𓎤𓅪	G43,V33,V33,G37	wgg	feebleness, weakness, misery	0.0
𓅱𓎼𓎼	G43,W11,W11	wgg	feebleness, weakness, misery	0.0
𓅱𓎤𓎤𓏏𓅪	G43,V33,V33,X1,G37	wggt	woe	0.0
𓅱𓏏𓎫	G43,X1,V38	wt	bandage, bind	0.0
𓅱𓏏𓂡	G43,X1,J2,D40	wt	embalm	0.0
𓅱𓏏𓍔𓅂𓏲𓋳𓏤𓏥	G43,X1,U30,G4,Z7,S28,Z1,Z2	wtyw	bandages, wrappings	0.0
𓅱𓏏	G43,X1,J2	wt	place of embalming	0.0
𓅱𓏏𓀀	G43,X1,J2,A1	wt	embalmer, bandager	0.0
𓅱𓏏𓂾𓂻	G43,X1,J1,D56,D54	wtx	flee	0.0
𓅱𓏏𓂻	G43,X1,J1,D54	wtx	flee	0.0
𓅱𓏏𓂾	G43,X1,J1,D56	wtx	flee	0.0
𓅱𓏏𓅱𓂾𓂻𓀀	G43,X1,J1,G43,D56,D54,A1	wtxw	fugitive	0.0
𓅱𓏏𓍿	G43,X1,V13	wtT	beget	0.0
𓅱𓏏𓏏𓂺	G43,X1,X1,D53	wtt	beget	0.0
𓅱𓏏𓍿𓂺𓏛	G43,X1,V13,D53,Y1	wtT	beget	0.0
𓅱𓏏𓏏𓅱𓂸𓏤	G43,X1,X1,G43,D52,Z1	wttw	begetter	0.0
𓅱𓍿𓏏𓅱𓂺𓈓	G43,V13,X1,G43,D53,N33A	wTtw	offspring	0.0
𓅱𓍿𓊃𓍞𓂡	G43,V13,O34,U39,D40	wTs	raise, lift up	0.0
𓅱𓍿𓋴	G43,V13,S29,U39A,Q2B	wTs	raise, lift up (of voice / of crowns in coronation)	0.0
𓅱𓍿𓊃𓍞𓏛	G43,V13,O34,U39,Y1	wTs	wear (crown)	0.0
𓅱𓍞𓂡	G43,U39,D40	wTs	wear (crown)	0.0
𓅱𓍿𓊃𓍞𓀁	G43,V13,O34,U39,A2	wTs	lay an information, delate	0.0
𓅱𓍿𓊃𓍞𓀁𓊤𓅱	G43,V13,O34,U39,A2,P8,G43	wTs  xrw	deliver a verdict	0.0
𓅱𓍿𓊃𓅱𓍞𓀁𓀀	G43,V13,O34,G43,U39,A2,A1	wTsw	accused person	0.0
𓅱𓂧𓏴𓂡	G43,D46,Z9,D40	wdi	place, put, implant (an obstacle), plant (trees)	0.0
𓅱𓂧𓏴𓂡	G43,D46,Z9,D40	wdi	lay (a fire), appoint as, be bent on (a purpose)	0.0
𓅱𓂧𓏴𓂡	G43,D46,Z9,D40	wdi	throw , shoot (an arrow), utter (a cry), send forth (the voice)	0.0
𓅱𓂧𓏴𓂡	G43,D46,Z9,D40	wdi	give out (a noise), commit (offence), deal (harm, injury)	0.0
𓅱𓂧𓏴𓂡	G43,D46,Z9,D40	wdi	stir up (strife), instil (terror), extend (protection)	0.0
𓅱𓂧𓏴𓂡𓂝𓏤	G43,D46,Z9,D40,D36,Z1	wd  a	extend the hand (to do something), press the hand (against)	0.0
𓅱𓂧𓂧𓏴	G43,D46,D46,Z9	wdi	peasant	0.0
𓅱𓂧𓊪𓅱𓏌	G43,D46,Q3,G43,W24	wdpw	butler, cook	0.0
𓅱𓂧𓆑𓈐𓂻	G43,D46,I9,N31,D54	wdf	delay, be sluggish, tardily	0.0
𓅱𓆓𓆑𓂻	G43,I10,I9,D54	wdf	delay	0.0
𓅱𓂧𓆑𓂻	G43,D46,I9,D54	wdf	delay	0.0
𓅱𓂧𓆑𓅭𓂻	G43,D46,I9,G39,D54	wdf	delay	0.0
𓅱𓆓𓆑𓅭𓏛𓏥	G43,I10,I9,G39,Y1,Z2	wdf	delay	0.0
𓅱𓂧𓈖𓆻	G43,D46,N35,M11	wdn	instal, record (royal titulary)	0.0
𓅱𓂧𓈖	G43,D46,N35,D245	wdn	record (royal titulary)	0.0
𓅱𓂧𓈖𓏴	G43,D46,N35,Z9	wdn	record (royal titulary)	0.0
𓅱𓂧𓈖𓍖𓊌	G43,D46,N35,U32,O39	wdn	be heavy, weigh, become difficult	0.0
𓅱𓂧𓈖𓍖𓏛	G43,D46,N35,U32,Y1	wdn	weigh (on someone, of affairs)	0.0
𓅱𓂧𓈖𓍖𓈒𓏥	G43,D46,N35,U32,N33,Z2	wdn	be heavy	0.0
𓅱𓂧𓈖𓏏𓍘𓊌	G43,D46,N35,X1,U33,O39	wdnt	heavy block of stone	0.0
𓅱𓂧𓈖𓆻𓏛	G43,D46,N35,M11,Y1	wdn	offer (to)	0.0
𓅱𓂧𓈖𓍖𓏛	G43,D46,N35,U32,Y1	wdn	offer (to)	0.0
𓅱𓂧𓈖𓏌𓅱𓏛	G43,D46,N35,W24,G43,Y1	wdnw	offerings	0.0
𓅱𓂧𓈖𓆻𓏛	G43,D46,N35,M11,Y1	wdnw	offerings	0.0
𓅱𓂧𓈖𓏏𓆻	G43,D46,N35,X1,M11	wdnt	offering	0.0
𓅱𓂧𓂋𓏏𓈉	G43,D46,D21,X1,N25	wdrt	region	0.0
𓅱𓂧𓎛	G43,D46,V28,U50A	wdH	pour out, pour off	0.0
𓅱𓂧𓎛	G43,D46,V28,W15A	wdH	pour out, pour off	0.0
𓅱𓂧𓎛𓅱𓊯	G43,D46,V28,G43,R1	wdHw	offering table	0.0
𓅱𓂧𓎛𓅱𓏐𓏊𓏖	G43,D46,V28,G43,U50A,X2,W22,X6	wdHw	offering	0.0
𓅱𓂧𓎛𓅱𓏒𓏥	G43,D46,V28,G43,X4,Z2	wdHw	offering	0.0
𓅱𓂧𓂧𓆇	G43,D46,D46,H8	wdd	gall-bladder, gall	0.0
𓅱𓍑𓄿𓏛	G43,U28,G1,Y1	wDA	hale, uninjured, prosperous	0.0
𓅱𓍑𓄿𓏛	G43,U28,G1,Y1	wDA	remain over (of balance in calculations)	0.0
𓅱𓍑	G43,U28,Y1V	wDA	remain over (of balance in calculations)	0.0
𓅱𓍑𓄿𓄣𓏤	G43,U28,G1,Y1V,F34,Z1	wDA  ib	be glad	0.0
𓅱𓍑𓄿𓄣𓏤𓎡	G43,U28,G1,Y1V,F34,Z1,V31	wDA  ib  .k	may it please you	0.0
𓅱𓍑𓄿𓏲𓏛	G43,U28,G1,Z7,Y1	wDAw	well-being, prosperity	0.0
𓅱𓍑	G43,U28,Y1V	wDAw	well - being, prosperity	0.0
𓅱𓍑𓄿𓏲𓏛𓉥𓂝𓉐	G43,U28,G1,Z7,Y1,O11,D36,O1	wDAw  aH	well - being of the Palace (official''s title)	0.0
𓅱𓍑𓉐	G43,U28,O1	wDA	storehouse	0.0
𓅱𓍑	G43,U28,S95	wDA	pectoral	0.0
𓅱𓍑𓄿𓏏𓂀	G43,U28,G1,X1,D10	wDAt	the uninjured eye of Horus	0.0
𓅱𓍒𓇋𓇋𓏏𓉐	G43,U29,M17,M17,X1,O1	wDAyt	mythical abode of Amen-Re	0.0
𓅱𓍑𓄿𓅱𓏛𓏥	G43,U28,G1,G43,Y1,Z2	wDAw	amulets, protective spell	0.0
𓅱𓍑𓏥	G43,U28,Z2	wDAw	amulets	0.0
𓅱𓍑𓅱𓏛𓏥	G43,U28,G43,Y1,Z2	wDAw	amulets	0.0
𓅱𓍑𓄿𓂻	G43,U28,G1,D54	wDA	go, set out, proceed, attain (a rank),  set (of sun)	0.0
𓅱𓍑𓂻	G43,U28,D54	wDA	go, set out, proceed, attain (a rank), set (of sun)	0.0
𓅱𓍑𓄿𓂻𓂋𓈌𓏏𓉐	G43,U28,G1,D54,D21,N27,X1,O1	wDA  r  Axt	go to the horizon (die)	0.0
𓅱𓆓𓂝𓏛	G43,I10,D36,J21,Y1	wDa	cut (cords),  cut off (head),  be parted (of lips of wound), cut out (sandals)	0.0
𓅱𓆓𓂝𓀜	G43,I10,D36,J21,A24	wDa	cut off (head),	0.0
𓅱𓆓𓂝	G43,I10,D36,J21	wDa	cut off (head)	0.0
𓅱𓆓𓂝𓏛	G43,I10,D36,J21,Y1	wDa	judge, have judgement, judge between	0.0
𓅱𓆓𓂝𓏛	G43,I10,D36,J21,Y1	wDa	open (door), discern, assign, devote (to), remove	0.0
𓅱𓆓𓂝𓌙𓂻	G43,I10,D36,T14,D54	wDa	discern	0.0
𓅱𓆓𓂝𓏏𓀁	G43,I10,D36,X1,J21,A2	wDat	judgement, divorce by judgement	0.0
𓅱𓆓𓂝𓏏𓁐	G43,I10,D36,X1,J21,B1	wDat	divorced woman	0.0
𓅱𓆓𓂝𓏛𓂋𓅱𓏏𓇯	G43,I10,D36,J21,Y1,D21,G43,X1,N1	wDa  rwt	judge	0.0
𓅱𓂧𓃀𓄲𓂻	G43,D46,D58,F46,D54	wDb	fold over, turn (away from), turn back, revert (to)	0.0
𓅱𓂧𓃀𓄲𓂻	G43,D46,D58,F46,D54	wDb	divert (offerings, action), recur (illness)	0.0
𓅱𓆓𓃀	G43,I10,D58,N21A	wDb	turn	0.0
𓅱𓂧𓃀𓄲𓂻𓂝𓏤	G43,D46,D58,F46,D54,D36,Z1	wDb  a	turn the hand away, desist, compose oneself, turn oneself about	0.0
𓅱𓆓𓆑𓅬𓂻	G43,I10,I9,G38,D54	wdf	delay	0.0
𓅱𓆓𓈖𓏌𓏲𓈗	G43,I10,N35,W24,Z7,N35A	wDnw	flood, inundation	0.0
𓅱𓎗𓎛	G43,V24,V28	wDH	wean	0.0
𓅱𓆓𓎛	G43,I10,V28	wDH	wean	0.0
𓅱𓏤𓈇𓊪𓈎𓇋𓊖	G43,Z1,N23,Q3,N29,M17,O49	w  pqr	district of Peker (precinct of Osiris at Abydos ?)	0.0
𓅱𓈅𓊪𓈎𓂋𓇋𓆱𓉐	G43,N21,Q3,N29,D21,M17,M3,O1	w  pqr	district of Peker	0.0
𓅱𓇋𓄿𓊞𓁶𓏤𓇋𓏏𓂋𓅱𓈘𓈗	G43,M17,G1,P3,D1,Z1,M17,X1,D21,G43,N36,N35A	wiA  tp  itrw	sacred barque for the river	0.0
𓅷𓏤𓅭	G47,Z1,G39	TA	fledgling (figurative  for Child)	0.0
𓅷𓏤𓅆	G47,Z1,G7	TA	fledgling (figurative  for Child)	0.0
𓅷𓈒	G47,N33	TA	pellet	0.0
𓅷𓄿𓇋𓇋𓅱𓈓	G47,G1,M17,M17,G43,N33A	TAyw	pellets	0.0
𓅷𓏛𓄣𓏤	G47,Y1,F34,Z1	TA  ib	able	0.0
𓅷𓄿𓀜	G47,G1,A24	TAw	take up, seize, snatch, don (garment), rob, steal, shave, harbour (enemies)	0.0
𓅷𓇋𓇋𓂷𓂡	G47,M17,M17,D51,D40	TAw	take up, seize, snatch, don (garment), rob, steal, shave, harbour (enemies)	0.0
𓅷𓄿𓏲𓀜	G47,G1,Z7,A24	TAw	take up, seize, snatch, don (garment), rob, steal, shave, harbour (enemies)	0.0
𓅷𓄿𓅱𓏏𓀜	G47,G1,G43,X1,A24	TAwt	theft, a gathering up (of things)	0.0
𓅷𓏲𓂷𓂡	G47,Z7,D51,D40	TAw	bearer	0.0
𓅷𓋺	G47,S35	TAw  sryt	standard bearer	0.0
𓅷𓈍𓂝𓆱𓏥	G47,N28,D36,M3,Z2	TAw  xaw	weapon  bearer	0.0
𓅷𓏛𓏏𓏤	G47,Y1,X1,Z1	TAw  mDAt	sculptor	0.0
𓅷𓍋	G47,U23	TAw	bearer	0.0
𓅷𓇋𓇋	G47,D280,M17,M17	TAy	male, man	0.0
𓅷𓅱𓍼	G47,G43,V12	TAw	book	0.0
𓅷𓄿𓏲𓏛	G47,G1,Z7,Y1	TAw	book	0.0
𓅷𓄿𓅱𓋳𓏏	G47,G1,G43,S28,X1	TAwt	sail	0.0
𓅷𓃀	G47,D58,W66	TAb	a vessel	0.0
𓅷𓄿𓃀𓏏𓌽	G47,G1,D58,X1,U9	TAbt	loan	0.0
𓅷𓏏𓃀𓏝	G47,X1,D58,Y2	TAbt	loan	0.0
𓅷𓄿𓅓𓂸	G47,G1,G17,D52	TAm	foreskin	0.0
𓅷𓄿𓅓𓍱	G47,G1,G17,V6	TAm	cloak, swaddling - clothes, bandage	0.0
𓅷𓄿𓅓𓋳	G47,G1,G17,S28	TAm	veil	0.0
𓅷𓄿𓅓𓋳𓁷𓏤	G47,G1,G17,S28,D2,Z1	TAm  Hr	show indulgence	0.0
𓅷𓄿𓂋𓎅	G47,G1,D21,V19	TAr	make fast, fasten (on), take possession of (lordship by king)	0.0
𓅷𓄿𓇋𓂋𓌗𓂡	G47,G1,M17,D21,T12,D40	TAr	make fast, fasten (on), take possession of (lordship by king)	0.0
𓅷𓄿𓂋𓂘𓂡	G47,G1,D21,D32,D40	TAr	make fast, fasten	0.0
𓅷𓄿𓂋𓏏𓎅𓉐	G47,G1,D21,X1,V19,O1	TArt	cabin, entrenched camp	0.0
𓅷𓏏𓏏	G47,X1,X1	TAty	vizier	0.0
𓅷𓏏𓏭	G47,X1,Z4	TAty	vizier	0.0
𓅷𓈖𓍿𓇋𓇋𓏏𓊍	G47,N35,V13,M17,M17,X1,O40	TnTAt	dais	0.0
𓅹𓂝	G49,D36	SAa	beginning	0.0
𓅃𓈅𓈅	G5,N21,N21	Hr  idbwy	the Banks of Horus (Egypt)	0.0
𓅃𓈐𓈉𓏥	G5,N31,N25,Z2	wAwt  Hr	Roads of Horus	0.0
𓅃𓈐𓏏𓏏𓈉	G5,N31,X1,X1,N25	wAwt  Hr	Roads - of - Horus (a N.E. Fortress)	0.0
𓅃𓏏	G5,X1	Hrt	Horus (of Queen)	0.0
𓅻𓎺	G51,W10	HAmw	type of wine	0.0
𓅾𓏏𓏤	G54,X1,Z1	snDt	fear	0.0
𓅾𓅱𓀁𓀀	G54,G43,A2,A1	snDw	timid, frightened man	0.0
𓅾𓏛	G54,Y1	snDw	timid, frightened man	0.0
𓅆𓏏𓏭	G7,X1,Z4	imnty	right (-hand)	0.0
𓅆𓍘𓇋	G7,U33,M17	imnti	Westerner (used about  the dead)	0.0
𓏏𓈉	G7C,X1,N25	imnt	the West	0.0
𓏏𓊖𓏏𓏤	G7C,X1,O49,X1,Z1	imnt	the West	0.0
𓅉	G8	Hr  nbw	Horus of Gold	0.0
𓅉	G8	Hr  nbw	Falcon of Gold	0.0
𓆀𓅓𓅱𓏌	H2,G17,G43,W24	wSmw	jar of metal (as beer measure)	0.0
𓆀𓈎𓏏𓏯𓋳𓏥	H2,N29,X1,Z5,S28,Z2	pAqt	fine linen	0.0
𓆁𓈎𓏖	H3,N29,X6	pAq	a flat thin cake or biscuit	0.0
	H34	imy	in which is	0.0
𓏏𓏥	H34,X1,Z2	swHt	(those who are in the )  egg	0.0
𓆂𓏥	H4,Z2	nrw	fear, dread, disturbance ?	0.0
𓆂𓏏𓏥	H4,X1,Z2	rmT	man, men, mankind, Egyptians	0.0
𓆂𓀀𓁐𓏥	H4,A1,B1,Z2	rmTt	men, mankind	0.0
𓆄𓏏𓅂	H6,X1,G4	imntyw	Westerners	0.0
𓆄𓏏𓏤	H6,X1,Z1	mAat	right - doing, righteousness	0.0
𓆄𓅱𓃟	H6,G43,E12	SA	pig	0.0
𓆄𓏏𓏤	H6,X1,Z1	Swt	feather	0.0
𓆄𓅱𓏏𓆃	H6,G43,X1,H5	Swt	feather	0.0
𓆄𓅱𓏏𓁸	H6,G43,X1,D3	Swt	feather	0.0
𓆄𓏏𓏤𓁸	H6,X1,Z1,D3	Swt	feather	0.0
𓆄𓅱𓏏𓏭𓋛	H6,G43,X1,Z4,S9	Swty	plumes (as diadem)	0.0
𓆄𓏏𓏤	H6,X1,Z1	Swt	side	0.0
𓆄𓏏𓏤𓀀𓏥	H6,X1,Z1,A1,Z2	Swt	neighbours	0.0
𓆄𓅱𓅪	H6,G43,G37	Sw	be empty, be lacking, be devoid (of), be missing (from)	0.0
𓆄𓅱𓅪	H6,G43,G37	Sw	lack	0.0
𓆄𓏲𓏏𓅪	H6,Z7,X1,G37	Swt	emptiness	0.0
𓆄𓏲𓅪𓀀	H6,Z7,G37,A1	Sw	needy man	0.0
𓆄𓅱𓍼	H6,G43,V12	Sw	blank papyrus roll	0.0
𓆄𓅱𓀭	H6,G43,A40	Sw	Shu (god of the Air)	0.0
𓆄𓅱𓇳	H6,G43,N5	Sw	sun, sunlight	0.0
𓆄𓅱𓇳	H6,G43,N5	Sw	dry, dried	0.0
𓆄𓅱𓇋𓇋𓏏𓇳	H6,G43,M17,M17,X1,N5	Swyt	shadow, shade	0.0
𓆄𓏏𓇳	H6,X1,N5	Swyt	shadow, shade	0.0
𓆄𓅱𓏏𓇳	H6,G43,X1,N5	Swyt	shadow, shade	0.0
𓆄𓏲𓇋𓏲𓅪	H6,Z7,M17,Z7,G37	Swiw	emptiness, default	0.0
𓆄𓅱𓆰𓏥	H6,G43,M2,Z2	Sww	a type of edible vegetable	0.0
𓆄𓅱𓅱𓆰𓈓	H6,G43,G43,M2,N33A	Sww	a type of edible vegetable	0.0
𓆄𓅱𓏏𓏭𓂡	H6,G43,X1,Z4,D40	Swty	trader	0.0
𓆇𓏏𓁐	H8,X1,B1	Ast	Isis (goddess)	0.0
𓆇𓄣𓏤	H8,F34,Z1	imy  ib	favourite	0.0
𓆈𓄿𓏥	I1,G1,Z2	aSA	many, numerous, much, plentiful, ordinary, often	0.0
𓆈𓄿𓏥	I1,G1,Z2	aSA	quantity, multitude	0.0
𓆈𓄿𓏏𓀀𓏥	I1,G1,X1,A1,Z2	aSAt	multitude (of people), company (of guests), the many, the masses	0.0
𓆈𓏏𓀀𓁐𓏥	I1,X1,A1,B1,Z2	aSAt	multitude (of persons)	0.0
𓆈𓏥𓂋𓏤𓀁	I1,Z2,D21,Z1,A2	aSA  r	chatter, be loquacious	0.0
𓆈𓄿𓏥𓊤𓏲𓀁	I1,G1,Z2,P8,Z7,A2	aSA  xrw	noisy	0.0
𓆈𓄿𓏥𓂋𓃭𓅱𓊤𓀁	I1,G1,Z2,J1,D21,E23,G43,P8,A2	aSA  xrw	noisy	0.0
𓆈	I1,G229	aSA	dove ?	0.0
𓆈𓄿𓏥𓂋𓏤	I1,G1,Z2,D21,Z1	aSA  r	chatter	0.0
𓆓𓂧𓀀𓅨𓂋𓏏	I10,D46,A1,G36,D21,X1	Dd  .i  wrt	I say something important	0.0
𓆓𓃀𓅱𓂾	I10,D58,G43,D56	wDb  rd	reversion (of offerings from temple to tomb), a reversion offering	0.0
𓆓𓂧𓀀𓈖𓈗	I10,D46,A1,N35,N35A	Dd  .i  n  mw	I speak in exactness	0.0
𓆓𓂧𓌃𓏤𓏥	I10,D46,S43,Z1,Z2	Dd  mdw	recitation	0.0
𓆓𓏏𓏤	I10,X1,Z1,W1B	mDt	oil	0.0
𓆓𓋴𓂋𓂦𓏏𓏥	I10,S29,D21,D45,J5,X1,Z2	Dsr  Hpwt	row, steer, ply one''s oar	0.0
𓆓𓍯𓇼	I10,V4,N14	dwA	praise, worship	0.0
𓆓𓆑𓆓𓆑𓈒	I10,I9,I10,I9,N33	dfdf	drip	0.0
𓆓𓅓𓀁	I10,G17,A2	dm	pronounce, proclaim (name), mention (by name), be renowned (of office)	0.0
𓆓𓅓𓋬𓂧𓏛	I10,G17,S23,D46,Y1	dmD	reassemble (dismembered body), assemble, bring together (people)	0.0
𓆓𓅓𓋬𓂧𓏛	I10,G17,S23,D46,Y1	dmD	associate (with), join (someone), unite (lands)	0.0
𓆓𓅓𓋬𓂧𓏛	I10,G17,S23,D46,Y1	dmD	accumulate (grain), compile (spell), extend (hand)	0.0
𓆓𓈖𓇋𓏏𓌼𓈇𓏤	I10,N35,M17,X1,U8,N23,Z1	dnit	dam	0.0
𓆓𓈖𓋴𓍘𓏛	I10,N35,S29,U33,Y1	dns	heavy, irksome, burdensome (of years), overburdened (of stomach), weighty	0.0
𓆓𓂋𓏛𓏯𓆑	I10,D21,Y1,Z5,I9	drf	writing, script, title deeds	0.0
𓆓𓎛𓏏𓏭𓈓	I10,V28,X1,Z4,N33A	dHty	lead	0.0
𓆓𓊃𓏌	I10,O34,W24	ds	jar	0.0
𓆓𓏏𓆘	I10,X1,I13	Dt	cobra	0.0
𓆓𓏏𓏤𓆓𓏏𓇾	I10,X1,Z1,I10,X1,N16	Dt  Dt	for ever	0.0
𓆓𓏏𓊖	I10,X1,O49	Dt	estate	0.0
𓆓𓏏𓇾𓀀𓁐𓏥	I10,X1,N16,A1,B1,Z2	Dwt	serfs	0.0
𓆓𓏏𓏤𓀀𓁐𓏥	I10,X1,Z1,A1,B1,Z2	Dwt	serfs	0.0
𓆓𓏏𓇇	I10,X1,M15	Dt	papyrus stem	0.0
𓆓𓇋𓇋𓏏𓇇	I10,M17,M17,X1,M15	Dyt	papyrus marsh	0.0
𓆓𓂝𓊡	I10,D36,P5	Da	storm, storm - wind	0.0
𓆓𓂝𓏑	I10,D36,X3	Da	a type of bread	0.0
𓆓𓂝𓏏𓏥	I10,D36,X1,J2,Z2	Dat	vein (of ore)	0.0
𓆓𓂝𓌠𓃀	I10,D36,T20,D58	Dab	coal - black	0.0
𓆓𓂝𓃀𓏏𓈒𓏥	I10,D36,D58,X1,N33,Z2	Dabt	charcoal, soot	0.0
𓆓𓂝𓅓𓌁	I10,D36,G17,S41	Dam	a sceptre	0.0
𓆓𓂝𓂋𓌙𓂻	I10,D36,D21,T14,D54	Dar	search out, investigate, seek, probe, palpate (wound), plan (work), take thought (for)	0.0
𓆓𓂝𓌙𓀁	I10,D36,T14,A2	Dar	search out, investigate, seek, probe, palpate (wound), plan (work), take thought (for)	0.0
𓆓𓂝𓂋𓌙𓏛	I10,D36,D21,T14,Y1	Dar	search out, investigate	0.0
𓆓𓂝𓂋𓏛	I10,D36,D21,J21,Y1	Dar	search out, investigate	0.0
𓆓𓂝𓂋𓂻	I10,D36,D21,M3B,D54	Dar	seek	0.0
𓆓𓂝𓂋𓇋𓇋𓏏𓆱	I10,D36,D21,M17,M17,X1,M3	Daryt	lock (on door)	0.0
𓆓𓅱𓂝𓏤	I10,G43,D36,J17,Z1	Dwa	lancet, surgical knife	0.0
𓆓𓃀𓂝𓂭	I10,D58,D36,D50	Dba	finger, thumb, toe, digit (one twentyeigth cubit), 10,000 (numeral)	0.0
𓆓𓃀𓅱𓆱	I10,D58,G43,M3	Dbw	pole (of chariot)	0.0
𓆓𓆑𓄿𓏲𓅯𓏛𓏥	I10,I9,G1,Z7,G41,Y1,Z2	Dfaw	provisions, sustenance, victuals,  (deified as) Abundance	0.0
𓆓𓆑𓏳𓏥	I10,I9,Z8,Z2	Dfaw	provisions, sustenance, victuals, (deified as) Abundance	0.0
𓆓𓆑𓅰𓏳𓏥	I10,I9,G42,Z8,Z2	Dfaw	provisions, sustenance, victuals,  (deified as) Abundance	0.0
𓆓𓆑𓅱𓏛𓏥	I10,I9,G43,Y1,Z2	Dfaw	provisions, sustenance, victuals,  (deified as) Abundance	0.0
𓆓𓆑𓄿𓅱𓏛	I10,I9,G1,G43,Y1	Dfaw	provisions, sustenance, victuals,  (deified as) Abundance	0.0
𓆓𓆑𓄿𓅰𓏛	I10,I9,G1,G42,Y1	Dfaw	provisions, sustenance, victuals,  (deified as) Abundance	0.0
𓆓𓆑𓆑𓆑	I10,I9,I9,I9	Dfaw	provisions, sustenance, victuals,  (deified as) Abundance	0.0
𓆓𓆑𓆓𓆑𓆓𓆑	I10,I9,I10,I9,I10,I9	Dfaw	provisions, sustenance, victuals,  (deified as) Abundance	0.0
𓆓𓆑𓅰𓏥	I10,I9,G42,Z2	Dfaw	provisions, sustenance, victuals,  (deified as) Abundance	0.0
𓆓𓆑𓄿𓅭𓏛𓏥	I10,I9,G1,G39,Y1,Z2	Df A	be provided, abound (in supplies)	0.0
𓆓𓆑𓄿𓇋𓇋𓏳𓀀	I10,I9,G1,M17,M17,Z8,A1	Df Ay	a well - provided man	0.0
𓆓𓆑𓇋𓇋𓂻	I10,I9,M17,M17,D54	Dfy	penetrate	0.0
𓆓𓆑𓇋𓇋𓏏𓂻	I10,I9,M17,M17,X1,D54	Dfyt	penetration	0.0
𓆓𓆑𓂧𓂂	I10,I9,D46,D12	Dfd	pupil (of eye)	0.0
𓆓𓆑𓆓𓂂	I10,I9,I10,D12	Dfd	pupil (of eye)	0.0
𓆓𓆑𓆓𓆑𓏏𓈒𓏥	I10,I9,I10,I9,X1,N33,Z2	DfDft	drop (of liquid)	0.0
𓆓𓅓𓋴𓅭	I10,G17,S29,G39	Dms	avocet	0.0
𓆓𓈖𓃀𓏴𓂻	I10,N35,D58,Z9,D54	Dnb	deflect	0.0
𓆓𓈖𓃀𓂾	I10,N35,D58,D56	Dnb	crooked	0.0
𓆓𓈖𓃀𓂝	I10,N35,D58,D36	Dnb	crooked	0.0
𓆓𓈖𓃀	I10,N35,D58,A346	Dnb	crookshank, cripple	0.0
𓆓𓈖𓃀𓏳	I10,N35,D58,Z8	Dnb	an offering loaf	0.0
𓆓𓈖𓃀𓅱	I10,N35,D58,G43,N21A,N21A,N21A	Dnbw	territories	0.0
𓆓𓈖𓈖𓏏𓁶	I10,N35,N35,X1,D1	Dnnt	skull	0.0
𓆓𓈖𓎛𓆃	I10,N35,V28,H5	DnH	wing	0.0
𓆓𓈖𓎛𓄹𓈖𓇥𓂋𓅱𓅱𓄹	I10,N35,V28,F51,N35,M36,D21,G43,G43,F51	DnH  n  Drww	wing - rib	0.0
𓆓𓈖𓎛𓂾	I10,N35,V28,D56	DnH	upper part of hind leg, ham	0.0
𓆓𓈖𓂧𓄃	I10,N35,D46,F5	Dnd	be angry	0.0
𓆓𓈖𓂧𓄃𓄣𓏤	I10,N35,D46,F5,F34,Z1	Dnd  ib	be infuriated	0.0
𓆓𓈖𓂧𓄃	I10,N35,D46,F5	Dnd	subdue	0.0
𓆓𓈖𓂧𓀜	I10,N35,D46,A24	Dnd	subdue	0.0
𓆓𓈖𓂧𓄃	I10,N35,D46,F5	Dnd	wrath	0.0
𓆓𓈖𓏌𓏲𓂧𓅪𓀀	I10,N35,W24,Z7,D46,G37,A1	Dnd	angry man	0.0
𓆓𓈖𓆓𓈖𓄃𓀜	I10,N35,I10,N35,F5,A24	DnDn	be angry	0.0
𓆓𓈖𓆓𓈖𓄃𓀜	I10,N35,I10,N35,F5,A24	DnDn	subdue	0.0
𓆓𓈖𓆓𓈖𓄃𓀜	I10,N35,I10,N35,F5,A24	DnDn	wrath	0.0
𓆓𓂋𓏏	I10,D21,X1,G144	Dryt	kite (bird)	0.0
	I114	aHaw	lifetime, period, space (of time)	0.0
𓆉	I2	Styw	tortoise	0.0
	I24B	pr	go up, ascend (to)	0.0
𓆊𓆊𓅆	I3,I3,G7	ity	sovereign	0.0
𓂝𓆰𓏥	I34,D36,M2,Z2	Dba	(unknown plant)	0.0
𓆌	I5	sAq	pull together, be wary	0.0
𓆍𓀭	I5A,A40	sbk	Sobek (crocodile god)	0.0
𓆎𓅓𓁸	I6,G17,D3	km	black	0.0
𓆎𓏛	I6,Y1	km	black	0.0
𓆎𓏏𓊖𓏏	I6,X1,O49,X1	kmt	the Black Land, Egypt	0.0
𓆎𓏏𓀀𓁐𓏥	I6,X1,A1,B1,Z2	kmt	Egyptians	0.0
𓆎𓅓𓅨𓂋𓈉	I6,G17,G36,D21,N25	km  wr	Bitter Lakes region	0.0
𓆎𓏏𓏌𓏤	I6,X1,W24,Z1	kmt	a jar	0.0
𓆎𓏛	I6,Y1	km	total up, amount to, complete, put an end to, pay (to),	0.0
𓆎𓅓𓏏𓏛	I6,G17,X1,Y1	kmt	completion, final account	0.0
𓆎𓏏𓏛𓏥	I6,X1,Y1,Z2	kmt	completion, final account	0.0
𓆎𓅓𓇋𓇋𓏏𓍼𓏤	I6,G17,M17,M17,X1,V12,Z1	kmyt	conclusion (of book)	0.0
𓆎𓇋𓇋𓃒𓏥	I6,J15,M17,M17,E1,Z2	kmyt	herd (of cattle)	0.0
𓆑𓄿𓀋𓂡	I9,G1,A9,D40	fAi	raise, lift up, carry, support, weigh, present, deliver (taxes, tribute)	0.0
𓆑𓄿𓂡	I9,G1,D40	fAi	weigh	0.0
𓆑𓄿	I9,G1,A131A	fAi	weigh	0.0
𓆑𓄿𓉽	I9,G1,O30	fAi	present	0.0
𓆑𓄿𓀋𓂡𓊡𓏲	I9,G1,A9,D40,P5,Z7	fAi  TAw	1) sail,(verbo)       2) the wind rose ?	0.0
𓆑𓄿𓏏𓀋	I9,G1,X1,A9	fAt	financial interest ?	0.0
𓆑𓄿𓇋𓇋𓏏𓀋	I9,G1,M17,M17,X1,A9	fAyt	weight ?	0.0
𓆑𓄿𓇋𓇋𓏏𓀋𓏛𓏥	I9,G1,M17,M17,X1,A9,Y1,Z2	fAyt	reward	0.0
𓆑𓄿𓇋𓇋𓀋𓏏𓆱	I9,G1,M17,M17,A9,X1,M3	fAyt	portable shrine	0.0
𓆑𓇋𓇋𓏏𓀋	I9,M17,M17,X1,A9	fAyt	portable shrine	0.0
𓆑𓄫𓅱𓏒𓏥	I9,F40,G43,X4,Z2	fAw	food-supplies ?	0.0
𓆑𓄫𓅱𓏛𓏥	I9,F40,G43,Y1,Z2	fAw	magnificence, splendour, magnificent	0.0
𓆑𓄿𓎡𓁸	I9,G1,V31,D3	fAk	be shorn	0.0
𓆑𓄿𓎡𓄹	I9,G1,V31,F51	fAk	pubic region	0.0
𓆑𓄿𓎡𓀀	I9,G1,V31,A1	fAk	shorn man	0.0
𓆑𓈖𓅪	I9,N35,G37	fn	be weak, faint	0.0
𓆑𓈖𓆑𓏌𓅱𓏛	I9,N35,I9,W24,G43,Y1	fnfnw	recompense ?	0.0
𓆑𓈖𓅱𓏒𓏥	I9,N35,J1,G43,X4,Z2	fnxw	food offerings	0.0
𓆑𓈖𓅱𓍼𓏥	I9,N35,J1,G43,V12,Z2	fnxw	a Syrian people	0.0
𓆑𓅱𓍼𓏥	I9,J1,G43,V12,Z2	fnxw	a Syrian people	0.0
𓆑𓈖𓅱𓌚𓏪	I9,N35,J1,G43,T15,Z3	fnxw	a Syrian people	0.0
𓆑𓈖𓅱𓍼𓌙𓀀𓁐𓏥𓈉	I9,N35,J1,G43,V12,T14,A1,B1,Z2,N25	fnxw	a Syrian people	0.0
𓆑𓈖𓍈𓄣𓏤	I9,N35,J1,U20,F34,Z1	fnx  ib	acute ?	0.0
𓆑𓈖𓍿𓆙	I9,N35,V13,I14	fnT	snake, (intestinal) worm, become maggoty	0.0
𓆑𓈖𓏏𓆙	I9,N35,X1,I14	fnT	snake, become maggoty	0.0
𓆑𓈖𓆓𓂉	I9,N35,I10,J27,D19	fnD	nose	0.0
𓆑𓈖𓂧𓇋𓇋𓂉	I9,N35,D46,M17,M17,D19	fnDy	Beaky, long - nosed	0.0
𓆑𓍼𓂻	I9,J1,V12,D54	fx	loose, release, loosen (of speech), cast off, get rid, destroy	0.0
𓆑𓍼𓂻	I9,J1,V12,D54	fx	obliterate, leave (behind one), fail (to do something)	0.0
𓆑𓋳	I9,J1,S28	fx	loose, release	0.0
𓆑𓏏𓉽𓁸	I9,J1,X1,O30,D3	fxt	wig ?	0.0
𓆑𓂝𓂬	I9,J1,D36,D49	fxa	grasp	0.0
𓆑𓋴𓊮	I9,S29,Q7	fsi	cook	0.0
𓆑𓈎𓄿𓏒𓏛	I9,N29,G1,X4,Y1	fqA	reward, wealth	0.0
𓆑𓈎𓏛	I9,N29,Y1	fqA	reward, wealth	0.0
𓆑𓈎𓄖𓂡	I9,N29,F22,D40	fqA	reward, wealth	0.0
𓆑𓈎𓄿𓏛𓏥	I9,N29,G1,Y1,Z2	fqA	reward, wealth	0.0
𓆑𓈎𓏒	I9,N29,X4	fqA	reward, wealth	0.0
𓆑𓎡𓁸𓅪	I9,V31,D3,G37	fk	be empty, be wasted (through oppression)	0.0
𓆑𓎡𓀜	I9,V31,A24	fk	be wasted (through oppression)	0.0
𓆑𓎡𓏏𓏭𓁸	I9,V31,X1,Z4,D3	fkty	shorn priest	0.0
𓆑𓎼𓈖	I9,W11,N35,A81	fgn	defecate, shit	0.0
𓆑𓎼𓄿	I9,W11,G1,A81	fgn	defecate, shit	0.0
𓆑𓏏𓆑𓏏𓂻	I9,X1,I9,X1,D54	ftft	leap	0.0
𓆑𓏏𓏏𓀁	I9,X1,X1,F20B,A2	ftt	obliterate (inscription)	0.0
𓆑𓏏𓏏𓆓𓀁	I9,X1,X1,I10,A2	ftt	obliterate (inscription)	0.0
𓆑𓏏𓏏𓄪	I9,X1,X1,F39	ftt	lint	0.0
𓆑𓏏𓏏𓍢	I9,X1,X1,V1	ftt	lint	0.0
𓆑𓏏𓏏𓅱𓆛𓏥	I9,X1,X1,G43,K1,Z2	fttw	fish	0.0
𓆑𓂧𓏴𓂡	I9,D46,Z9,D40	fdi	pluck (flowers), pull up (plants), uproot (trees), pull out (hair), remove	0.0
𓆑𓂧𓂝	I9,D46,D36	fdi	remove	0.0
𓆑𓂧𓂐	I9,D46,D26	fd	sweat	0.0
𓆑𓂧𓏏𓈗	I9,D46,X1,N35A	fdt	sweat	0.0
𓆑𓂧𓅱𓏤𓏤𓏤𓏤	I9,D46,G43,Z1,Z1,Z1,Z1	fdw	four	0.0
𓆑𓂧𓏤𓏤𓏤𓏤	I9,D46,Z1,Z1,Z1,Z1	fdw	four	0.0
𓆑𓂧𓏏𓏤𓏤𓏤𓏤	I9,D46,X1,Z1,Z1,Z1,Z1	fdt	four (feminine), quartette	0.0
𓆑𓂧𓏤𓏤𓏤𓏤𓏌𓅱	I9,D46,Z1,Z1,Z1,Z1,W24,G43	fdnw	fourth	0.0
𓆑𓂧𓈎𓏴	I9,D46,N29,Z9	fdq	sever, divide, part, waste (seed), wear out (of sandals)	0.0
𓆑𓂧𓈎𓏴	I9,D46,N29,Z9	fdq	slice, portion	0.0
𓆑𓂧𓈎𓏴𓂡	I9,D46,N29,Z9,D40	fdq	waste (seed)	0.0
𓆑𓂧𓈎𓍢	I9,D46,N29,V1	fdq	sever, divide, part	0.0
𓅜𓏏𓏥	J1,G25,X1,Z2	Axt	what is good, profitable, useful	0.0
𓅜𓏏𓈅	J1,G25,X1,N21	Axt	arable land	0.0
𓏏𓏛𓏥𓉐𓏤	J1,X1,Y1,Z2,O1,Z1	xt  pr	property	0.0
𓌳𓅱	J1,U1,G43	mAxw	sheaf	0.0
𓏏𓏠𓈖𓏏𓏛	J1,X1,Y5,N35,X1,Y1	xt  mnt	something	0.0
𓈖𓅯𓀁𓈖𓌃𓂧𓏏𓀁	J1,N35,G41,A2,N35,S43,D46,X1,A2	xn  n  mdt	proverb	0.0
𓏏𓏛𓏥𓎟𓏏	J1,X1,Y1,Z2,V30,X1	xt  nbt	everything, anything	0.0
𓈖𓏛𓄤	J1,N35,Y1,F35	xn  nfr	good	0.0
𓏤𓀔	J1,Z1,A17	x	placenta ?, child, be a child	0.0
𓇋𓇋𓀔	J1,M17,M17,A17	xy	child, be a child	0.0
𓏏𓊮	J1,X1,Q7	xt	fire	0.0
𓏏𓏏𓊮	J1,X1,X1,Q7	xtt	fiery	0.0
𓏏𓏛𓏥	J1,X1,Y1,Z2	xt	thing(s), offerings, possessions, property, matter, affair, something, anything	0.0
𓏏𓏛𓏥𓅓𓊨𓏏𓉐	J1,X1,Y1,Z2,G17,Q1,X1,O1	xt  m  st	all well and good	0.0
𓏏𓏛𓏥	J1,X1,Y1,Z2	xt	things, offerings, possessions, property, matter, affair, something, anything	0.0
𓏳𓏥	J1,Z8,Z2	xt	things, offerings, possessions, property, matter, affair, something, anything	0.0
𓆼𓄿𓅱𓏥	J1,M12,G1,G43,Z2	xAw	thousands	0.0
𓉹	J1,O27	xA	office, bureau	0.0
𓉐	J1,O1	xA	office, bureau	0.0
𓄿𓉐𓏤	J1,G1,O1,Z1	xA	office, bureau	0.0
𓆼𓄿𓏏	J1,M12,G1,X1,J2	xAyt	disease	0.0
𓆼𓄿𓌽	J1,M12,G1,U9	xAi	measure, examine (patient)	0.0
𓆼𓄿𓅱𓏏𓊯	J1,M12,G1,G43,X1,R1	xAwt	altar	0.0
𓆼𓄿𓂝𓂡	J1,M12,G1,D36,D40	xAa	harpoon (hippopotamus)	0.0
𓆩𓄿𓂝	J1,L6,G1,D36	xAa	cast off (bonds)	0.0
𓆩𓂝	J1,L6,D36	xAa	despatch (messages)	0.0
𓆼𓄿𓎺𓏤	J1,M12,G1,W10,Z1	xAw	bowl	0.0
𓆼𓄿𓅱𓏏𓄛	J1,M12,G1,G43,X1,F27	xAwt	hide (of animal)	0.0
𓆼𓄿𓅱𓇰	J1,M12,G1,G43,N2	xAwy	night	0.0
𓆼𓄿𓃀𓏴	J1,M12,G1,D58,Z9	xAb	be bent (of arm)	0.0
𓆼𓄿𓅓𓂢	J1,M12,G1,G17,D41	xAm	bend (arm in respect), bow down	0.0
𓆼𓄿𓂻	J1,M12,G1,J1,D54	xAx	hasten, hurry	0.0
𓆼𓄿𓂻𓂋𓏤	J1,M12,G1,J1,D54,D21,Z1	xAx  r	quick of speech	0.0
𓆼𓄿𓂻𓁷𓏤	J1,M12,G1,J1,D54,D2,Z1	xAx  Hr	impatience	0.0
𓆼𓂻𓁷𓏤	J1,J1,M12,D54,D2,Z1	xAx  Hr	impatience	0.0
𓊃𓈅𓏤	J1,O34,N21,Z1	xAs	creek ?   runnel  ?	0.0
𓆼𓋴𓏏𓈉	J1,M12,S29,X1,N25	xAst	hill country, foreign land, desert	0.0
𓊃𓄿𓇋𓇋𓏏𓆰𓏥	J1,O34,J18,G1,M17,M17,X1,M2,Z2	xAsyt	bryony ?	0.0
𓆼𓄿𓏏𓃀𓂡	J1,M12,G1,X1,D58,D40	xAtb	have pity (on)	0.0
𓏭	J1,Z4	xy	what ?	0.0
𓏭𓂧𓂂𓏛𓎡	J1,Z4,J28,D46,D12,Y1,V31	xy  qd  .k	how are you ?	0.0
𓏭𓏭	J1,Z4,J1,Z4	xy  .......   xy	as.......so.......	0.0
𓇋𓇋𓏏𓉐	J1,M17,M17,X1,O1	xyt	shelter	0.0
𓂝𓈍	J1,D36,N28	xai	rise (of sun),  appear in glory (of god or king), be shining (of kings)	0.0
𓂝𓅓𓏲𓄈𓄹	J1,D36,G17,Z7,F10,F51	xamw	throat	0.0
𓂝𓅓𓄈𓄹	J1,D36,G17,F10,F51	xamw	throat	0.0
	J1,J1,J1	xw	exception, except	0.0
𓂤𓅱𓏛	J1,D43,G43,Y1	xwi	protect, exclude, exempt, set aside, avoid,prevent	0.0
𓂤	J1,D43	xwi	protect	0.0
𓂡	J1,J1,J1,D40	xwi	exempt (from dues)	0.0
𓂤𓏛𓏭𓅱	J1,D43,Y1,Z4,G43	xwi	protect	0.0
𓅱	J1,G43	xwi	prevent	0.0
𓂤𓅱𓏛𓃀𓅡𓄿𓈎𓆭𓀹	J1,D43,G43,Y1,D58,G29,G1,N29,M1,A48	xwi  bAq	The Bright Protected One (the reigning king)	0.0
𓂤𓅱𓏛𓏥	J1,D43,G43,Y1,Z2	xw	protection	0.0
𓂤𓏏𓏛𓏥	J1,D43,X1,Y1,Z2	xwt	protection	0.0
𓂤𓅱𓋽	J1,D43,G43,S37	xw	fan	0.0
𓂤𓏏𓉐	J1,D43,X1,O1	xwt	sanctuary	0.0
𓂤𓅱𓅱𓅪𓏥	J1,D43,G43,G43,G37,Z2	xww	baseness, wrongdoing	0.0
𓂝𓅱𓅪	J1,D36,G43,G37	xww	baseness, wrongdoing	0.0
𓅱𓋴𓀧	J1,G43,S29,A34	xwsi	pound, beat up, beat flat, build up, build, construct, stir	0.0
𓂤𓊃	J1,D43,O34	xwsi	pound, beat up	0.0
𓂝𓊃𓏛	J1,D36,O34,Y1	xwsi	build, construct	0.0
𓂝𓅱𓋴𓀜	J1,D36,G43,S29,A24	xwsi	build, construct	0.0
𓂤𓋴𓀧𓂡	J1,D43,S29,A34,D40	xwsi	build up (of bricks)	0.0
𓅱𓂧𓏛	J1,G43,D46,J9,Y1	xwd	rich, wealthy	0.0
𓂧𓊋	J1,D46,O38	xwd	rich, wealthy	0.0
𓅱𓂧𓊋𓏛	J1,G43,D46,O38,Y1	xwd	rich, wealthy	0.0
𓂝𓅱𓂧𓊋𓏛	J1,D36,G43,D46,O38,Y1	xwd	rich, wealthy	0.0
𓏲𓂧𓏛𓀀	J1,Z7,D46,J9,Y1,A1	xwd	richman	0.0
𓂤𓏲𓂧𓈔𓏛𓏥𓀀	J1,D43,Z7,D46,N34,Y1,Z2,A1	xwd	richman	0.0
𓂤𓅱𓂧𓏏𓆱𓏥	J1,D43,G43,D46,X1,M3,Z2	xwdt	wealth of timber	0.0
𓂝𓅱𓂧𓅱𓂝𓀀	J1,D36,G43,D46,G43,D36,A1	xwdw	class of fishermen	0.0
𓅱𓈋𓅱	J1,G43,N26,G43	xwdw	class of fishermen	0.0
𓃀𓀤	J1,D58,A32	xbi	dance	0.0
𓃀𓏴𓀤	J1,D58,Z9,A32	xbi	dance	0.0
𓃀𓏏𓀤	J1,D58,X1,A32	xbt	dance	0.0
𓃀𓃀𓀤	J1,D58,D58,A32	xbb	dance	0.0
𓃀𓅱𓏴𓀀𓏥	J1,D58,G43,Z9,A1,Z2	xbw	dancers	0.0
𓃀𓅡𓄿𓇋𓇋𓏏𓏭𓁐𓏥	J1,D58,G29,G1,M17,M17,X1,Z4,B1,Z2	xbwt	dancers	0.0
𓃀𓏴	J1,D58,Z9	xbi	deduct, subtract, reduce, lessen, waste (time), damage (tomb), exact (dues), be hushed (of voice),	0.0
𓃀𓏴	J1,D58,Z9	xbi	exaction	0.0
𓃀𓏴𓌸	J1,D58,Z9,U6	xbi	reduce, lessen	0.0
𓃀𓏴𓂡	J1,D58,Z9,D40	xbi	reduce, lessen	0.0
𓃀𓏴𓏝	J1,D58,Z9,Y2	xbi	waste (time)	0.0
𓃀𓏏𓏴	J1,D58,X1,Z9	xbt	deduction, exaction, lessening (of moon / mouth)	0.0
𓃀𓏏𓏴𓉐	J1,D58,X1,Z9,O1	xbt	place of execution	0.0
𓃀𓅡𓄿𓌻𓂝	J1,D58,G29,G1,U7,D36	xbA	destroy, lay waste, ravage, subvert (law)	0.0
𓃀𓏴	J1,D58,Z9	xbA	destroy, lay waste, ravage, subvert (law)	0.0
𓃀𓅡𓄿𓌻𓅪	J1,D58,G29,G1,U7,G37	xbA	destroy, lay waste, ravage, subvert (law)	0.0
𓃀	J1,D58,G225	xbA	destroy, lay waste, ravage, subvert (law)	0.0
𓃀𓌻𓂡	J1,D58,U7,D40	xbA	destroy, lay waste, ravage, subvert (law)	0.0
𓃀𓅡𓄿𓌻𓅪𓁷𓏤	J1,D58,G29,G1,U7,G37,D2,Z1	xbA  Hr	downcast	0.0
𓃀𓇋𓇋𓏏𓀐𓏥	J1,D58,M17,M17,X1,A14,Z2	xbyt	carnage	0.0
𓃀𓃀𓏏𓏊	J1,D58,D58,X1,W22	xbbt	jar	0.0
𓃀𓈖𓏴	J1,D58,N35,Z9	xbn	distort (speech), be distorted (of character / voice)	0.0
𓃀𓈖𓀜	J1,D58,N35,A24	xbn	be distorted (of character)	0.0
𓃀𓈖𓏴𓅪	J1,D58,N35,Z9,G37	xbn	distort (speech), be distorted (of character / voice)	0.0
𓃀𓏯𓈖	J1,D58,Z5,N35	xbn	be distorted (of speech ), (be found guilty)	0.0
𓃀𓈖𓏏𓏴𓅪𓏥	J1,D58,N35,X1,Z9,G37,Z2	xbnt	crime, accusation	0.0
𓃀𓏯𓈖𓏏	J1,D58,Z5,N35,X1	xbnt	accusation	0.0
𓃀𓈖𓏏𓏭𓀀	J1,D58,N35,X1,Z4,A1	xbnty	criminal	0.0
𓃀𓈖𓏏𓏭𓏴𓅪𓀀	J1,D58,N35,X1,Z4,Z9,G37,A1	xbnty	criminal	0.0
𓃀𓈖𓏏𓏭𓏴𓅪	J1,D58,N35,X1,Z4,Z9,G37	xbnty	criminal	0.0
𓃀𓊃𓏏𓄢	J1,D58,O34,X1,F33	xbst	tail	0.0
𓃀𓋴𓇋𓇋𓏏𓏥	J1,D58,S29,M17,M17,X1,F33B,Z2	xbst	tail	0.0
𓃀𓊃𓅱𓏏𓁸	J1,D58,O34,G43,X1,D3	xbswt	beard	0.0
𓃀𓋴𓄿𓁸𓌙𓀭𓏪	J1,D58,S29,G1,D3,T14,A40,Z3	xbstyw	bearded ones	0.0
𓃀𓊃𓌻𓂡	J1,D58,O34,U7,D40	xbs	hack up (earth)	0.0
𓃀𓋴𓍅	J1,D58,S29,U17	xbs	hack up (earth)	0.0
𓃀𓋴𓅱𓈇𓏥	J1,D58,S29,G43,N23,Z2	xbsw	ploughlands	0.0
𓃀𓊃𓏴𓅱	J1,D58,O34,Z9,G43	xbsw	ploughlands	0.0
𓃀𓆓	J1,D58,I10	xbD	be hateful, what is hateful	0.0
𓃀𓂧𓏏𓅪𓏥	J1,D58,D46,X1,G37,Z2	xbD	be hateful, what is hateful	0.0
𓃀𓂧𓅪	J1,D58,D46,G37	xbD	displeasure, disfavour	0.0
𓃀𓆓	J1,D58,I10	xbD	be displeased with	0.0
𓃀𓆓	J1,D58,I10	xbD	displeasure, disfavour	0.0
𓃀𓆓𓏴𓅪	J1,D58,I10,Z9,G37	xbD	displeasure, disfavour	0.0
𓊪𓂻	J1,Q3,D54	xpi	travel	0.0
𓊪𓂻	J1,Q3,D54	xpi	encounter (someone)	0.0
𓊪𓀐	J1,Q3,A14	xpi	die	0.0
𓊪𓇋𓇋𓏏𓀐	J1,Q3,M17,M17,X1,A14	xpyt	death	0.0
𓊪𓏏𓁀	J1,Q3,X1,A55	xpyt	death	0.0
𓊪𓏏𓏱	J1,Q3,X1,Z6	xpyt	death	0.0
𓊪𓅱𓂻𓏥	J1,Q3,G43,D54,Z2	xpw	journeys	0.0
𓊪𓅱𓏏𓂻𓏥	J1,Q3,G43,X1,D54,Z2	xpw	journeys	0.0
𓊪𓊪𓏛	J1,Q3,Q3,Y1	xpp	strange	0.0
𓊪𓊪𓇋𓇋𓀁𓏪	J1,Q3,Q3,M17,M17,A2,Z3	xpp	strange	0.0
𓊪𓊪𓀏	J1,Q3,Q3,A13	xpp	stranger	0.0
𓊪𓊪𓅱𓏏𓏥	J1,Q3,Q3,G43,X1,Z2	xppwt	strange things	0.0
𓊪𓂋	J1,Q3,D21	xpr	exist, be, come into being, become, change (into), occur, happen, come to pass	0.0
𓊪𓂋	J1,Q3,D21	xpr	take place, be effective, go by, be past, continue (of action)	0.0
𓊪𓆣𓂋	J1,Q3,L1,D21	xpr	exist, be, come into being, become, change (into), occur, happen, come to pass	0.0
𓊪𓆣𓂋	J1,Q3,L1,D21	xpr	take place, be effective, go by, be past, continue (of action)	0.0
𓊪𓂋𓆣	J1,Q3,D21,L1	xpr	exist, be, come into being, become, change (into), occur, happen, come to pass	0.0
𓊪𓂋𓆣	J1,Q3,D21,L1	xpr	take place, be effective, go by, be past, continue (of action)	0.0
𓊪𓂋𓅱𓏛𓏥	J1,Q3,D21,G43,Y1,Z2	xprw	form, shape	0.0
𓊪𓂋𓂋𓆣	J1,Q3,D21,D21,L1	xprr	dung beetle, scarab	0.0
𓊪𓆣𓂋𓇋𓇋𓀭	J1,Q3,L1,D21,M17,M17,A40	xprr	Khopri	0.0
𓊪𓈙𓄗	J1,Q3,N37,F23	xpS	foreleg, thigh, arm	0.0
𓊪𓈙𓄗𓇼𓀭	J1,Q3,N37,F23,N14,A40	xpS	constellation of the Great Bear	0.0
𓊪𓈙𓄗𓀜	J1,Q3,N37,F23,A24	xpS	strong arm, strength, power	0.0
𓊪𓈙𓄘𓄻	J1,Q3,N37,F24,F51B	xpS	strength, power	0.0
𓊪𓈙𓏛	J1,Q3,N37,Y1	xpS	be effective ?	0.0
𓊪𓈙𓌛	J1,Q3,N37,T16	xpS	schimetar, battle-axe	0.0
𓊪𓈙	J1,Q3,N37,T7B	xpS	battle - axe	0.0
𓊪𓂧𓅱𓄹𓏥	J1,Q3,D46,G43,F51,Z2	xpdw	buttocks	0.0
𓆑𓏴𓂡	J1,I9,Z9,D40	xf	plunder	0.0
𓆑𓄿𓏏𓏒𓏥	J1,I9,G1,X1,X4,Z2	xfAt	food	0.0
𓆑𓄿𓄿𓏏𓏛𓏥	J1,I9,G1,G1,X1,Y1,Z2	xfAAt	banks (of waterway)	0.0
𓆑𓂝𓂬𓏤	J1,I9,D36,D49,Z1	xfa	fist	0.0
𓆑𓂝𓂬	J1,I9,D36,D49	xfa	grasp, make captures (in war)	0.0
𓆑𓂝𓂬	J1,I9,D36,D49	xfa	booty	0.0
𓆑𓂝𓏖	J1,I9,D36,X6	xfa	a cake	0.0
𓆑𓆑𓏯𓈗	J1,I9,J1,I9,Z5,N35A	xfxf	flood	0.0
𓆑	J1,I9	xft	in front of, in accordance with, as well as, corresponding to	0.0
𓆑𓏏	J1,I9,X1	xft	in front of, in accordance with, as well as, corresponding to	0.0
𓆑	J1,I9	xft	when, according to, at the time of, when, (speech) to (someone)	0.0
𓆑𓏏	J1,I9,X1	xft	when, according to, at the time of, when, (speech) to (someone)	0.0
𓏏𓆑	J1,X1,I9	xft	in front of, in accordance with, as well as, corresponding to	0.0
𓏏𓆑	J1,X1,I9	xft	when, according to, at the time of, when, (speech) to (someone)	0.0
𓏏𓆑𓅱	J1,X1,I9,G43	xftw	accordingly	0.0
𓏏𓆑	J1,X1,I9	xftw	accordingly	0.0
𓏏𓆑𓁷𓏤	J1,X1,I9,D2,Z1	xft  Hr	in front of, in the presence of	0.0
𓆑𓏏𓏭𓏱	J1,I9,X1,Z4,Z6	xfty	enemy	0.0
𓏏𓆑𓀀	J1,X1,I9,A1	xfty	enemy	0.0
𓏏𓆑𓀏	J1,X1,I9,A13	xfty	enemy	0.0
𓏏𓆑	J1,X1,I9,A90	xfty	enemy	0.0
𓅓𓂻	J1,G17,D54	xm	wild (of animals) ?	0.0
𓅓𓊮	J1,G17,Q7	xm	warm	0.0
𓅓𓊡	J1,G17,P5	xm	be dry	0.0
𓅓𓇋𓇋𓅭	J1,G17,M17,M17,G39	xmy	sand - flea	0.0
𓅓𓅱𓊡𓏪	J1,G17,G43,P5,Z3	xmw	dust	0.0
𓅓𓂜	J1,G17,D35	xm	know not, be ignorant of, be unconcious of, ignorance	0.0
𓅓𓂜𓆓𓏏𓏤	J1,G17,D35,I10,X1,Z1	xm  Dt	swoon	0.0
𓅓𓅪	J1,G17,G37	xm	be unconcious of (one''s limbs)	0.0
𓅓𓅓𓂜	J1,G17,G17,D35	xm	know not, be ignorant of	0.0
𓅓𓂜𓀀	J1,G17,D35,A1	xm	ignorant man	0.0
𓅓𓂜𓏏𓏛𓏥𓀀	J1,G17,D35,J1,X1,Y1,Z2,A1	xmxt	ignoramus	0.0
𓊃𓅓𓊖	J1,O34,G17,O49	xsm	Letopolis	0.0
𓋉𓅓𓉯	J1,R22,G17,O20	xm	shrine	0.0
𓋉𓉐	J1,R22,O1	xm	shrine	0.0
𓂜𓉐	J1,J15,D35,O1	xm	shrine	0.0
𓊃𓅓𓉐	J1,O34,G17,O1	xsm	shrine	0.0
𓊃𓅓𓂜𓉐	J1,O34,G17,D35,O1	xsm	shrine	0.0
𓅓𓊊𓂡	J1,G17,O37,D40	xm	demolish (buildings), harm (someone), debar (from), exclude	0.0
𓅓𓀜	J1,G17,A24	xm	exclude	0.0
𓅓𓂡	J1,G17,A35E,D40	xm	harm (someone)	0.0
𓊃𓂸𓏏𓃒	J1,O34,D52,X1,E1	xsmt	cow	0.0
𓌴𓁹𓄿𓄿𓀔	J1,U2,D4,G1,G1,A17	xmAA	shrink	0.0
𓅓𓂝	J1,G17,D36,D272	xma	seize, grasp, penetrate (water, of staff), collect (of people), drive off	0.0
𓅓𓂝𓏏𓆱	J1,G17,D36,X1,M3	xmat	butt, grip (of oar)	0.0
𓂸𓏏𓏥	J1,D52,X1,Z2	xmt	three	0.0
𓂸𓏏𓏥	J1,D52,X1,Z2	xmt	do for third time, treble (revenues)	0.0
𓂸𓏏	J1,D52,X1,Z1A,Z4B	xmt	treble	0.0
𓂸𓏏𓈗𓂜	J1,D52,X1,N35A,D35	xmt	treble	0.0
𓂸𓏥𓏌	J1,D52,Z2,W24	xmt  nw	third	0.0
𓂸	J1,D52	xmt	intend, plan, take thought (for), expect, anticipate	0.0
𓂸𓏏	J1,D52,X1	xmt	intend, plan, take thought (for), expect, anticipate	0.0
𓂸𓏏𓀁	J1,D52,X1,A2	xmt	intend, plan, take thought (for), expect, anticipate	0.0
𓂸𓏏𓏪	J1,D52,X1,Z3	xmt	intend, plan, take thought (for), expect, anticipate	0.0
𓂸𓏏𓂜	J1,D52,J15,X1,D35	xmt	intend, plan, take thought (for), expect, anticipate	0.0
𓂸𓏏𓏥𓂜	J1,D52,X1,Z2,D35	xmt	intend, plan, take thought (for), expect, anticipate	0.0
𓂸𓏏𓏥𓏛	J1,D52,X1,Z2,Y1	xmt	intend, plan, take thought (for), expect, anticipate	0.0
𓂸𓏏𓏪𓀁	J1,D52,X1,Z3,A2	xmt	intend, plan, take thought (for), expect, anticipate	0.0
𓈖𓆊	J1,N35,I3	xn	direct (one''s hand against), drive (cattle)	0.0
𓈖𓅯𓏛	J1,N35,G41,Y1	xn	scowling (of face) ?	0.0
𓈖𓅯𓀀	J1,N35,G41,A1	xn	rebel	0.0
𓈖𓂢	J1,N35,D41	xn	clap (hands)	0.0
𓈖	J1,N35,B47	xni	play music	0.0
𓈖𓂥	J1,N35,D44	xni	play music	0.0
𓈖𓅯𓀁	J1,N35,G41,A2	xni	play music	0.0
𓈖𓅯𓂻	J1,N35,G41,D54	xni	play music	0.0
𓈖𓏌𓅱𓏪	J1,N35,W24,G43,A338,Z3	xnw	musicians	0.0
𓈖𓏌𓅱𓏏	J1,N35,W24,G43,X1,B47	xnwt	female musician	0.0
𓈖𓏏	J1,N35,X1,B47	xnwt	female musician	0.0
𓈖𓏏𓅯𓏥	J1,N35,X1,G41,Z2	xnwwt	female musicians	0.0
𓈖𓏌𓅱𓏏𓁐𓏪	J1,N35,W24,G43,X1,B1,Z3	xnwwt	female musicians	0.0
𓈖𓇋𓇋𓏏𓅯𓂻𓁐𓏥	J1,N35,M17,M17,X1,G41,D54,B1,Z2	xnwwt	female musicians	0.0
𓈖𓏌𓅱𓋴𓅪	J1,N35,W24,G43,S29,G37	xnws	midge, gnat	0.0
𓈖𓅯	J1,N35,G41	xni	alight (from flight), stop, halt, rest (on)	0.0
𓈖𓅯𓂻	J1,N35,G41,D54	xni	alight (from flight), stop, halt, rest (on)	0.0
𓈖𓇋𓇋𓅯	J1,N35,M17,M17,G41	xni	alight (from flight), stop, halt, rest (on)	0.0
𓈖𓏭𓅯	J1,N35,Z4,G41	xni	resting (herd)	0.0
𓈖𓅯𓀁	J1,N35,G41,A2	xn	speech, utterance, matter, affair	0.0
𓈖𓏛𓄤𓆑𓂋	J1,N35,Y1,F35,I9,D21	xn  nfr	benefactions	0.0
𓈖𓏏𓅯𓏛𓏥	J1,N35,X1,G41,Y1,Z2	xnt	festival outlay ?	0.0
𓈖𓏏𓉐	J1,N35,X1,O1	xnt	household	0.0
𓈖𓏌𓅱𓉐	J1,N35,W24,G43,O1	xnw	resting - place, abode	0.0
𓈖𓏌𓅱𓅯𓉐	J1,N35,W24,G43,G41,O1	xnw	resting - place, abode	0.0
𓈖𓏌𓅱𓀔	J1,N35,W24,G43,A17	xnw	child	0.0
𓈖𓏌𓅱𓋴𓅪	J1,N35,W24,G43,S29,G37	xnws	gnat, midge	0.0
𓈖𓊪𓂡	J1,N35,Q3,D40	xnp	snatch, catch (ball), steal, pour (water), present (offering)	0.0
𓈖𓊪𓂉	J1,N35,Q3,D19	xnp	receive (semen)	0.0
𓈖𓆑𓄿𓀀	J1,N35,I9,G1,A1	xnfA	arrogance	0.0
𓈖𓆑𓅱𓏑	J1,N35,I9,G43,X3	xnfw	a cake	0.0
𓈖𓌰𓅓𓂉𓀁	J1,N35,T34,G17,D19,A2	xnm	breathe (air), smell (odours), make sweet-smelling	0.0
𓈖𓌰𓅓𓂉𓀁	J1,N35,T34,G17,D19,A2	xnm	belabour (with blows), glad, gladden	0.0
𓈖𓌰𓅓𓂉	J1,N35,T34,G17,D19,J2	xnm	make sweet-smelling	0.0
𓈖𓌰𓅓𓏏𓂉𓁐	J1,N35,T34,G17,X1,D19,B1	xnmt	prostitute	0.0
𓈖𓌰𓅓𓅱𓂉𓏥	J1,N35,T34,G17,G43,D19,Z2	xnmw	smell	0.0
𓈖𓌰𓂉𓏥	J1,N35,T34,D19,Z2	xnmw	smell	0.0
𓈖𓌰𓏭𓊸𓏥	J1,N35,T34,J15,Z4,R7,Z2	xnmw	smell	0.0
𓈖𓌰𓏭𓊸𓏥	J1,N35,T34,J15,Z4,R7,Z2	xnmw	smell	0.0
𓈖𓌰𓅓𓋴𓀉	J1,N35,T34,G17,S29,A7	xnms	be friendly with, friendship	0.0
𓈖𓌰𓅓𓋴𓀙𓏛	J1,N35,T34,G17,S29,A21,Y1	xnms	be friendly with	0.0
𓈖𓌰𓅓𓋴𓏏	J1,N35,T34,G17,S29,X1	xnmst	friend	0.0
𓈖𓌰𓅓𓋴𓁒𓀀	J1,N35,T34,G17,S29,B3,A1	xnms	friend, relative	0.0
𓈖𓌰𓅓𓋴𓀙𓀀	J1,N35,T34,G17,S29,A21,A1	xnms	friend, relative	0.0
𓈖𓅓𓋴𓏌	J1,N35,G17,S29,W24	xnms	type of beer	0.0
𓈖𓌰𓋴	J1,N35,T34,S29	xnms	type of beer	0.0
𓈖𓌰𓅓𓋴𓀙𓅯𓏛𓏥	J1,N35,T34,G17,S29,A21,G41,Y1,Z2	xnms	mosquito	0.0
𓈖𓌰𓅓𓏏𓏏𓁐	J1,N35,T34,G17,X1,X1,B1	xnmtt	nurse	0.0
𓈖𓌰𓅓𓏏𓁔	J1,N35,T34,G17,X1,B5	xnmtt	nurse	0.0
𓈖𓌰𓏏𓏏𓁐	J1,N35,T34,X1,X1,B1	xnmtt	nurse	0.0
𓈖𓇋𓍕𓂻	J1,N35,M17,U31,D54	xnr	restrain	0.0
𓈖𓇋𓂉𓂡	J1,N35,M17,D19,D40	xnr	restrain	0.0
𓈖𓂋𓇋𓂉𓂡	J1,N35,D21,M17,D19,D40	xnr	restrain	0.0
𓈖𓏏𓂉	J1,N35,X1,D19	xnrt	council-chamber	0.0
𓈖𓂋𓍕𓀁𓀀	J1,N35,D21,U31,A2,A1	xnr	criminal, prisoner	0.0
𓈖𓂋𓇋𓍕𓅪	J1,N35,D21,M17,U31,G37	xnr	criminal, prisoner	0.0
𓈖𓂋𓇋𓍕𓀁𓀀	J1,N35,D21,M17,U31,A2,A1	xnr	criminal, prisoner	0.0
𓈖𓂋𓁐𓏥	J1,N35,D21,B1,Z2	xnr	harem	0.0
𓈖𓂋𓏏𓍕𓁐	J1,N35,D21,X1,U31,B1	xnrt	harem	0.0
𓈖𓂋𓅱𓏏𓀀𓁐	J1,N35,D21,G43,X1,A1,B1	xnrwt	women of the harem	0.0
𓈖𓂋𓇋𓇋𓏏𓏛𓏥	J1,N35,D21,M17,M17,X1,Y1,Z2	xnrwt	women of the harem	0.0
𓈖𓃭𓄛	J1,N35,E23,F27	xnr	reins	0.0
𓋔𓂋𓏏𓏏𓀐	J1,S3,D21,X1,X1,A14	xnrtt	conspiracy ?	0.0
𓈖𓊃𓂻	J1,N35,O34,D54	xns	traverse (region), travel, spread (of illness)	0.0
𓈖𓊄𓊠	J1,N35,O35,P4	xns	traverse (region), travel, spread (of illness)	0.0
𓈖𓊃	J1,N35,O34,E177	xns	move in two directions	0.0
𓈖𓋴𓇋𓇋𓏏𓏥	J1,N35,S29,M17,M17,X1,J2,Z2	xnsyt	scurf ?	0.0
𓈖𓇓𓅱𓅆	J1,N35,M23,G43,G7	xnsw	Moon-god Khonsu, tenth month of the year	0.0
𓈖𓇓𓅱𓀭	J1,N35,M23,G43,A40	xnsw	Moon-god Khonsu	0.0
𓈖𓈙𓆛𓅪	J1,N35,N37,K1,G37	xnS	stink	0.0
𓈖𓏏	J1,N35,X1	xnt	in front of, among, from, out of	0.0
𓈖𓏏	J1,N35,X1	xnty	who is at the head of, foremost	0.0
𓈖𓏏𓉐	J1,N35,X1,O1	xnty	outer-chamber	0.0
𓈖𓏏𓊝	J1,N35,X1,P2	xnti	sail upstream, travel southward	0.0
𓈖𓏏𓈙𓈅	J1,N35,X1,N37,N21	xntS	orchard ?	0.0
𓈖𓏏𓈙𓂉𓈘	J1,N35,X1,N37,D19,N36	xntS	orchard ?	0.0
𓈖𓏏𓈙𓂉𓏛	J1,N35,X1,N37,D19,Y1	xntS	have enjoyment (of), be glad, make glad	0.0
𓈖𓏏𓈙𓂉𓏛𓄣𓏤𓅓	J1,N35,X1,N37,D19,Y1,F34,Z1,G17	xntS  ib  m	delight in, delight over	0.0
𓈖𓏏𓈙𓂻	J1,N35,X1,N37,D54	xntS	walk about freely	0.0
𓈖𓂧𓌻	J1,N35,D46,U7	xnd	bend (wood), twist together (flower-stems)	0.0
𓈖𓂧𓂾	J1,N35,D46,D56	xnd	lower part, calf of leg	0.0
𓈖𓂧𓂾𓄹	J1,N35,D46,D56,F51	xnd	lower part, calf of leg	0.0
𓈖𓂧𓂾	J1,N35,D46,D56	xnd	tread (ways etc), tread down (foes), offend ?	0.0
𓈖𓂧𓂻	J1,N35,D46,D54	xnd	tread (ways etc), tread down (foes), offend ?	0.0
𓈖𓂧𓂾𓂻	J1,N35,D46,D56,D54	xnd	tread (ways etc), tread down (foes), offend ?	0.0
𓈖𓂧𓅱𓊩	J1,N35,D46,G43,Q2	xndw	throne	0.0
𓈖𓂧𓊍	J1,N35,D46,O40	xndw	throne	0.0
𓈖𓂧𓅱𓊍	J1,N35,D46,G43,O40	xndw	throne	0.0
𓈖𓆓𓄯	J1,N35,I10,F44	xnD	shin of beef	0.0
𓈖𓂧𓄯	J1,N35,D46,F44	xnD	shin of beef	0.0
𓂋	J1,D21	xr	with, near, under (a king), speak (to), by (of agent),	0.0
𓂋	J1,D21	xr	so says	0.0
𓂋𓀒	J1,D21,A15	xr	and, further	0.0
𓂋	J1,D21	xr	and, further	0.0
𓂋𓏏𓏛𓏥	J1,D21,X1,Y1,Z2	xrt	state, condition, affairs, concerns, requirements, products (of a place)	0.0
𓂋𓏏𓏛𓏥𓄣𓏤	J1,D21,X1,Y1,Z2,F34,Z1	xrt  ib	wish, desire, favour	0.0
𓂋𓀒	J1,D21,A15	xr	fall (in military sense)	0.0
𓂋𓅱𓀒	J1,D21,G43,A15	xrw	enemy	0.0
𓂋𓀒	J1,D21,A15	xrw	enemy	0.0
𓂋𓅱𓀒𓀐	J1,D21,G43,A15,A14	xrw	enemy	0.0
𓂋𓉐	J1,D21,O1	xr	tomb (belonging to reigning King), necropolis ?	0.0
𓂋𓅱𓀒𓈇𓏤𓏪	J1,D21,G43,A15,N23,Z1,Z3	xrw	low - lying land	0.0
𓂋𓃭𓏥	J1,D21,E23,Z2	xrw	low - lying land	0.0
𓃭𓈇𓏥	J1,E23,N23,Z2	xrw	low - lying land	0.0
𓂋𓀒𓈇𓏤	J1,D21,A15,N23,Z1	xrw	low - lying land	0.0
𓂋𓇋𓇋𓏏𓃒𓏥	J1,D21,M17,M17,X1,E1,Z2	xryt	butchery	0.0
𓂋𓊤𓃭𓅱𓀁	J1,D21,P8,E23,G43,A2	xrw	voice, noise	0.0
𓂋𓊤𓋴𓈖𓏥	J1,D21,P8,S29,N35,Z2	xrw  .sn	so say they	0.0
𓂋𓊤𓀁𓋴𓈖𓏥	J1,D21,P8,A2,S29,N35,Z2	xrw  .sn	so say they	0.0
𓂋𓊤𓆑𓏭	J1,D21,P8,I9,Z4	xrw .fy	says	0.0
𓂋𓊤𓃭𓏲𓇋𓇋𓀜𓀀	J1,D21,P8,E23,Z7,M17,M17,A24,A1	xrwy	enemy	0.0
𓂋𓊤𓇋𓇋𓏏𓀜	J1,D21,P8,M17,M17,X1,A24	xrwyt	war	0.0
𓂋𓊪𓂥	J1,D21,Q3,D44	xrp	govern, control, administer, act as controller, direct (someone)	0.0
𓂋𓊪𓂥	J1,D21,Q3,D44	xrp	drive (cattle), lead, get ahead (with work), undertake (works)	0.0
𓂋𓊪𓂥	J1,D21,Q3,D44	xrp	bring, provide, make offering of, dedicate	0.0
𓂋𓊪𓂥𓄣𓏤	J1,D21,Q3,D44,F34,Z1	xrp  ib	having authority	0.0
𓂋𓊪𓂥	J1,D21,Q3,D44	xrp	controller, administrator	0.0
𓂋𓏏𓊪𓂥𓏥	J1,D21,X1,Q3,D44,Z2	xrpt	dues, taxes	0.0
𓂋𓊪𓅱𓍊	J1,D21,Q3,G43,U22	xrpw	mallet	0.0
𓂋𓊪𓅱𓆱	J1,D21,Q3,G43,M3	xrpw	mallet	0.0
𓈙𓂋𓍢	J1,N37,D21,V1	xrS	bundle	0.0
𓂋𓈙	J1,D21,N37,M181	xrS	bundle	0.0
𓈙𓂋𓆰	J1,N37,D21,M2	xrS	bundle	0.0
𓄈	J1,J1,F10	xx	neck, throat	0.0
𓊃𓈅𓏤	J1,O34,N21,Z1	xs	creek	0.0
𓊃𓏭𓆰	J1,O34,Z4,M2	xsy	bribe	0.0
𓊃𓏭𓏭𓏭𓅪	J1,O34,J18,Z4,Z4,Z4,G37	xsy	bribe	0.0
𓊃𓄿𓇋𓇋𓏏𓆰𓏥	J1,O34,J18,G1,M17,M17,X1,M2,Z2	xAsyt	bryony	0.0
𓋴𓃀𓆓𓈒𓏥	J1,S29,D58,I10,N33,Z2	xsbD	lapis lazuli	0.0
𓊃𓃀𓂧𓈓	J1,O34,D58,D46,N33A	xsbD	lapis lazuli	0.0
𓋴𓃀𓆓𓂂	J1,S29,D58,I10,D12	xsbD	blue, blue-black (of hair)	0.0
𓋴𓃀𓂧𓈒𓏥	J1,S29,D58,D46,N33,Z2	xsbD	blue, blue-black (of hair)	0.0
𓋴𓍙	J1,S29,U34	xsf	spin (yarn)	0.0
𓋴𓆑𓍙𓀜	J1,S29,I9,U34,A24	xsf	drive away, ward off, oppose, repel, repress (crime), redress (wrong)	0.0
𓋴𓆑𓍙𓀜	J1,S29,I9,U34,A24	xsf	reprove (words), drive (cattle), divert (water), avoid (anger), prevent	0.0
𓋴𓆑𓍙𓀜	J1,S29,I9,U34,A24	xsf	punish	0.0
𓋴𓆑𓍙𓀜	J1,S29,I9,U34,A24	xsf	punishment, disapproval	0.0
𓋴𓆑𓏏𓍚	J1,S29,I9,X1,U35	xsft	punishment	0.0
𓋴𓍙𓆑	J1,S29,U34,I9	xsf	opponent	0.0
𓋴𓍙𓆑𓊠	J1,S29,U34,I9,P4	xsfw	sail upstream	0.0
𓋴𓍙𓆑𓅱𓏏𓊛	J1,S29,U34,I9,G43,X1,P1	xsfw	sail upstream	0.0
𓋴𓍙𓆑𓏏𓊛	J1,S29,U34,I9,X1,P1	xsfw	sail upstream	0.0
𓋴𓍚𓇋𓇋𓏏𓊛	J1,S29,U35,M17,M17,X1,P1	xsfw	sail upstream	0.0
𓋴𓂋𓂡	J1,S29,D21,D40	xsr	dispel, drive away (darkness, evil etc ), clear (a road), remove (dirt)	0.0
𓊃𓂋𓎝𓂡	J1,O34,D21,V29,D40	xsr	dispel, drive away (darkness, evil etc ), clear (a road), remove (dirt)	0.0
𓊃𓂋𓎝𓀜	J1,O34,D21,V29,A24	xsr	dispel, drive away (darkness, evil etc ), clear (a road), remove (dirt)	0.0
𓊃𓂋𓎝𓍼𓂡	J1,O34,D21,V29,V12,D40	xsr	dispel, drive away (darkness, evil etc ), clear (a road), remove (dirt)	0.0
𓏏𓏏𓉐𓏤	J1,X1,X1,O1,Z1	xtt  pr	house - servant	0.0
𓏏𓏏𓂻𓉐𓏤	J1,X1,X1,D54,O1,Z1	xtt  pr	house - servant	0.0
𓏏𓂷𓂡	J1,X1,D51,D40	xti	carve, engrave	0.0
𓏏𓍔𓄿𓈉	J1,X1,U30,G1,N25	xtA	Hatti	0.0
𓏏𓍔𓄿𓂻	J1,X1,U30,G1,D54	xtA	creep up to	0.0
𓏏𓅓𓋩	J1,X1,G17,S20	xtm	seal	0.0
𓏏𓋩	J1,X1,S20	xtm	seal	0.0
𓏏𓅓𓋩	J1,X1,G17,S20	xtm	seal, put a seal (on), contract (with someone), close (doors), include, mix (ingredients)	0.0
𓏏𓅓𓋩𓂡	J1,X1,G17,S20,D40	xtm	seal	0.0
𓏏𓅓𓋩𓉐	J1,X1,G17,S20,O1	xtm	chest, storehouse, fort	0.0
𓏏𓅓𓉐	J1,X1,G17,O1	xtm	fort	0.0
𓏏𓅓𓋩𓏛	J1,X1,G17,S20,Y1	xtm	contract	0.0
𓏏𓅓𓏏𓋩𓏛	J1,X1,G17,X1,S20,Y1	xtmt	contract	0.0
𓏏𓅓𓏏𓏛	J1,X1,G17,X1,Y1	xtmt	contract	0.0
𓅓𓏏𓋩	J1,G17,X1,S20	xtm	valuables ?	0.0
𓏏𓅓𓇋𓇋𓋩𓀀	J1,X1,G17,M17,M17,S20,A1	xtmy	seal - maker	0.0
𓏏𓅓𓇋𓇋𓏏𓋩𓉐	J1,X1,G17,M17,M17,X1,S20,O1	xtmyt	sealed chamber	0.0
𓏏𓏏	J1,X1,X1	Xtt	pluck (plants)	0.0
𓂧𓊋	J1,D46,O38	xwd	rich	0.0
𓂧𓊛	J1,D46,P1	xdi	travel downstream, northwards, flow (of water), North	0.0
𓂧𓏏𓏛	J1,D46,X1,Y1	xdt	land - register	0.0
𓂧𓈋𓏲𓅭𓏥	J1,D46,N26,Z7,G39,Z2	xdDw	waterfowl	0.0
𓆓𓇋𓇋𓏛𓏥	J1,I10,M17,M17,Y1,Z2	xDy	riches	0.0
𓏏𓏏	J1,X1,X1	Xtt	pluck (plants), to prey on	0.0
	J11	mAa	true	0.0
𓏛	J11,Y1	mAa	true, loyal	0.0
	J11,P8H	mAa - xrw	deceased, justified	0.0
𓂝	J11,D36,P8H	mAa - xrw	deceased, justified	0.0
𓏏𓏛	J11,X1,Y1	mAat	truth	0.0
𓂻	J11,D54	mAa	lead, guide, direct, send, despatch, throw out, steer, extend, paddle, set out	0.0
𓈖𓃔	J13,N35,E3	gs  n  bHs	side of veal	0.0
𓏤	J13,Z1	gs	side, border (of land), half, half - aroura	0.0
𓏤𓇋𓇋𓀀	J13,Z1,M17,M17,A1	gsy	neighbour	0.0
𓉐𓏤	J13,O1,Z1	gs  pr	administrative district, temple	0.0
𓉐𓏤𓊖	J13,O1,Z1,O49	gs  pr	administrative district	0.0
𓏤𓁷𓂋𓇯	J13,Z1,D2,D21,N1	gs  Hry	top, upper part	0.0
𓊃𓏋𓀜	J13,O34,W23,A24	gs	anoint (someone with), smear on (unguent)	0.0
𓊃𓏲𓏌𓏥	J13,O34,Z7,W24,Z2	gsw	ointment	0.0
𓊃𓂻	J13,O34,D54	gsi	run	0.0
𓊃𓏏𓂻	J13,O34,X1,D54	gst	speed, run, course	0.0
𓊃𓊃	J13,O34,J13,O34	gsgs	regulate	0.0
𓏤𓍘𓇋𓆱	J13,Z1,U33,M17,M3	gsty	(scribe''s) palette	0.0
𓊃𓏏𓆱	J13,O34,X1,M3	gsty	(scribe''s) palette	0.0
𓊃𓍘	J13,O34,U33,M3B	gsty	(scribe''s) palette	0.0
𓏤	J15,Z1	im	form, shape	0.0
𓏏𓎺	J15,X1,W10	imt	wine of Imt	0.0
𓎛𓏏𓉐	J15,V28,X1,O1	imHt	netherworld	0.0
𓊃𓍘𓇋𓀭	J15,O34,U33,M17,A40	imsti	Imseti	0.0
𓂝𓂋𓂧𓎝	J15,D36,D21,D46,V29,Y1V	mar	fortunate, successful	0.0
𓏏	J15,J1,X1,U92	mxAt	balance	0.0
𓂟𓊄𓃀𓂻	J15,D38,O35,D58,D54	ms	bring, present, bring away booty, extend (hand), take (aim)	0.0
𓈙𓂋𓃭𓅱𓇰	J15,N37,D21,E23,G43,N2	mSrw	evening	0.0
𓂝𓄞𓂧𓏏𓈅𓏤	J15,D36,F30,D46,X1,N21,Z1	mSdt	ford	0.0
𓂝𓎡𓊛	J15,D36,V31,P1	mk	boat	0.0
𓂠𓎼𓄿𓌙𓀐	J15,D39,W11,G1,T14,A14	mgA	skirmisher ?	0.0
𓂝𓎼𓄿𓄝	J15,D36,W11,G1,F29	mgA	skirmisher ?	0.0
𓂠𓎼𓇋𓀔	J15,D39,W11,M17,A17	mgA	skirmisher ?	0.0
𓎼𓎼	J15,W11,W11	mgg	cluck (of bird)	0.0
𓂝𓏏𓈖𓌙𓈐𓂻	J15,D36,X1,N35,T14,N31,D54	mTn	road, way	0.0
𓏤	J17,Z1	sA	byre	0.0
𓏤	J17,Z1	sA	back	0.0
𓏤𓉐	J18,Z1,O1	sA	byre	0.0
𓏤	J18,Z1	sA	back	0.0
𓀁	J18,A2	sAi	be wise, prudent	0.0
𓏤𓏤𓂻	J18,Z1,J18,Z1,D54	sAsA	drive back, repel	0.0
𓏤𓏏𓅱𓊗𓏭𓂻	J18,Z1,X1,G43,O50,Z4,D54	swtwt	walk about, journey, travel, go forth	0.0
𓈖𓎼𓂋𓏤𓈉	J18,N35,W11,D21,Z1,N25	sngr	Babylonia	0.0
𓏤𓈖𓏥𓎼𓂋𓈉	J18,Z1,N35,Z2,W11,D21,N25	sngr	Babylonia	0.0
𓏏𓏥	J19,X1,Z2	Hryt	terror, dread, respect	0.0
𓇋𓇋𓏏𓏥	J19,M17,M17,X1,Z2	Hryt	terror, dread, respect	0.0
𓏏𓉐	J19,X1,O1	STyt	sanctuary of Sokar	0.0
𓆭	J2,M1	aS	cedar	0.0
𓏏𓈉	J2,X1,N25	wHAt	oasis, oasis - region	0.0
𓏏𓌙𓈉	J2,X1,T14,N25	wHAt	oasis, oasis region	0.0
𓏏𓅂𓌙𓀀𓁐𓏥𓈉	J2,X1,G4,T14,A1,B1,Z2,N25	wHAtyw	oasis - dwellers	0.0
𓏥	J2,Z2	wxdw	pain	0.0
𓂝	J2,D36	wt	bandage, bind	0.0
𓏏𓀜	J2,X1,A24	wt	bandage, bind	0.0
𓏥	J2,Z2	wt	wrappings	0.0
𓏏𓅱𓍱	J2,X1,G43,V6	wt	mummy - wrapping	0.0
𓂝𓀀	J2,D36,A1	wt	embalmer, bandager	0.0
𓏏𓂡𓀀	J2,X1,D40,A1	wt	embalmer, bandager	0.0
𓏤	J2,Z1	Hsb	fracture	0.0
𓏛	J2,Y1	Hsb	count, reckon	0.0
𓏛	J2,Y1	Hsb	account	0.0
𓅱𓀐	J2,G43,A14	Hsbw	doom	0.0
𓏤𓀀	J2,Z1,A1	Hsb	workman	0.0
𓏥	J2,Z2	Xpw	figures (inlaid in metal)	0.0
𓂋𓏛	J20,D21,Y1	apr	provide, equip, acquire, incur, man (a vessel)	0.0
𓂋𓅱𓏛𓏥	J20,D21,G43,Y1,Z2	aprw	equipment	0.0
𓅱𓈓	J20,G43,N33A	aprw	jewellery	0.0
𓂋𓅱	J20,D21,G43	aprw	jewellery	0.0
𓂋𓈓	J20,D21,N33A	aprw	jewellery	0.0
𓂋𓏏𓏊	J20,D21,X1,W22	aprt	type of jar	0.0
𓂋𓅱𓀀𓏥	J20,D21,G43,A1,Z2	aprw	sailors, workmen	0.0
𓀀𓀀𓀀	J20,J20,J20,A1,A1,A1	aprw	sailors	0.0
𓂝𓏛	J21,D36,Y1	wDa	be parted (of lips of wound)	0.0
𓀭	J21,A40	wDa	he who is judged	0.0
𓏏𓏛𓁐	J21,X1,Y1,B1	wDat	divorced woman	0.0
𓌃𓂧𓅱𓀁𓏪	J21,S43,D46,G43,A2,Z3	wDa  mdw	judge, litigate, have judgement (against), judgement	0.0
𓌃𓂝𓏝	J21,S43,D36,Y2	wDa  mdw	judge, litigate (with)	0.0
𓌃𓏝	J21,S43,Y2	wDa  mdw	judge, litigate (with)	0.0
𓂝𓏛𓂋𓇋𓇋𓏏𓏛	J21,D36,Y1,D21,M17,M17,X1,Y1	wDa  rwt	judge	0.0
𓇋𓇋𓏏𓆇	J21,M17,M17,X1,H8	wDayt	mussel ?, shell  (to hold ink?)	0.0
𓅱𓂝𓏏𓏯	J21,G43,D36,X1,Z5	wDayt	shell (to hold ink ?)	0.0
𓂋𓏤𓇋𓏏𓇋	J22,D21,Z1,M17,X1,M17	wDa  rwt	judge	0.0
𓂧𓀜	J23,D46,A24	mDd	press on (with orders)	0.0
𓏛	J23,Y1	mDd	press on	0.0
𓀀	J25,A1	smA	priest (who clothed the god)	0.0
𓏌𓂝	J27,W24,D36	nD	grind	0.0
𓏌𓏲𓌽𓏥	J27,W24,Z7,U9,Z2	nD	flour	0.0
𓏌𓏥	J27,W24,Z2	nD	flour	0.0
𓏌𓅱	J27,W24,G43,A143A	nDw	miller	0.0
𓏌𓏏𓏮𓁐𓏪	J27,W24,X1,Z4A,B1,Z3	nDtyw	maidservants ?	0.0
𓏌𓀁	J27,W24,A2	nD	enquire about (something)	0.0
𓏌	J27,W24	nD	take counsel, ask advice	0.0
𓏌𓂝	J27,W24,D36	nD	save, protect, guard against (magic), make good (harm), protection, protector	0.0
	J27	nD	save, protect	0.0
𓏌𓏛	J27,W24,Y1	nD	protection	0.0
𓏌𓀁𓂋𓏤	J27,W24,A2,D21,Z1	nD  r	take counsel, consult, question, greet	0.0
𓏏𓅱𓂋𓏤	J27,X1,G43,D21,Z1	nDwt  r	counsel	0.0
𓆓𓏏𓂋𓏤	J27,I10,X1,D21,Z1	nDwt  r	counsel	0.0
𓁷	J27,D2	nD  Hr	greet	0.0
𓏌𓏛𓁷𓏤	J27,W24,Y1,D2,Z1	nD  Hr	protect	0.0
𓏌𓀁𓁷𓏤	J27,W24,A2,D2,Z1	nD  Hr	greet	0.0
𓏌𓏏𓁷𓏤	J27,W24,X1,D2,Z1	nDt  Hr	gifts	0.0
𓆓𓁷	J27,I10,D2	nDt  Hr	gifts	0.0
𓏌𓀁𓂋𓏏𓏛𓏥	J27,W24,A2,J1,D21,X1,Y1,Z2	nD  xrt	greeting !	0.0
𓆓𓏌𓂋𓏏	J27,I10,W24,J1,D21,X1	nD  xrt	greet	0.0
𓏌𓏏𓏭𓂡	J27,W24,X1,Z4,D40	nDty	protector	0.0
𓏌𓏏𓏏	J27,W24,X1,X1	nDtt	protectress	0.0
𓏌𓋳	J27,W24,S28	nD	thread	0.0
𓏌𓏌𓀁	J27,W24,J27,W24,A2	nDnD	advice, counsel	0.0
𓂧𓏌	J28,D46,W24	qd	pot	0.0
𓂧𓏌	J28,D46,W24	qd	use the potter''s wheel	0.0
𓂧𓏌	J28,D46,W24,C35	qd	potter (as epitaph of Khnum)	0.0
𓂧𓂂	J28,D46,D12,A158	qd	build, fashion (men)	0.0
𓂧𓀨	J28,D46,A35	qd	build, fashion (men)	0.0
𓂧𓏌𓀢𓀜	J28,D46,W24,A30,A24	qd	build, fashion (men)	0.0
𓊅𓀀	J28,O36,A1	qd	builder	0.0
𓊅𓀜𓀀	J28,O36,A24,A1	qd	builder	0.0
𓂧𓂂𓏛	J28,D46,D12,Y1	qd	form, nature, reputation, character, disposition, extent	0.0
𓂂	J28,D12	qd	form, nature, reputation, character, disposition, extent	0.0
𓂧𓏌𓏛𓏥	J28,D46,W24,Y1,Z2	qd	form, nature, reputation, character, disposition, extent	0.0
𓂧𓏌𓂻	J28,D46,W24,D54	qd	go round	0.0
𓂧𓏌𓏛	J28,D46,W24,Y1	qd	go round	0.0
𓂧𓏌𓁹	J28,D46,W24,D4	qd	sleep	0.0
𓏏𓊌	J28,X1,O39	qdt	kite (weight of one tenth of a deben)	0.0
𓂧𓅱𓀏𓏪	J28,D46,G43,A13,Z3	qdw	men of Kode	0.0
𓂧𓏌𓅱𓏏𓏛𓏥	J28,D46,W24,G43,X1,Y1,Z2	qdwt	drawings	0.0
𓅱𓏏𓏥	J28,G43,X1,Z2	qdwt	drawings	0.0
𓂧𓏏𓏛𓏥	J28,D46,X1,Y1,Z2	qdwt	drawings	0.0
𓂧𓆑𓂷𓂡	J28,D46,I9,D51,D40	qdf	gather (flowers, sayings)	0.0
𓂧𓏌𓏏𓅓	J28,D46,W24,X1,G17,L17	qdtm	praying mantis	0.0
𓂧𓏌𓏏𓏏𓆭	J28,D46,W24,X1,X1,M1	qdtt	a conifer (from Syria)	0.0
𓂧𓂧𓅱𓂂𓏝𓏥	J28,D46,D46,G43,D12,Y2,Z2	qddw	characters (of people)	0.0
𓂧𓂧𓏌𓁼	J28,D46,D46,W24,D7	qdd	sleep	0.0
𓂧𓂧𓁻	J28,D46,D46,D6	qdd	sleep	0.0
𓏥	J30,Y1V,Z2	Xkrw	panoply, insignia	0.0
	J30	Xkrw	insignia	0.0
𓏪	J30,Z3	Xkrw	ornaments	0.0
𓏏𓈉	J32,X1,N25	sty	Nubia	0.0
𓏏𓏳	J32,X1,Z8	sty	Nubia	0.0
𓏏𓅂𓌙𓀀𓈓	J32,X1,G4,T14,A1,N33A	styw	Nubians	0.0
𓏏𓈉𓌙𓀀𓈓	J32,X1,N25,T14,A1,N33A	styw	Nubians	0.0
𓏏𓏭𓈒𓏥	J32,X1,Z4,N33,Z2	sty	Nubian mineral (ochre ?)	0.0
𓏏𓏤	J5,X1,Z1	Hpt	oar	0.0
𓏏𓊤	J5,X1,P8	Hpt	oar	0.0
𓊪𓇋𓇋𓀭	J5,Q3,M17,M17,A40	Hpy	Hapy (a son of Horus)	0.0
𓊪𓀭	J5,Q3,A40	Hpy	Hapy   (one of the four sons of Horus)	0.0
𓊪𓅱𓏏𓏭𓂻	J5,Q3,G43,X1,Z4,D54	Hpwty	runner	0.0
𓏥	J5A,Z2	Hpt	oar	0.0
𓊪𓃒	J5A,Q3,E1	Hpw	Apis Bull	0.0
𓋹	J7,S34,A223	sqr  anx	captive, living prisoner	0.0
𓏏𓏤	J8,X1,Z1	spAt	district, nome	0.0
𓏏𓈉	J8,X1,N25	smyt	desert, necropolis	0.0
𓈖𓏛	J8,N35,Y1	qn	complete, accomplish, cease	0.0
𓈖𓏛	J8,N35,Y1	qn	be provided (with)	0.0
𓈖𓏛	J8,N35,Y1	qn	first quality, best quality	0.0
𓈖	J8,N35,Z28	qn	mat	0.0
𓈖	J8,N35,J19	qn	mat	0.0
𓈇𓏤	J8,N23,Z1	Ts	sandbank	0.0
𓏏𓏏	J8,X1,X1	DAtt	estate	0.0
𓏏𓊖	J8,X1,O49	DAtt	estate	0.0
𓈇𓏤	J8,N23,Z1	DAtt	estate	0.0
𓆝𓈘	K3,N36	aD  mr	administrator	0.0
𓆞𓏏𓏤𓆟	K4,X1,Z1,K5	XAt	oxyrhynchus fish (mormyrus kannume)	0.0
𓆞𓏏	K4,X1,J2	XAt	corpse	0.0
𓆞𓏏𓄿𓀐	K4,X1,G1,A14	XAt	corpse	0.0
𓆞𓄿𓇋𓇋𓏏𓏥	K4,G1,M17,M17,X1,j2,z2	XAyt	heap of corpses	0.0
𓆞𓄿𓏏𓀐𓏥	K4,G1,X1,A14,Z2	XAyt	heap of corpses	0.0
𓆞𓄿𓏏𓏪	K4,G1,X1,J2,Z3	XAt	disease	0.0
𓆞𓄿𓏏𓈇	K4,G1,X1,N23	XAt	marsh	0.0
𓆞𓄿𓄿𓆱	K4,G1,G1,M3	XAA	clothes peg ?	0.0
𓆞𓄿𓄿𓏛	K4,G1,G1,Y1	XAA	resolute	0.0
𓆞𓄿𓇋𓇋𓀜	K4,G1,M17,M17,A24	XAy	thwart (someone)	0.0
𓆞𓄿𓇋𓇋𓀁	K4,G1,M17,M17,A2	XAy	thwart (someone)	0.0
𓆞𓄿𓃀𓏏𓍢	K4,G1,D58,X1,V1	XAbt	curl (on Red crown)	0.0
𓆞𓃀𓍢	K4,D58,V1	XAbt	curl (on Red crown)	0.0
𓆞𓄿𓃀𓌳	K4,G1,D58,U1	XAb	clavicle	0.0
𓆞𓄿𓃀𓏯𓄹	K4,G1,D58,Z5,F51	XAb	clavicle	0.0
𓆞𓄿𓃀𓌳𓆱	K4,G1,D58,U1,M3	XAb	sickle	0.0
𓆞𓄿𓃀	K4,G1,D58,U1B	XAb	crooked, crookedness, crookedly	0.0
𓆞𓄿𓃀𓂢	K4,G1,D58,U1B,D41	XAb	crooked, crookedness, crookedly	0.0
𓆞𓄿𓃀𓂢	K4,G1,D58,U1B,D41	XAb	crooked, crookedness, crookedly	0.0
𓆞𓄿𓃀𓃀𓄒𓄒	K4,G1,D58,D58,F19,F19	XAbb	crookedness	0.0
𓆞𓄿𓅓𓂘	K4,G1,G17,D32	XAm	bend down (arms in respect)	0.0
𓆞𓄿𓅓𓏏𓏊𓏥	K4,G1,G17,X1,W22,Z2	XAmt	a type of beer	0.0
𓆞𓄿𓅓𓏏𓂘	K4,G1,G17,X1,D32	XAmt	a type of beer	0.0
𓆞𓅓𓏏𓏛𓏥	K4,G17,D200,J1,X1,Y1,Z2	XAmt  xt	type of offerings	0.0
𓆞𓂋𓎅	K4,D21,V19	XAr	sack, leather bag	0.0
𓆞𓄿𓂋𓎅𓏤	K4,G1,D21,V19,Z1	XAr	sack, leather bag	0.0
𓆞𓄿𓂋𓏏𓁸𓁐	K4,G1,D21,X1,D3,B1	XArt	widow	0.0
𓆞𓄿𓂋𓏏𓁐	K4,G1,D21,X1,B1	XArt	widow	0.0
𓆞𓄿𓂋𓏏𓅪𓁐	K4,G1,D21,X1,G37,B1	XArt	widow	0.0
𓆞𓄿𓆞𓄿𓍘𓇲	K4,G1,K4,G1,U33,N4	XAXAti	storm	0.0
𓆞𓄿𓎡𓅱𓄣𓏤𓀏𓏪	K4,G1,V31,G43,F34,Z1,A13,Z3	XAkw  ib	disaffected persons	0.0
𓆠𓏥	K6,Z2	nSmwt	scales (of fish)	0.0
𓆠	K6	nSmwt	scales (of fish)	0.0
𓆡𓏏	K7,X1	Spt	be discontented, angry	0.0
𓆣𓂋𓅓	L1,D21,G17	xpr  m	amounts to	0.0
𓆣𓂋𓋴𓆓𓆑	L1,D21,S29,I10,I9	xpr  Ds  .f	who came into being of  himself (of sun god), fermentation ?	0.0
𓆣𓂋𓇋𓇋𓀔𓏪	L1,D21,M17,M17,A17,Z3	xpry	children	0.0
𓆣𓂋𓀀𓏥	L1,D21,A1,Z2	xpry	children	0.0
𓆣𓂋𓅱𓀾𓏛𓏥	L1,D21,G43,A53,Y1,Z2	xprw	form, shape, modes of being	0.0
𓆣𓏥	L1,Z2	xprw	form, shape, modes of being	0.0
𓆣𓂋𓏥	L1,D21,Z2	xprw	form, shape, modes of being	0.0
𓆣𓆣𓆣	L1,L1,L1	xprw	form, shape, modes of being	0.0
𓆣𓅱𓏛𓏥	L1,G43,Y1,Z2	xprw	form, shape, modes of being	0.0
𓆣𓂋𓏲𓀾𓏪	L1,D21,Z7,A53,Z3	xprw	form, shape	0.0
𓆣𓂋𓇋𓇋𓀾𓅆	L1,D21,M17,M17,A53,G7	xprw	form, shape	0.0
𓆣𓂋𓂋𓅆	L1,D21,D21,G7	xprr	Khopri	0.0
𓆣𓂋𓅆	L1,D21,G7	xprr	Khopri	0.0
𓆣𓂋𓈙𓋙	L1,D21,N37,S7	xprS	the Blue Crown	0.0
𓆤𓏏𓄿𓇇𓊖	L2,X1,G1,J1,M15,O49	Ax  bit	Chemmis	0.0
𓆤𓏏𓏤	L2,X1,Z1	bit	bee	0.0
𓆤𓏏𓏌𓏥	L2,X1,W24,Z2	bit	honey	0.0
𓆤𓏏𓏯	L2,X1,Z5	bit	Crown of Lower Egypt	0.0
𓆤𓏏𓏯𓆗	L2,X1,Z5,I12	bit	goddess of Lower Egypt	0.0
𓆤𓏏𓏭𓀵	L2,X1,Z4,A45	bity	King of Lower Egypt	0.0
𓆤𓏏𓉐	L2,X1,O1	pr  bity	Palace of King of Lower Egypt	0.0
𓆩𓏏𓊯	L6,X1,R1	xAwt	altar	0.0
𓆫	L7	srqt	Selket  (scorpion goddess)	0.0
𓆭𓅓𓆭	M1,G17,M1	imA	a tree	0.0
𓆭𓅓𓏛	M1,G17,Y1	imA	be gracious	0.0
𓆭𓏛𓁷𓏤	M1,Y1,D2,Z1	imA  Hr	gracious of countenance	0.0
𓆭𓅓𓏏𓏛𓏥	M1,G17,X1,Y1,Z2	imAt	charm, kindliness, graciousness	0.0
𓆭𓏏𓏛	M1,X1,Y1	imAt	charm, kindliness, graciousness	0.0
𓆭𓅓𓅱𓇶𓏥	M1,G17,G43,N8,Z2	imAw	brilliance, splendour	0.0
𓆭𓅱𓇶	M1,G43,N8	imAw	brilliance, splendour	0.0
𓆭𓇶𓏥	M1,J15,N8,Z2	imAw	brilliance, splendour	0.0
𓆭𓅓𓅱𓇶	M1,G17,G43,J15,N8	imAw	brilliance, splendour	0.0
𓆭𓅓𓅱𓉐	M1,G17,G43,O1	imAw	tent, hut	0.0
𓆭𓅓𓉐	M1,G17,O1	imAw	tent	0.0
𓆭𓅱𓉐	M1,G43,O1	imAw	tent	0.0
𓆻𓈖𓏛	M11,N35,Y1	wdnw	offerings	0.0
𓆼𓏤𓏥	M12,Z1,Z2	xAw	thousands	0.0
𓆼𓅱𓆰𓏥	M12,G43,M2,Z2	xAw	plants, flowers	0.0
𓆼𓏤𓆰𓏥	M12,Z1,M2,Z2	xAw	plants, flowers	0.0
𓆼𓄿𓅱𓆰𓏥	M12,G1,G43,M2,Z2	xAw	plants, flowers	0.0
𓆼𓆼𓆼𓆰𓆰𓆰	M12,M12,M12,M2,M2,M2	xAw	plants, flowers	0.0
𓆼𓅱𓆱𓏥	M12,G43,M3,Z2	xAw	plants	0.0
𓆼𓇾𓈇𓏤	M12,N16,N23,Z1	xA  tA	land measure (approx 10 Arouras), type of Crown land	0.0
𓆼𓄿𓀔𓅪	M12,G1,A17,G37	xA	be young, little	0.0
𓆼𓄿𓉐	M12,G1,O1	xA	office, bureau	0.0
𓆼𓉐	M12,O1	xA	office, bureau	0.0
𓆼𓄿𓉹	M12,G1,O27	xA	office, bureau	0.0
𓆼𓄿𓏏𓈇𓏤	M12,G1,X1,N23,Z1	xAt	marsh	0.0
𓆼𓄿𓏏𓏥	M12,G1,X1,J2,Z2	xAt	corpse	0.0
𓆼𓇋𓇋𓏏𓀒	M12,M17,M17,X1,A15	xAyt	slaughter, massacre	0.0
𓆼𓏏𓏥	M12,X1,A98,Z2	xAyt	slaughter, massacre	0.0
𓆼𓄿𓇋𓇋𓏏𓅪𓏥	M12,G1,M17,M17,X1,J2,G37,Z2	xAyt	disease	0.0
𓆼𓄿𓏏𓅪𓏥	M12,G1,X1,J2,G37,Z2	xAyt	disease	0.0
𓆼𓄿𓂡	M12,G1,D40	xAi	measure, examine (patient), patrol	0.0
𓆼𓇋𓇋𓂷𓂡	M12,M17,M17,D51,D40	xAi	measure, examine (patient),	0.0
𓆼𓌽𓂡	M12,U9,D40	xAi	measure, examine (patient), patrol	0.0
𓆼𓄿𓇋𓇋𓌙𓌙𓏛𓏥	M12,G1,M17,M17,T14,T14,Y1,Z2	xAyw	measurements	0.0
𓆼𓄿𓇋𓇋𓌙𓌙𓍢	M12,G1,M17,M17,T14,T14,V1	xAy	plumb-line, rule (of conduct)	0.0
𓆼𓄿𓇋𓇋𓍢	M12,G1,M17,M17,V1	xAy	plumb-line, rule (of conduct)	0.0
𓆼𓄿𓇋𓇋𓊯	M12,G1,M17,M17,R1	xAy	altar	0.0
𓆼𓏏𓏏𓊰	M12,J1,X1,X1,R2	xAwt	altar	0.0
𓆼𓄿𓇋𓇋𓏏	M12,G1,M17,M17,X1,R1E	xAwt	altar	0.0
𓆼𓄿𓂝𓂡	M12,G1,D36,D40	xAa	throw, strike down (with disease), cast off (bonds), abandon (property)	0.0
𓆼𓄿𓂝𓂡	M12,G1,D36,D40	xAa	despatch (messages), thrust, harpoon (hippo) , play ?, drip (sweat)	0.0
𓆼𓂝𓂻	M12,D36,D54	xAa	strike down (with disease)	0.0
𓆼𓄿𓂝𓂷	M12,G1,D36,D51	xAa	drip (sweat)	0.0
𓆼𓄿𓂝𓂺	M12,G1,D36,D53	xAa	urination	0.0
𓆼𓄿𓂝𓅱𓂻𓏥	M12,G1,D36,G43,D54,Z2	xAaw	discharges (medical)	0.0
𓆼𓅱𓎺	M12,G43,W10	xAw	bowl	0.0
𓆼𓅱	M12,G43,R36	xAw	bowl	0.0
𓆼𓄿𓅱𓏭𓇰	M12,G1,G43,Z4,N2	xAwy	night	0.0
𓆼𓄿𓏲𓏭𓇰𓏛𓀀	M12,G1,Z7,Z4,N2,Y1,A1	xAwy	benighted traveller	0.0
𓆼𓄿𓃀𓃯	M12,G1,D58,E25	xAb	hippopotamus	0.0
𓆼𓅡𓋴𓇼𓇼𓇼	M12,G29,S29,N14,N14,N14	xAbAs	the starry sky	0.0
𓆼𓃀𓋴𓅱𓇼𓏥	M12,D58,S29,G43,N14,Z2	xAbAs	the starry sky	0.0
𓆼𓄿𓃀𓃀𓄒𓄒	M12,G1,D58,D58,F19,F19	xAbb	crookedness	0.0
𓆼𓄿𓆑𓂝𓂡	M12,G1,I9,D36,D40	xfa	grasp	0.0
𓆼𓅓𓂢	M12,G17,D41	xAm	bend (arm in respect)	0.0
𓆼𓄿𓅓𓀜	M12,G1,G17,A24	xAm	bend (arm in respect)	0.0
𓆼𓄿𓅓𓂘	M12,G1,G17,D32	xAm	bend (arm in respect)	0.0
𓆼𓄿𓅓𓂢𓂡	M12,G1,G17,D41,D40	xAm	bend (arm in respect)	0.0
𓆼𓈖𓈖𓏏	M12,N35,N35,X1,M54	mAmA  n  xAnnt	variety of date-palm	0.0
𓆼𓄿𓂋𓏏𓅪𓁐	M12,G1,D21,X1,G37,B1	xArt	widow	0.0
𓆼𓄿𓂋𓏭𓁸	M12,G1,D21,Z4,D3	xAry	be wifeless	0.0
𓆼𓂋𓂻	M12,D21,D54	xAr	bolt (of horses) ?	0.0
𓆼𓄿𓃭𓏤𓌙𓈉	M12,G1,E23,Z1,T14,N25	xArw	Khor	0.0
𓆼𓃭𓈉	M12,E23,N25	xArw	Khor	0.0
𓆼𓃭𓅱𓀏	M12,E23,G43,A13	xArw	Khorian	0.0
𓆼𓃭𓀏	M12,E23,A13	xArw	Khorian	0.0
𓆼𓄿𓂻	M12,G1,J1,D54	xAx	be speedy, swift, hasten, hurry	0.0
𓆼𓂻	M12,J1,D54	xAx	be speedy, swift	0.0
𓆼𓄿𓂻𓄣𓏤	M12,G1,J1,D54,F34,Z1	xAx  ib	impatient	0.0
𓆼𓄿𓂝	M12,G1,J1,D36	xAx	spear (fish)	0.0
𓆼𓄿𓆼𓄿𓊡𓂝	M12,G1,M12,G1,P5,D36	xAxA	winnow	0.0
𓆼𓄿𓊃𓂻	M12,G1,O34,D54	xAs	scramble ?	0.0
𓆼𓄿𓊃𓏴𓈇𓏤	M12,G1,O34,Z9,N23,Z1	xAs	creek ?   runnel  ?	0.0
𓆼𓄿𓋴𓍢	M12,G1,S29,V1	xAs	curl on front of Red Crown ?	0.0
𓆼𓋴𓏏𓈉	M12,S29,X1,N25	xAst	hill country, foreign land, desert	0.0
𓆼𓋴𓍿𓈉	M12,J1,S29,V13,N25	xAst	hill country, foreign land, desert	0.0
𓆼𓄿𓋴𓇋𓇋𓏏𓆰𓏥	M12,G1,S29,M17,M17,X1,M2,Z2	xAsyt	bryony ?	0.0
𓆼𓄿𓈖𓏥𓋴𓇋𓇋𓏏𓆰𓏪	M12,G1,N35,Z2,S29,M17,M17,X1,M2,Z3	xAsyt	bryony ?	0.0
𓆼𓏏𓏭𓉐	M12,X1,Z4,O1	xAty	office	0.0
𓆼𓄿𓆓𓈒𓈒𓈒	M12,G1,I10,N33,N33,N33	xAD	dough	0.0
𓆼𓄿𓆑𓂝𓂡	M12,G1,I9,D36,D40	xfa	grasp, make captures (in war)	0.0
𓆼𓄿𓆑𓂝𓂡	M12,G1,I9,D36,D40	xfa	booty	0.0
𓆼𓈖𓃭𓄛	M12,N35,E23,F27	xnr	reins	0.0
𓆼𓈖𓏥𓃭𓏤𓄛	M12,N35,Z2,E23,Z1,F27	xnr	reins	0.0
𓆼𓄿𓈖𓏥𓋴𓇋𓇋𓏏𓆰	M12,G1,N35,Z2,S29,M17,M17,X1,M2	xAsyt	bryony ?	0.0
𓇅𓏤𓊌	M13,Z1,O39	wAD	wadj  amulet	0.0
𓇅𓆓𓏛	M13,I10,Y1	wAD	green, pale, fresh, raw, hale, sturdy, fortunate, happy, make green, make to flourish	0.0
𓇅𓆓𓏛𓀀	M13,I10,Y1,A1	wAD	fortunate man	0.0
𓇅𓅱𓈓	M13,G43,N33A	wAD	a green stone, malachite	0.0
𓇅	M13,D7A	wADw	green eye - paint	0.0
𓇅𓏏𓏥	M13,X1,Z2	wADt	rawness	0.0
𓇅𓇋𓇋𓏏𓆗	M13,M17,M17,X1,I12	wADyt	Edjo  (Cobra goddess)	0.0
𓇅𓏏𓆘	M13,X1,I13	wADyt	cobra goddess	0.0
𓇅𓏏𓏭𓆗𓆗𓎟	M13,X1,Z4,I12,I12,V30	wADyty	the two serpent goddesses of Upper and Lower Egypt	0.0
𓇅𓇋𓇋𓏏𓉐	M13,M17,M17,X1,O1	wADyt	hall of columns	0.0
𓇅𓅨𓈘	M13,G36,N36	wAD  wr	the sea	0.0
𓇅𓆓𓅨𓈗𓈘	M13,I10,G36,N35A,N36	wAD  wr	the sea	0.0
𓇅𓎛𓀖	M13,V28,A18	wDH	weaned child (of royalty)	0.0
𓏤𓆰	M13A,Z1,M2	wAD	papyrus plant	0.0
𓏤	M13A,Z1	wAD	papyrus plant	0.0
𓎛𓅱𓊲	M13A,V28,G43,R3	wdHw	offering table	0.0
𓅱𓏛	M13A,G43,Y1	wD	see other entries under wD  (command  etc)	0.0
𓅱𓏏𓏛	M13A,G43,X1,Y1	wDt	command, decree	0.0
𓇆𓊌	M14,O39	wAD	a green stone (malachite ?)	0.0
𓇆𓏏𓋳	M14,X1,S28	wADt	green linen	0.0
𓇆𓏲𓏛𓏥	M14,Z7,Y1,Z2	wADw	success, happiness	0.0
𓇆𓇋𓇋𓏏𓉐	M14,M17,M17,X1,O1	wADyt	hall of columns	0.0
𓇆𓅨𓂋𓈘	M14,G36,D21,N36	wAD  wr	the Great Green (Sea)	0.0
𓇆𓅨𓂋𓇋𓈗𓈘𓈅𓏤	M14,G36,D21,M17,N35A,N36,N21,Z1	wAD  wr	the sea	0.0
𓇆𓆓𓏏𓆰𓏥	M14,I10,X1,M2,Z2	wADDyt	vegetation	0.0
𓇇𓆤𓏏𓊖	M15,L2,X1,O49	Ax  bit	Chemmis	0.0
𓇇𓅱𓀀	M15,G43,A1	idHy	marsh - man	0.0
𓇇𓇋𓇋𓏏𓆰	M15,M17,M17,X1,M2	mHyt	papyrus plant, clump of papyrus	0.0
𓇇𓏏𓆰	M15,X1,M2	mHyt	papyrus plant, clump of papyrus	0.0
𓇇𓋔𓊃	M15,S3,O34	mHw .s	Crown of Lower Egypt	0.0
𓇉𓋴𓋔	M16,S29,S3	mHw .s	Crown of Lower Egypt	0.0
𓇉𓅱𓎟𓎟𓎟	M16,G43,V30,V30,V30	HAw  nbwt	(the Aegean) Islanders	0.0
𓇉𓄿𓅱𓏥𓎟𓏏𓈓	M16,G1,G43,Z2,V30,X1,N33A	HAw  nbwt	(the Aegean) Islanders	0.0
𓇉𓄿𓏏𓏒𓏥	M16,G1,X1,X4,Z2	HAt	food	0.0
𓇉𓏏𓄣	M16,X1,F34	HAty	heart	0.0
𓇉𓄿𓀠	M16,G1,A28	HAi	screech (of falcon)	0.0
𓇉𓇋𓇋𓏏𓅪	M16,M17,M17,X1,G37	HAyt	mourning	0.0
𓇉𓄿𓅱𓀠𓏥	M16,G1,G43,A28,Z2	HAw	mourners	0.0
𓇉𓄿𓀁	M16,G1,A2	HA	would that !, O!	0.0
𓇉𓄿𓏏𓉐	M16,G1,X1,O1	HAt	tomb	0.0
𓇉𓄿𓁶𓉐	M16,G1,D1,O1	HA	outside	0.0
𓇉𓄿𓉐	M16,G1,O1	HA	outside	0.0
𓇉𓄿𓇋𓇋𓀭	M16,G1,M17,M17,A40	HAy	protector	0.0
𓇉𓇋𓇋	M16,M17,M17	HAy	protector	0.0
𓇉𓄿𓇋𓉐	M16,G1,M17,O1	HAi	outer parts ? (of house)	0.0
𓇉𓅱𓎟𓎟𓎟	M16,G43,V30,V30,V30	HAw  nbw	(Aegean) Islanders, Isles	0.0
𓇉𓄿𓊛	M16,G1,P1	HA	go ashore, run aground (of ship)	0.0
𓇉𓄿𓅱𓏏𓋳	M16,G1,G43,X1,S28	HAwt	nakedness	0.0
𓇉𓄿𓇋𓇋𓏏𓋳𓏪	M16,G1,M17,M17,X1,S28,Z3	HAwt	nakedness	0.0
𓇉𓄿𓏭𓅱𓋳𓀀	M16,G1,Z4,G43,S28,A1	HAwy	naked man	0.0
𓇉𓄿𓏭𓋳𓀀	M16,G1,Z4,S28,A1	HAwy	naked man	0.0
𓇉𓄿𓇋𓇋𓏏𓋳	M16,G1,M17,M17,X1,S28	HAyt	bandage	0.0
𓇉𓄿𓇋𓇋𓏏𓈗	M16,G1,M17,M17,X1,N35A	HAyt	flood water	0.0
𓇉𓄿𓇋𓇋𓅱𓌪𓄿𓏪	M16,G1,M17,M17,G43,T30,G1,Z3	HAyw	carrion - birds	0.0
𓇉𓄿𓅱𓏛𓏥	M16,G1,G43,Y1,Z2	HAw	wealth, increase, excess, surplus	0.0
𓇉𓄿𓅱𓏛𓏥𓈖	M16,G1,G43,Y1,Z2,N35	HAw  n	most of	0.0
𓇉𓄿𓅱𓏛𓏥𓁷𓏤	M16,G1,G43,Y1,Z2,D2,Z1	HAw  Hr	more than	0.0
𓇉𓄿𓅱𓏛𓏥𓁷𓏤𓄤𓆑𓂋	M16,G1,G43,Y1,Z2,D2,Z1,F35,I9,D21	HAw  Hr  nfr	surpassing in beauty	0.0
𓇉𓄿𓅱𓏛𓏥𓈘𓏥𓀀𓁐𓏥	M16,G1,G43,Y1,Z2,N36,Z2,A1,B1,Z2	HAw  mr	the lower orders	0.0
𓇉𓄿𓏲𓏛𓏥𓏏𓏛𓏥	M16,G1,Z7,Y1,Z2,J1,X1,Y1,Z2	HAw  xt	a special offering	0.0
𓇉𓏏𓏐𓏊	M16,J1,X1,X2,W22	HAw  xt	a special offering	0.0
𓇉𓏥𓏏𓏛	M16,Y1V,Z2,J1,X1,Y1	HAw  xt	a special offering	0.0
𓇉𓏏𓄣	M16,X1,F34	HAty	heart, central chest, thought	0.0
𓇉𓄿𓂝𓇋𓇋𓏏𓀜	M16,G1,D36,M17,M17,X1,A24	HAayt	strife	0.0
𓇉𓂝𓏭𓅪	M16,D36,Z4,G37	HAayt	strife	0.0
𓇉𓄿𓂝𓇋𓇋𓏏𓅪𓏥	M16,G1,D36,M17,M17,X1,G37,Z2	HAayt	strife	0.0
𓇉𓄿𓂝𓂝𓂻	M16,G1,D36,D36,D54	HAaa	touch (of ship on land)	0.0
𓇉𓄿𓊪𓋳	M16,G1,Q3,S28	HAp	secret, mysterious, (to) hide	0.0
𓇉𓄿𓊪𓋳𓂋𓏤𓁷𓏤	M16,G1,Q3,S28,D21,Z1,D2,Z1	HAp  r  Hr	keep silence about	0.0
𓇉𓄿𓊪𓉐	M16,G1,Q3,O1	HAp	secret place ?	0.0
𓇉𓄿𓊪𓂧𓂋𓏤𓀭	M16,G1,Q3,D46,D21,Z1,A40	HApd  r	open mouthed	0.0
𓇉𓄿𓅓𓅻𓂡	M16,G1,G17,G51,D40	HAm	catch (fish), fish (waters)	0.0
𓇉𓄿𓅓𓅯𓆛𓀜	M16,G1,G17,G41,K1,A24	HAm	catch (fish), fish (waters)	0.0
𓇉𓄿𓅓𓅱𓅼𓀜	M16,G1,G17,G43,G52,A24	HAmw	fishermen	0.0
𓇉𓄿𓂋𓏲𓁹𓅭	M16,G1,D21,Z7,D4,G39	HArw	decoy-duck, bait (en general)	0.0
𓇉𓄿𓇉𓄿𓂻	M16,G1,M16,G1,D54	HAHA	go astray, stumble	0.0
𓇉𓇉𓂻	M16,M16,D54	HAHA	stumble	0.0
𓇉𓄿𓊗𓏭𓂽	M16,G1,O50,Z4,D55	HAHA	stumble	0.0
𓇉𓄿𓈎𓂝	M16,G1,N29,D36	HAq	plunder (goods), capture (towns), carry off (captives)	0.0
𓇉𓈎𓂡𓏥	M16,N29,D40,Z2	HAq	plunder	0.0
𓇉𓈎𓏏𓂡𓏥	M16,N29,X1,D40,Z2	HAqt	plunder	0.0
𓇉𓈎𓂡𓀏𓏪	M16,N29,D40,A13,Z3	HAqw	captives	0.0
𓇉𓄿𓈎𓏲𓀜𓀀	M16,G1,N29,Z7,A24,A1	HAqw	plunderer	0.0
𓇉𓄿𓎼𓂻	M16,G1,W11,D54	HAg	touch (of ship on land)	0.0
𓇉𓄿𓎼𓄿𓎼𓏛	M16,G1,W11,G1,W11,Y1	HAgAg	rejoice (over)	0.0
𓇉𓄿𓅂𓋳	M16,G1,G4,S28	HAtyw	fine linen	0.0
𓇉𓅂𓅱𓋳𓏪	M16,G4,G43,S28,Z3	HAtyw	fine linen	0.0
𓇉𓄿𓍘𓇋𓍱	M16,G1,U33,M17,V6	HAtyw	fine linen	0.0
𓇉𓄿𓍘𓇋𓇲	M16,G1,U33,M17,N4	HAti	cloudiness (of sky)	0.0
𓇉𓄿𓏏𓁹	M16,G1,X1,D4	HAti	bleariness (of eyes)	0.0
𓇉𓄿𓊪𓂧	M16,G1,Q3,D46	Hpd	open (mouth)	0.0
𓇋𓄿𓏏𓄇𓇳	M17,G1,X1,F9,N5	At	momento, instante, tiempo (en general)	0.0
𓇋𓋴	M17,S29,J2	Ais	viscera	0.0
𓇋𓂋𓌗𓂡	M17,D21,T12,D40	Ar	drive away (from)	0.0
𓇋𓉔𓏲𓅪𓏥	M17,O4,Z7,G37,Z2	Ahw	misery, trouble	0.0
𓇋𓉔𓅪	M17,O4,J2,G37	Ahw	pain	0.0
𓇋𓉔𓅪	M17,O4,G37	Ahw	misery, trouble	0.0
𓇋𓉔𓁣𓏯	M17,O4,C7,Z5	Ahw	illness	0.0
𓇋𓄿𓅱𓇶	M17,G1,J1,G43,N8	Axw	sunlight, sunshine	0.0
𓇋𓄹𓄹𓄹	M17,F51,F51,F51	i	flesh	0.0
𓇋𓆰𓏥	M17,M2,Z2	i	reeds, leaves	0.0
𓇋𓏤𓆰𓏥	M17,Z1,M2,Z2	i	reeds, leaves (of reeds)	0.0
𓇋𓄿𓏏𓄦	M17,G1,X1,F37	iAt	back, spine (of man, animal)	0.0
𓇋𓄿𓏏𓄦𓄻	M17,G1,X1,F37,F51B	iAt	back, spine (of man, animal)	0.0
𓇋𓄿𓏏𓄦𓏏𓏤	M17,G1,X1,F37,X1,Z1	iAt	back, spine (of man, animal), middle (of river, lake)	0.0
𓇋𓄿𓏏𓊾	M17,G1,X1,R12	iAt	standard (for cult objects)	0.0
𓇋𓏏𓈏	M17,X1,N30	iAt	mound, ruin	0.0
𓇋𓄿𓏏𓏯𓏛𓏥	M17,G1,X1,Z5,Y1,Z2	iAt	office, function	0.0
𓇋𓄿𓅱𓏏𓊑𓏛𓏥	M17,G1,G43,X1,O44,Y1,Z2	iAwt	offices, functions	0.0
𓇋𓄿𓏏𓅐	M17,G1,X1,G14	iAt	a milk - goddess	0.0
𓇋𓄿𓅱𓀢	M17,G1,G43,A30	iAw	adoration	0.0
𓇋𓀢𓏪	M17,A30,Z3	iAw	adoration	0.0
𓇋𓄿𓀢𓏪	M17,G1,A30,Y1V,Z3	iAw	adoration	0.0
𓇋𓄿𓅱𓀢𓏛𓏥	M17,G1,G43,A30,Y1,Z2	iAw	adoration	0.0
𓇋𓄿𓄿𓈅𓏥	M17,G1,G1,N21,Z2	iAA	mounds of rubble	0.0
𓇋𓄿𓄿𓇋𓇋𓏏𓆰	M17,G1,G1,M17,M17,X1,M2	iAAyt	rod, reed, rushes	0.0
𓇋𓄿𓄿𓏏𓇣	M17,G1,G1,X1,M34	iAAyt	rod, reeds, rushes	0.0
𓇋𓄿𓄿𓏏𓌂	M17,G1,G1,X1,S42	iAAyt	rod, reeds, rushes	0.0
𓇋𓄿𓄿𓏏𓆰	M17,G1,G1,X1,M2	iAAyt	rod, reeds, rushes	0.0
𓇋𓄿𓄿𓏏𓆱	M17,G1,G1,X1,M3	iAAyt	rod, reeds, rushes	0.0
𓇋𓄿𓅱𓀗	M17,G1,G43,A19	iAwi	be aged, attain old age, old age	0.0
𓇋𓅱𓄿𓏭𓀗	M17,G43,G1,Z4,A19	iAwi	be aged, attain old age, old age	0.0
𓇋𓄿𓅱𓏏𓀗	M17,G1,G43,X1,A19	iAwt	old age	0.0
𓇋𓄿𓅱𓀗𓀀	M17,G1,G43,A19,A1	iAw	old man	0.0
𓇋𓄿𓇋𓇋𓏏𓁐	M17,G1,M17,M17,X1,B1	iAyt	old woman	0.0
𓇋𓄿𓇋𓇋𓏏𓀗𓁐	M17,G1,M17,M17,X1,A19,B1	iAyt	old  woman	0.0
𓇋𓄿𓏏𓀗	M17,G1,X1,A19	iAyt	old  woman	0.0
𓇋𓄿𓏏𓅱𓊑𓄛𓏥	M17,G1,X1,G43,O44,F27,Z2	iAwt	herds	0.0
𓇋𓄿𓃀𓏏	M17,G1,D58,X1	iAbt	the East	0.0
𓇋𓄿𓃀𓍘	M17,G1,D58,U33	iAbty	east, eastern	0.0
𓇋𓄿𓃀𓊡	M17,G1,D58,P5	iAb	the east wind	0.0
𓇋𓄿𓅓𓍢	M17,G1,G17,V1	iAm	bind (the sacrifice)	0.0
𓇋𓄿𓅓	M17,G1,G17,T30A	iAm	bind (the sacrifice)	0.0
𓇋𓄿𓅓𓌂	M17,G1,G17,S42	iAm	offer (to)	0.0
𓇋𓄿𓂋𓅱𓆰𓏥	M17,G1,D21,G43,M2,Z2	iArw	rushes (plants)	0.0
𓇋𓄿𓂋𓂋𓁼	M17,G1,D21,D21,D7	iArr	be dim, be weak (of heart)	0.0
𓇋𓄿𓂋𓂋𓁹𓅪	M17,G1,D21,D21,D4,G37	iArr	be dim (of eye), be weak (of heart)	0.0
𓇋𓄿𓂋𓂋𓏏𓇭	M17,G1,D21,D21,X1,M43	iArrt	vine	0.0
𓇋𓁹𓂋𓏏𓇭	M17,D4,D21,X1,M43	iArrt	vine	0.0
𓇋𓄿𓂋𓂋𓏏𓁺𓈒𓏥	M17,G1,D21,D21,X1,D5,N33,Z2	iArrt	grapes	0.0
𓇋𓄿𓂋𓏏𓁸	M17,G1,D21,X1,D3	iArt	lock of hair	0.0
𓇋𓄿𓅱𓇶	M17,G1,J1,G43,N8	iAxw	sunshine, radiance	0.0
𓇋𓄿𓅱𓀭	M17,G1,J1,G43,A40	iAxw	radiance (as a god)	0.0
𓇋𓄿𓋴𓀠	M17,G1,S29,A28	iAs	bald	0.0
𓇋𓋴	M17,S29,J2	iAs	bald	0.0
𓇋𓋴𓀠	M17,S29,A28	iAs	bald	0.0
𓇋𓄿𓈙𓀁	M17,G1,N37,A2	iAS	call, summon	0.0
𓇋𓅚𓈎	M17,G23,N29,A32B	iAq	leap	0.0
𓇋𓄿𓈎𓏏𓆰𓏥	M17,G1,N29,X1,M2,Z2	iAqt	leeks, vegetables	0.0
𓇋𓄿𓎡𓅱𓀗𓏪	M17,G1,V31,G43,A19,Z3	iAkw	the aged	0.0
𓇋𓄿𓎡𓏲𓀘𓈉	M17,G1,V31,Z7,A20,N25	ikw	stone-quarry	0.0
𓇋𓄿𓎡𓃀𓁸	M17,G1,V31,D58,D3	iAkb	mourning, wailings	0.0
𓇋𓀁𓎡𓃀𓁸𓀁	M17,A2,V31,D58,D3,A2	iAkb	mourning, wailings (plural)	0.0
𓇋𓄿𓎡𓃀𓇋𓇋𓁸𓏥	M17,G1,V31,D58,M17,M17,B77,D3,Z2	iAkby	mourners	0.0
𓇋𓄿𓍿𓂿𓅪	M17,G1,V13,D57,G37	iAT	be injured, be distorted, be missing, abate	0.0
𓇋𓄿𓏏𓂿	M17,G1,X1,D57	iAT	be injured, be distorted, be missing (from), abate (of fever)	0.0
𓇋𓄿𓍿𓅱𓂿𓉐𓏥	M17,G1,V13,G43,D57,O1,Z2	iATw	shambles	0.0
𓇋𓄿𓏏𓅱𓂿𓉐𓏥	M17,G1,X1,G43,D57,O1,Z2	iATw	shambles	0.0
𓇋𓄿𓏏𓅂𓉐𓏥	M17,G1,X1,G4,O1,Z2	iATw	shambles	0.0
𓇋𓄿𓏏𓅂𓂿	M17,G1,X1,G4,D57	iAtyw	mutilation	0.0
𓇋𓄿𓂧𓀔𓀀	M17,G1,D46,A17,A1	id	boy	0.0
𓇋𓄿𓂧𓅪	M17,G1,D46,G37	idw	pestilence	0.0
𓇋𓄿𓂧𓏏𓏯𓇲	M17,G1,D46,X1,Z5,N4	iAdt	dew, pouring rain, pestilence, affliction, influence	0.0
𓇋𓂧𓏏𓇲	M17,D46,X1,N4	iAdt	pouring rain	0.0
𓇋𓄿𓂧𓏏𓏯𓅪𓏥	M17,G1,D46,X1,Z5,G37,Z2	iAdt	intruders	0.0
𓇋𓄿𓂧𓏏𓏯𓈗	M17,G1,D46,X1,Z5,N35A	iAdt	influence	0.0
𓇋𓄿𓂧𓏏𓏯𓍢	M17,G1,D46,X1,Z5,V1	iAdt	net	0.0
𓇋𓄿𓂧𓏏𓈀𓈇𓏤	M17,G1,D46,X1,N18,N23,Z1	iAdt	tract (of land)	0.0
𓇋𓂝𓉵	M17,D36,O24A	ia	tomb (mastaba)	0.0
𓇋𓂝𓉵	M17,D36,O24A	ia	ascend, arise	0.0
𓇋𓂝𓈗𓂡	M17,D36,N35A,D40	iai	wash, wash out (an inscription etc)	0.0
𓇋𓂝𓅱𓈗	M17,D36,G43,N35A	iaw	washing	0.0
𓇋𓂝𓏲𓈗𓇳	M17,D36,Z7,N35A,N5	iaw	breakfast	0.0
𓇋𓂝𓅱𓈗𓂋𓏐𓏤𓏊𓏤	M17,D36,G43,N35A,D21,X2,Z1,W22,Z1	iaw  r	breakfast	0.0
𓇋𓂝𓅱𓈗𓏐𓏤𓏊𓏤	M17,D36,G43,N35A,D154,X2,Z1,W22,Z1	iaw  r	breakfast	0.0
𓇋𓂝𓅱𓈗𓂋𓏤	M17,D36,G43,N35A,D21,Z1	iaw  r	breakfast	0.0
𓇋𓂝𓂝𓅱𓂡	M17,D36,D36,G43,D40	iaaw	cover up	0.0
𓇋𓂝𓃀𓎺	M17,D36,D58,W10	iab	bowl	0.0
𓇋𓂝𓃀𓄏	M17,D36,D58,F16	iab	heap up (corn with a pitchfork)	0.0
𓇋𓂝𓎺𓃀𓏛	M17,D36,W10,D58,Y1	iab	be united, assemble, join, unite, present	0.0
𓇋𓂝𓃀𓎺	M17,D36,D58,W10,S36C	iab	assemble (of persons)	0.0
𓇋𓂝𓃀𓄏𓏛	M17,D36,D58,F16,Y1	iab	be united	0.0
𓇋𓂝𓃀𓎺	M17,D36,D58,W10	iab	be united	0.0
𓇋𓂝𓃀	M17,D36,D58,O30U	iab	be united	0.0
𓇋𓂝𓆑	M17,D36,I9	iaf	wring out, squeeze out	0.0
𓇋𓂝𓈖𓏌𓅱𓀁	M17,D36,N35,W24,G43,A2	ianw	greeting ?, woe to	0.0
𓇋𓂝𓈖𓏌𓏤𓏛	M17,D36,N35,W24,Z1,Y1	ianw	greeting	0.0
𓇋𓂝𓂋𓈐	M17,D36,D21,N31	ar	mount up	0.0
𓇋𓂝𓂋𓏏𓆗	M17,D36,D21,X1,I12	iart	uraeus	0.0
𓇋𓂝𓂋𓏏𓉐	M17,D36,D21,X1,O1	iart	abode (of god)	0.0
𓇋𓎛	M17,V28,N62,G7C	iaH	moon god	0.0
𓇋𓂝𓎛	M17,D36,V28,C114A	iaH	moon	0.0
𓇋𓂝𓎛	M17,D36,V28,N11A	iaH	moon	0.0
𓇋𓂝𓎛𓌤	M17,D36,V28,T24,N11A	iaH	moon	0.0
𓇋𓂝𓈙𓀁	M17,D36,N37,A2	aS	pilot	0.0
𓇋𓅱𓀓	M17,G43,A16	iw	hump-back ?	0.0
𓇋𓅱𓇋𓇋	M17,G43,M17,M17,P19	iwi	strand, leave boatless	0.0
𓇋𓍯𓄿𓃒	M17,V4,G1,E1	iwA	ox, long-horned cattle	0.0
𓇋𓍯𓄿𓄹	M17,V4,G1,F51	iwA	beef	0.0
𓇋𓍯𓄿𓇋𓇋𓏏𓁐	M17,V4,G1,M17,M17,X1,B1	iwAyt	female representative, substitute	0.0
𓇋𓂝𓄯	M17,D36,F44	iwaw	heir	0.0
𓇋𓂝𓇋𓇋𓏏𓀀𓏥	M17,D36,M17,M17,X1,A1,Z2	iwayt	troops	0.0
𓇋𓅱𓃀𓏏𓈀	M17,G43,D58,X1,N18	iwbt	crumb (of bread)	0.0
𓇋𓅱𓆑𓄹𓄹𓄹	M17,G43,I9,F51,F51,F51	iwf	flesh, meat	0.0
𓇋𓆑𓄹	M17,I9,F51	iwf	flesh (of man)	0.0
𓇋𓏲𓆑𓄻𓏥	M17,Z7,I9,F51B,Z2	iwf	flesh (of man)	0.0
𓇋𓆑𓄻𓏥	M17,I9,F51B,Z2	iwf	meat	0.0
𓇋𓅱𓄟𓋴𓀁	M17,G43,F31,S29,A2	iwms	misstatement	0.0
𓇋𓄟𓋴𓀁	M17,F31,S29,A2	iwms	misstatement	0.0
𓇋𓃹𓈖𓁸	M17,E34,N35,D3	iwn	complexion, colour, nature, disposition	0.0
𓇋𓃹𓈖𓄛	M17,E34,N35,F27	iwn	complexion, colour, nature, disposition	0.0
𓇋𓃹𓈖𓁸𓏛	M17,E34,N35,D3,Y1	iwn	complexion, colour, nature, disposition	0.0
𓇋𓅱𓎼𓂋𓏏𓈉	M17,G43,W11,D21,X1,N25	iwgrt	realm of the dead	0.0
𓇋𓅱𓂜𓏏	M17,G43,D35,X1	iwty	who.......not, which.......not	0.0
𓇋𓅱𓂜𓍘𓇋	M17,G43,D35,U33,M17	iwty	who.......not, which.......not	0.0
𓇋𓅱𓂜𓏏𓏏	M17,G43,D35,X1,X1	iwtt	what is not, does not exist	0.0
𓇋𓃀𓃙𓄛	M17,D58,E8,F27	ib	kid goat	0.0
𓇋𓃀𓇲𓃙	M17,D58,N4,E8	ib	kid goat	0.0
𓇋𓃀𓀁	M17,D58,A2	ibi	be thirsty, thirst after (something)	0.0
𓇋𓃀𓇋𓈗	M17,D58,M17,N35A	ibi	be thirsty, thirst after (something)	0.0
𓇋𓃀𓃙𓀁	M17,D58,E8,A2	ibi	be thirsty, thirst after (something)	0.0
𓇋𓃀𓃙𓈗𓀜	M17,D58,E8,N35A,A24	ibi	be thirsty, thirst after (something)	0.0
𓇋𓃀𓃙𓀁𓀀	M17,D58,E8,A2,A1	ib	thirsty man	0.0
𓇋𓃀𓃙𓈗𓀁𓀀	M17,D58,E8,N35A,A2,A1	ib	a thirsty man	0.0
𓇋𓃀𓃙𓏏𓈗	M17,D58,E8,X1,N35A	ibt	thirst	0.0
𓇋𓏏𓃀𓈗	M17,X1,D58,N35A	ibt	thirst	0.0
𓇋𓃀𓏏𓃔𓈗𓀁	M17,D58,X1,E3,N35A,A2	ibt	thirst	0.0
𓇋𓃀𓏏𓈗𓀁	M17,D58,X1,N35A,A2	ibt	thirst	0.0
𓇋𓃀𓏏𓃙	M17,D58,X1,E8	ibt	thirst	0.0
𓇋𓃀𓃙𓏏𓀁	M17,D58,E8,X1,A2	ibt	thirst	0.0
𓇋𓃀𓀁	M17,D58,A2	ib	think, suppose	0.0
𓇋𓃀𓃙𓀁	M17,D58,E8,A2	ib	think, suppose	0.0
𓇋𓃀𓃔𓀁	M17,D58,E3,A2	ib	think, suppose	0.0
𓇋𓃀𓉐	M17,D58,O1	ibw	refuge	0.0
𓇋𓃀𓀤	M17,D58,A32	ibA	dance	0.0
𓇋𓃀𓃙𓏡	M17,D58,E8,Y6	ibA	draughtsman	0.0
𓇋𓃀𓏡𓅱𓃲	M17,D58,Y6,G43,E28	ibAw	Barbary sheep	0.0
𓇋𓃀𓅡𓄿𓅱𓃲	M17,D58,G29,G1,G43,E28	ibAw	Barbary sheep	0.0
𓇋𓃀𓄫𓅱𓄛𓏤	M17,D58,F40,G43,F27,Z1	ibAw	Barbary sheep	0.0
𓇋𓃀𓃙𓏲𓉐	M17,D58,E8,Z7,O1	ibw	refuge, shelter	0.0
𓇋𓃀𓅱𓉐	M17,D58,G43,O1	ibw	refuge, shelter	0.0
𓇋𓃀𓉐	M17,D58,O1	ibw	refuge, shelter	0.0
𓇋𓃀𓅱𓉬	M17,D58,G43,O18	ibw	tent of purification	0.0
𓇋𓃀𓅱𓏭𓍢𓏥	M17,D58,G43,Z4,V1,Z2	ibwy	halliard of ship ?	0.0
𓇋𓃀𓅱𓍢	M17,D58,G43,V1	ibwy	halliards (of ship)	0.0
𓇋𓃀𓅱𓅱𓍢𓏥	M17,D58,G43,G43,V1,Z2	ibwy	halliards (of ship)	0.0
𓇋𓃀𓅱𓅱𓍢𓏥	M17,D58,G43,G43,V1,Z2	ibwy	halliards (of ship)	0.0
𓇋𓃀𓂋𓎯𓏋𓏥	M17,D58,D21,W1,W23,Z2	ibr	ladanum	0.0
𓇋𓃀𓃔𓇋𓏊	M17,D58,E3,M17,W22	ibr	ladanum ?	0.0
𓇋𓃀𓂋𓇋𓈒𓏥	M17,D58,D21,M17,N33,Z2	ibr	ladanum ?	0.0
𓇋𓃀𓉔𓏏𓈉	M17,D58,O4,X1,N25	ibht	Ibhet	0.0
𓇋𓃀𓉔𓄿𓏏𓈉	M17,D58,O4,G1,X1,N25	ibht	Ibhet	0.0
𓇋𓃀𓉔𓏏𓏭𓊌	M17,D58,O4,X1,Z4,O39	ibhty	Ibhet-stone	0.0
𓇋𓃀𓃔𓉔𓄿𓅱𓏏𓏭𓈒𓏥	M17,D58,E3,O4,G1,G43,X1,Z4,N33,Z2	ibhty	Ibhet stone	0.0
𓇋𓃀𓎛𓄑𓏤	M17,D58,V28,F18,Z1	ibH	tooth, tusk	0.0
𓇋𓃀𓃙𓎛𓈗𓀜	M17,D58,E8,V28,N35A,A24	ibH	stream (with liquid), be suffused (with blood)	0.0
𓇋𓃀𓃔𓎛𓈗𓄑𓏥	M17,D58,E3,V28,N35A,F18,Z2	ibH	stream (with liquid), be suffused (with blood)	0.0
𓇋𓃀𓍿𓏏𓂾	M17,D58,V13,X1,D56	ibTt	part of leg	0.0
𓇋𓃀𓃙𓎛𓅱𓈗	M17,D58,E8,V28,G43,N35A	ibHw	libationer	0.0
𓇋𓃀𓎛𓈗	M17,D58,V28,N35A	ibHw	libationer	0.0
𓇋𓃀𓋴	M17,D58,S29,S57	ibs	headdress (of king)	0.0
𓇋𓃀𓍿𓌦	M17,D58,V13,T26	ibT	bird-trap	0.0
𓇋𓃀𓏏𓌦	M17,D58,X1,T26	ibT	bird - trap	0.0
𓇋𓊪𓏛𓆓𓏏𓏤	M17,Q3,Y1,I10,X1,Z1	ip  Dt	collect one''s wits, recover one''s senses, having (his) wits about (him)	0.0
𓇋𓊪𓏏𓏛	M17,Q3,X1,Y1	ipt	census	0.0
𓇋𓊪𓅱𓏛𓏥	M17,Q3,G43,Y1,Z2	ipw	payments	0.0
𓇋𓊪𓏏𓌽	M17,Q3,X1,U9	ipt	grain-measure of 4 heqat	0.0
𓇋𓊪𓏏𓊨𓏏𓏥	M17,Q3,X1,Q1,X1,Z2	ipt  swt	Temple of Karnak	0.0
𓇋𓊪𓏏𓄛𓁐	M17,Q3,X1,F27,B1	ipt	Twelfth month (name and festival)	0.0
𓇋𓊪𓅮𓄿𓉐𓏤	M17,Q3,G40,G1,O1,Z1	ipA	private office	0.0
𓇋𓅮𓏏𓉐	M17,G40,X1,O1	ipAt	private office	0.0
𓇋𓊪𓅱𓊖	M17,Q3,G43,O49	ipw	Akhmim	0.0
𓇋𓊪𓅱	M17,Q3,G43	ipw	these	0.0
𓇋𓊪𓆑	M17,Q3,I9	ipf	those	0.0
𓇋𓊪𓎛𓃟	M17,Q3,V28,E12	ipH	swine, pigs	0.0
𓇋𓊪𓏏𓅱	M17,Q3,X1,G43	iptw	these	0.0
𓇋𓊪𓏏𓅱𓏏	M17,Q3,X1,G43,X1	iptwt	these	0.0
𓇋𓊪𓏏𓆑	M17,Q3,X1,I9	iptf	those	0.0
𓇋𓊪𓏏𓈖	M17,Q3,X1,N35	iptn	these	0.0
𓇋𓊪𓂧𓅱𓆱𓏥	M17,Q3,D46,G43,M3,Z2	ipdw	furniture	0.0
𓇋𓆑𓄹	M17,I9,F51	if	flesh	0.0
𓇋𓆑𓂧𓂢𓏥	M17,I9,D46,D41,Z2	ifd	quadruple	0.0
𓇋𓆑𓂧𓏏𓏥	M17,I9,D46,X1,Z2	ifdt	a four, quartette	0.0
𓇋𓆑𓂧𓊌	M17,I9,D46,O39	ifd	rectangular	0.0
𓇋𓆑𓂧𓊌𓋳	M17,I9,D46,O39,S28	ifd	cloth	0.0
𓇋𓆑𓂧𓏭𓂢𓋳	M17,I9,D46,Z4,D41,S28	ifdy	couch, cloth	0.0
𓇋𓆑𓂧𓏭𓂢𓍱𓆱𓏏𓏤	M17,I9,D46,Z4,D41,V6,M3,X1,Z1	ifdy	couch	0.0
𓇋𓆑𓂧𓂻	M17,I9,D46,D54	ifd	flee	0.0
𓇋𓆑𓂧𓏭𓂢𓂾𓂻	M17,I9,D46,Z4,D41,D56,D54	ifd	flee	0.0
𓇋𓅓	M17,G17,J15	im	form, shape, side	0.0
𓇋𓅓𓄻	M17,J15,G17,F51B	im	form, shape	0.0
𓇋𓅓𓀁	M17,J15,G17,A2	im	moan	0.0
𓇋𓈗𓀁	M17,J15,N35A,A2	im	moan	0.0
𓇋𓅓𓏏𓀁	M17,J15,G17,X1,A2	imt	groaning, grief	0.0
𓇋𓅓𓀁𓏥	M17,J15,G17,A2,Z2	imw	grief	0.0
𓇋𓅓𓅱𓏛𓏥	M17,J15,G17,G43,Y1,Z2	imw	grief	0.0
𓇋𓅓𓏏𓀖𓏭𓊖	M17,J15,G17,X1,A18,Z4,O49	imt	Tell el-Farun (Nebeshah)	0.0
𓇋𓅓𓏏𓎺	M17,G17,X1,W10	imt	wine of Imt	0.0
𓇋𓏏𓀖	M17,J15,X1,A18	imty	foster-child	0.0
𓇋𓅓𓈒𓏥𓏤	M17,J15,G17,N33,Z2,Z1	im	gesso ?	0.0
𓇋𓅓𓇋𓇋𓏏𓏛𓏥	M17,J15,G17,M17,M17,X1,Y1,Z2	imyt	pigment	0.0
𓇋𓇋𓈗𓈘𓈅𓏤	M17,M17,N35A,N36,N21,Z1	ym	sea	0.0
𓇋𓇋𓏲𓅓𓂝𓈗𓈘𓈇	M17,M17,Z7,G17,D36,N35A,N36,N23	ym	sea	0.0
𓇋𓏶𓄣𓏤	M17,Z11,F34,Z1	imy  ib	favourite	0.0
𓇋𓏶𓅓𓇋𓇩𓊃𓉐	M17,Z11,G17,M17,M40,O34,O1	imy  is	councillor	0.0
𓇋𓏶𓅓𓏭𓂝𓏤	M17,Z11,G17,Z4,D36,Z1	imy  a	regional officer ?	0.0
𓇋𓏏𓏶𓉐𓏤	M17,X1,Z11,O1,Z1	imy  pr	will, testament	0.0
𓇋𓏶𓅱𓏥𓈗	M17,Z11,G43,Z2,N35A	imyw  mw	aquatic animals	0.0
𓇋𓏶𓅓𓆱𓏏	M17,Z11,G17,M3,J1,X1	imy  xt	following after(of time)	0.0
𓇋𓏶𓅓𓆱𓏏	M17,Z11,G17,M3,J1,X1	imy  xt	who are in attendance on, member of the bodyguard, superintendant,	0.0
𓇋𓏶𓅓𓅱𓏪𓇾𓈇𓏤	M17,Z11,G17,G43,Z3,N16,N23,Z1	imyw  tA	snakes	0.0
𓇋𓏶𓅓𓅱𓏪𓇾𓈇𓏤𓈗	M17,Z11,G17,G43,Z3,N16,N23,Z1,N35A	imyw  tA  mw	of land and water	0.0
𓇋𓅓𓂝	M17,J15,G17,D36	imi	give !, place !, cause !	0.0
𓇋𓅓𓂜	M17,G17,D35	imi	''negatives the  verb''	0.0
𓇋𓅓𓇋𓇋	M17,G17,M17,M17	imy	belongs to (me)	0.0
𓇋𓏶𓅱𓏏𓍘𓇋	M17,Z11,G43,X1,U33,M17	imiwti	between, among	0.0
𓇋𓏶𓅱𓏏	M17,Z11,G43,X1	imiwti	among	0.0
𓇋𓏶𓏏𓅱	M17,Z11,X1,G43	imytw	between, in the midst of	0.0
𓇋𓌳𓏏𓃵	M17,U1,X1,E30	imAt	female ibex, female (of any animal)	0.0
𓇋𓌳𓆭	M17,U1,M1	imA	a type of tree	0.0
𓇋𓌳𓄿𓆭	M17,U1,G1,M1	imA	a tree	0.0
𓇋𓄿𓆭𓅓	M17,G1,M1,G17	imA	a tree	0.0
𓇋𓌳𓆭	M17,U1,M1	imA	kind, gentle, well-disposed, pleasing, be gracious, be delighted, charmed	0.0
𓇋𓄿𓅓𓆭	M17,G1,G17,M1	imA	pleasing (to)	0.0
𓇋𓄿𓌳𓆭𓅓	M17,G1,U1,M1,G17	imA	pleasing (to)	0.0
𓇋𓌳𓆭𓅓	M17,U1,M1,G17	imA	be delighted (with), charmed (with)	0.0
𓇋𓄿𓆭𓅓	M17,G1,M1,G17	imA	be delighted (with), charmed (with)	0.0
𓇋𓌳𓅓𓏏𓆭𓏛	M17,U1,G17,X1,M1,Y1	imAt	charm, kindliness, graciousness, favour	0.0
𓇋𓄿𓆭𓅓𓏏	M17,G1,M1,G17,X1	imAt	charm, kindliness, graciousness	0.0
𓇋𓄿𓆭𓅓𓏏	M17,G1,M1,G17,X1	imAt	charm, kindliness, graciousness	0.0
𓇋𓄿𓅓𓏏𓆭𓏛	M17,G1,G17,X1,M1,Y1	imAt	favour (toward someone)	0.0
𓇋𓆭𓏥𓅱𓇳	M17,M1,Z2,G43,N5	imAw	brilliance, splendour	0.0
𓇋𓆭𓅱𓉐	M17,M1,J15,G43,O1	imAw	tent	0.0
𓇋𓌳𓄿𓅓𓉐	M17,U1,G1,G17,O1	imAw	tent	0.0
𓇋𓌳𓏤	M17,U1,J1,F39A,Z1	imAx	spinal cord	0.0
𓇋𓌴𓏤	M17,U2,J1,F39A,Z1	imAx	honour, veneration, the blessed state (of being dead)	0.0
𓇋𓌳𓇋𓇋	M17,U1,F39A,J1,M17,M17	imAxy	be honoured	0.0
𓇋	M17,F39A,J1	imAxy	be honoured	0.0
𓇋𓇋𓇋	M17,F39A,J1,M17,M17	imAxy	be honoured	0.0
𓇋𓌳	M17,U1,F39A,J1	imAxy	be honoured	0.0
𓇋𓌳𓅱𓅆	M17,U1,F39A,J1,G43,G7	imAxw	revered one(of the blessed dead)	0.0
𓇋	M17,F39A,J1	imAxw	revered one (of the blessed dead)	0.0
𓇋𓌴𓇋𓇋𓏴𓏛𓀀	M17,U2,J1,M17,M17,F39A,Z9,Y1,A1	imAxyw	revered one (of the aged living)	0.0
𓇋𓌴𓏤𓇋𓇋𓏲𓀗𓀀𓏥	M17,U2,J1,F39A,Z1,M17,M17,Z7,A19,A1,Z2	imAxyw	revered one (of the aged living)	0.0
𓇋𓏏	M17,F39A,J1,X1	imAxyt	revered one (of dead woman)	0.0
𓇋𓅓𓅱𓊛	M17,J15,G17,G43,P1	imw	ship, ship-load	0.0
𓇋𓅓𓊛	M17,J15,G17,P1	imw	ship	0.0
𓇋𓆭𓅓𓏲𓊛	M17,M1,G17,Z7,P1	imw	ship	0.0
𓇋𓏠𓈖𓏏𓁐	M17,Y5,N35,X1,B1	imnt	Amaunet	0.0
𓇋𓏠𓈖	M17,Y5,N35,A4C	imn	secret, hidden, conceal, hide	0.0
𓇋𓏠𓈖𓂜	M17,Y5,N35,D35	imn	secret, hidden	0.0
𓇋𓏠𓈖𓏏	M17,Y5,N35,X1,A4C	imnt	secret	0.0
𓇋𓏠𓈖𓏌𓏲	M17,Y5,N35,W24,Z7,A4C	imnw	secret	0.0
𓇋𓏠𓈖𓏏𓉐	M17,Y5,N35,X1,O1	imnt	secret place	0.0
𓇋𓏠𓈖𓊿	M17,Y5,N35,R13	imn	right (-hand), right - side, the West	0.0
𓇋𓏠𓈖𓏏𓈉	M17,Y5,N35,X1,N25	imnt	the West	0.0
𓇋𓏠𓈖𓅂	M17,Y5,N35,G4	imntyw	Westerners	0.0
𓇋𓏠𓈖𓇋𓇋𓏏𓏛𓏥	M17,Y5,N35,M17,M17,X1,Y1,Z2	imnyt	daily offerings	0.0
𓇋𓏠𓈖𓏏𓏛𓏥	M17,Y5,N35,X1,Y1,Z2	imnyt	daily offerings	0.0
𓇋𓌻𓂋𓄔	M17,U7,D21,F21	imr	be deaf	0.0
𓇋𓎛𓏏𓉐	M17,J15,V28,X1,O1	imHt	netherworld	0.0
𓇋𓄟𓋴𓀁𓄣𓏤	M17,F31,S29,A2,F34,Z1	ims  ib	pleasant, kindly disposed	0.0
𓇋𓅓𓋴𓍘𓅆	M17,G17,J15,S29,U33,G7	imsti	Imseti (a son of Horus)	0.0
𓇋𓅓𓋴𓍘𓅆	M17,G17,S29,U33,G7	imsti	Imseti	0.0
𓇋𓅓𓋴𓏏𓅆	M17,G17,S29,X1,G7	imsti	Imseti	0.0
𓇋𓅓𓇥𓂋𓊅	M17,J15,G17,M36,D21,O36	imDr	rampart	0.0
𓇋𓏎𓈖𓏌𓅱𓀁𓏪	M17,W25,N35,W24,G43,A2,Z3	inw	pattern, model	0.0
𓇋𓆛𓈖𓏏𓆛	M17,K1,N35,X1,K1	int	the bulti-fish	0.0
𓇋𓈖𓏏𓆛	M17,N35,X1,K1	int	the bulti - fish	0.0
𓇋𓆛𓈖𓂻	M17,K1,N35,D54	ini	delay, hold (aloof)	0.0
𓇋𓆛𓈖𓂃𓏭	M17,K1,N35,D13,Z4	in	eyebrows	0.0
𓇋𓆛𓈖𓏏𓈉	M17,K1,N35,X1,N25	int	valley	0.0
𓇋𓆛𓏏𓈉	M17,K1,X1,N25	int	valley	0.0
𓇋𓆛𓈖𓍢𓏥	M17,K1,N35,V1,Z2	in	cordage (of ship)	0.0
𓇋𓆛𓈖𓈖𓍢𓏥	M17,K1,N35,N35,V1,Z2	in	cordage (of ship)	0.0
𓇋𓈖𓂝	M17,N35,D36,D147	ina	chin	0.0
𓇋𓆛𓈖𓂝𓏏𓄹	M17,K1,N35,D36,X1,F51	inat	chin	0.0
𓇋𓆛𓈖𓃀𓊅	M17,K1,N35,D58,O36	inb	wall	0.0
𓇋𓆛𓈖𓃀𓏏𓆱𓏥	M17,K1,N35,D58,X1,M3,Z2	inbt	fence, stackade	0.0
𓇋𓆛𓈖𓃀𓊅𓂡	M17,K1,N35,D58,O36,D40	inb	wall of (a place)	0.0
𓇋𓆛𓈖𓃀𓅡𓄿𓀁	M17,K1,N35,D58,G29,G1,A2	inbA	be dumb	0.0
𓇋𓈖𓊪	M17,N35,Q3,J2	inp	decay	0.0
𓇋𓈖𓊪𓅱𓀰	M17,N35,Q3,G43,A42	inpw	royal child	0.0
𓇋𓈖𓊪𓀖	M17,N35,Q3,A18	inpw	royal child	0.0
𓇋𓈖𓊪𓅱𓃢	M17,N35,Q3,G43,E15	inpw	royal child (of princess)	0.0
𓇋𓈖𓊪𓅱𓃢𓅆	M17,N35,Q3,G43,E15,G7	inpw	Anubis	0.0
𓇋𓈖𓊪𓁣	M17,N35,Q3,C7	inpw	Anubis	0.0
𓇋𓆛𓈖𓌰𓅓𓄛	M17,K1,N35,T34,G17,F27	inm	skin (of man or animal), hues (of sky), development, complexion	0.0
𓇋𓀁𓈖𓈖𓏥	M17,A2,N35,N35,Z2	inn	we	0.0
𓇋𓏌𓈖𓏥	M17,W24,N35,Z2	inn	we	0.0
𓇋𓆛𓈖𓈖𓎡𓆰𓏥	M17,K1,N35,N35,V31,M2,Z2	innk	thyme ?, water-mint ?	0.0
𓇋𓈖𓂋𓊌𓈖𓂋𓏤𓈗	M17,N35,D21,O39,N35,D21,Z1,N35A	inr  n  r  mw	sea-shell	0.0
𓇋𓀁𓈖𓂋𓇋𓇋𓏯𓀜	M17,A2,N35,D21,M17,M17,Z5,A24	inry	shudder	0.0
𓇋𓀁𓈖𓂋𓅐	M17,A2,N35,D21,G14	inry	shudder	0.0
𓇋𓏲𓈖𓂋𓏲𓏯	M17,Z7,N35,D21,Z7,Z5	inry	shudder	0.0
𓇋𓈖𓉔𓏠𓆭	M17,N35,O4,Y5,M1	inhmn	pomegranate (tree and fruit)	0.0
𓇋𓆛𓈖𓉔𓅓𓂝𓈖𓏭𓆭	M17,K1,N35,O4,G17,D36,N35,Z4,M1	inhmn	pomegranate (tree and fruit)	0.0
𓇋𓆛𓈖𓎛𓁸	M17,K1,N35,V28,D3	inH	eyebrows	0.0
𓇋𓆛𓈖𓎛𓍢𓂡	M17,K1,N35,V28,V1,D40	inH	surround, enclose, embrace	0.0
𓇋𓆛𓈖𓋴𓏏𓂾	M17,K1,N35,S29,X1,D56	inst	calf (of leg), shank, thigh, hind-leg	0.0
𓇋𓆛𓈖𓋴𓏭𓋳	M17,K1,N35,S29,Z4,S28	insy	bright-red linen	0.0
𓇋𓆛𓈖𓋴𓋳	M17,K1,N35,S29,S28	insy	bright red linen	0.0
𓇋𓆛𓈖𓊃𓏭𓋳	M17,K1,N35,O34,Z4,S28	insy	bright red linen	0.0
𓇋𓈖𓋴𓅱𓄹𓄹	M17,N35,S29,G43,F51,F51	inswy	testicles	0.0
𓇋𓆛𓈖𓈎𓂘𓂝	M17,K1,N35,N29,D32,D36	inq	unite, collect, gather together, embrace, come together	0.0
𓇋𓈖𓈎𓂘	M17,N35,N29,D32	inq	unite (the Two Lands), collect, gather together	0.0
𓇋𓆛𓈖𓈎𓂡	M17,K1,N35,N29,D40	inq	unite (the Two Lands), collect, gather together	0.0
𓇋𓆛𓈖𓈎𓂷𓂡	M17,K1,N35,N29,D51,D40	inq	unite (the Two Lands), collect, gather together	0.0
𓇋𓈖𓈎	M17,N35,N29,V110	inq	unite (the Two Lands), collect, gather together	0.0
𓇋𓆛𓈖𓏏𓏭𓂾𓂻	M17,K1,N35,X1,Z4,D56,D54	inty	hinder, linger	0.0
𓇋𓈖𓏏𓈖𓏏𓂽	M17,N35,X1,N35,X1,D55	intnt	hold back, restrain	0.0
𓇋𓆛𓈖𓍿𓍢	M17,K1,N35,V13,V1	inT	fetter	0.0
𓇋𓈖𓏏𓍢	M17,N35,X1,V1	inT	fetter	0.0
𓇋𓆛𓈖𓏏𓀜	M17,K1,N35,X1,A24	inT	fetter	0.0
𓇋𓈖𓍿𓏏𓍢	M17,N35,V13,X1,V1	inTt	fetter	0.0
𓇋𓆛𓈖𓏏𓏏𓍢	M17,K1,N35,X1,X1,V1	inTt	fetter	0.0
𓇋𓆛𓈖𓂧𓏲𓅪	M17,K1,N35,D46,Z7,G37	indw	misery	0.0
𓇋𓆛𓈖𓂧𓅪𓏫	M17,K1,N35,D46,G37,Z3A	indw	misery	0.0
𓇋𓆛𓈖𓂧𓅪𓀀	M17,K1,N35,D46,G37,A1	ind	the afflicted man	0.0
𓇋𓆛𓈖𓆓𓁣	M17,K1,N35,I10,C7	inD	be afflicted	0.0
𓇋𓆓𓏛𓁷𓏤	M17,J27,I10,Y1,D2,Z1	inD  Hr	hail to...	0.0
𓇋𓂋𓏥	M17,D21,Z2	iry	thereof, thereto	0.0
𓇋𓂋𓏭𓀺	M17,D21,Z4,A49	iry	relating to	0.0
𓇋𓂋𓉻𓂝𓉿	M17,D21,O29,D36,O31	iry  aA	door - keeper	0.0
𓇋𓂋𓏭𓀸𓉻𓉿𓀀	M17,D21,Z4,A47,O29,O31,A1	iry  aA	door - keeper	0.0
𓇋𓂋𓏭𓀺𓂋𓂧𓂾𓂾	M17,D21,Z4,A49,D21,D46,D56,D56	iry  rdwy	one in attendence on	0.0
𓇋𓂋𓏭𓀺𓄂𓏏𓏤	M17,D21,Z4,A49,F4,X1,Z1	iry  HAt	pilot	0.0
𓇋𓂋𓏭𓈞𓅓𓅱𓊦	M17,D21,Z4,N41,G17,G43,P10	iry  Hmw	helmsman	0.0
𓇋𓂋𓏭𓀺𓏤𓉐	M17,D21,Z4,A49,J18,Z1,O1	iry  sA	keeper of cattle-pens	0.0
𓇋𓂋𓀺𓋴𓌬𓅓𓏛𓀀	M17,D21,A49,S29,T32,G17,Y1,A1	iry  sSm	functionary	0.0
𓇋𓀺𓂋𓏏𓏛𓍲𓈖𓃀𓏏𓄹	M17,A49,D21,X1,Y1,V7,N35,D58,X1,F51	irt  Snbt	pectoral	0.0
𓇋𓂋𓏏𓀸	M17,D21,X1,A47	irit	(female) companion	0.0
𓇋𓂋𓏏𓀺𓏛	M17,D21,X1,A49,Y1	irt	duty, use, purpose	0.0
𓇋𓁹𓏏𓀸	M17,D4,X1,A47	irt	duty (of someone)	0.0
𓇋𓂋𓏏𓏛	M17,D21,X1,Y1	irt	duty (of someone)	0.0
𓇋𓂋𓀀𓀺𓏪	M17,D21,A1,A49,Z3	iryw	crew (of boat)	0.0
𓇋𓂋𓌗𓂡	M17,D21,T12,D40	Ar	drive away	0.0
𓇋𓁹𓅱𓀾𓏤	M17,D4,G43,A53,Z1	irw	shape, form, nature	0.0
𓇋𓁹𓂋𓅱𓃒	M17,D4,D21,G43,E1	irw	cattle-tax	0.0
𓇋𓁹𓇋𓇋𓏏	M17,D4,M17,M17,X1,E92	iryt	milch-cow	0.0
𓇋𓁹𓇋𓇋𓏏𓌽	M17,D4,M17,M17,X1,U9	iryt	tax-corn	0.0
𓇋𓁹𓂋𓏏	M17,D4,D21,X1,M43A	iArrt	vine	0.0
𓇋𓂋𓊪𓏊𓏥	M17,D21,Q3,W22,Z2	irp	wine	0.0
𓇋𓂋𓊪𓇭	M17,D21,Q3,M43	irp	wine	0.0
𓇋𓂋𓊪𓏉	M17,D21,Q3,W21	irp	wine	0.0
𓇋𓁹𓏏𓅂𓈒𓏥	M17,D4,X1,G4,N33,Z2	irtyw	blue, colour, blue mineral ?	0.0
𓇋𓁹𓅂𓈒𓏥	M17,D4,G4,N33,Z2	irtyw	blue, colour, a blue mineral	0.0
𓇋𓁹𓅂𓋳	M17,D4,G4,S28	irtyw	blue-dyed linen	0.0
𓇋𓁹𓅂𓀁𓏪	M17,D4,G4,A2,Z3	irtyw	mourning	0.0
𓇋𓂋𓏏𓏏𓏈	M17,D21,X1,X1,W20	irTt	milk	0.0
𓇋𓁹𓏏𓏏𓏊	M17,D4,X1,X1,W22	irTt	milk	0.0
𓇋𓀁𓇋𓇋𓉔𓇋𓇋𓀁	M17,A2,M17,M17,O4,M17,M17,A2	yhy	Oho !	0.0
𓇋𓉔𓇋	M17,O4,M17	yhy	Oho !	0.0
𓇋𓉔𓅱𓉐	M17,O4,G43,O1	ihw	camp	0.0
𓇋𓉔𓃀𓀤	M17,O4,D58,A32	ihb	dancing ritual	0.0
𓇋𓉔𓄿𓃀𓀤	M17,O4,G1,D58,A32	ihb	dancing ritual	0.0
𓇋𓉔𓃀𓅱𓀤𓏪	M17,O4,D58,G43,A32,Z3	ihbw	ritual dancers	0.0
𓇋𓉔𓄿𓃀𓅱𓀔𓂻𓏥	M17,O4,G1,D58,G43,A17,D54,Z2	ihbw	ritual dancers	0.0
𓇋𓉔𓅓𓀜	M17,O4,G17,A24	ihm	restrain	0.0
𓇋𓉔𓅐𓏏𓅪	M17,O4,G14,X1,G37	ihmt	detention	0.0
𓇋𓉔𓅓𓂻	M17,O4,G17,D54	ihm	linger, lag	0.0
𓇋𓉔𓉔𓇋𓇋𓀁	M17,O4,O4,M17,M17,A2	ihhy	rejoicing	0.0
𓇋𓀁𓉔𓉔𓇋𓇋𓀠	M17,A2,O4,O4,M17,M17,A28	ihhy	rejoicing	0.0
𓇋𓀁𓉔𓉔𓇋𓇋𓎱𓏥	M17,A2,O4,O4,M17,M17,W3,Z2	ihhy	a festival	0.0
𓇋𓎛𓃾	M17,V28,F1	iH	bull	0.0
𓇋𓎛𓏏𓃒	M17,V28,X1,E1	iHt	cow	0.0
𓇋𓎛𓂸𓈟𓏏	M17,V28,D52,N42,X1,E1A	iHt	cow	0.0
𓇋𓎛𓀁	M17,V28,A2	iH	Ah !	0.0
𓇋𓇋𓎛𓂻	M17,M17,V28,D54	yH	Hey !	0.0
𓇋𓎛𓄿𓂡	M17,V28,G1,D40	aHA	fight	0.0
𓇋𓎛𓇋𓇋	M17,V28,M17,M17,A239	iHy	sistrum-player	0.0
𓇋𓎛	M17,V28,A239	iHy	sistrum player	0.0
𓇋𓎛𓏭𓅱	M17,V28,Z4,G43	iHy	sistrum player	0.0
𓇋𓎛𓅱𓉐	M17,V28,G43,O1	iHw	stable (for animals)	0.0
𓇋𓎛𓅱	M17,V28,G43	iHw	a measure of metal	0.0
𓇋𓎛𓅱𓅪	M17,V28,G43,G37	iHw	weakness	0.0
𓇋𓎛𓅱𓏏𓏤𓏤𓀀	M17,V28,G43,X1,Z1,Z1,A1	aHwty	cultivator	0.0
𓇋𓈞𓊃𓀔	M17,N41,O34,A17	iHms	attendant	0.0
𓇋𓎛𓏏𓏏𓈇	M17,V28,X1,X1,N23	iHtt	land-tax	0.0
𓇋𓏛	M17,J1,Y1	ix	then, therefore, what ?	0.0
𓇋𓇋𓇇𓂡𓏥	M17,J1,M17,M15,D40,Z2	ixi	make to flourish	0.0
𓇋𓅓𓏏𓈉	M17,J1,G17,X1,N25	ixmt	bank (of river)	0.0
𓇋𓅐𓏏𓈇𓏤	M17,J1,G14,X1,N23,Z1	ixmt	bank (of river)	0.0
𓇋𓅓𓂜	M17,J1,G17,D35	ixm	extinguish, annul	0.0
𓇋𓅓𓅪𓏥	M17,J1,G17,G37,Z2	ixmw	ignorant ones	0.0
𓇋𓅓𓏥𓀉	M17,J1,G17,Z2,A7	ixmw	unwearying	0.0
𓇋𓂜𓏥𓅨𓂋𓂧𓇼𓏥	M17,J1,J15,D35,Z2,G36,D21,D46,A7A,N14,Z2	ixmw  wrD	the unwearying stars	0.0
𓇋𓅓𓂜𓋴𓎡𓇼	M17,J1,G17,D35,S29,V31,N14	ixm  sk	the indestructible star (the circumpolar star)	0.0
𓇋𓅓𓋴𓎝𓎡𓇼	M17,J1,G17,S29,V29,V31,N14	ixm  sk	indestructible star (the circumpolar)	0.0
𓇋𓅱𓅓𓂜𓏥𓋴𓎝𓎡𓇼𓏥	M17,G43,J1,G17,D35,Z2,S29,V29,V31,N14,Z2	ixmw  skw	indestructible stars	0.0
𓇋𓅱𓇶	M17,J1,J1,G43,N8	ixxw	twilight, dusk	0.0
𓇋𓅱𓇰𓏥	M17,J1,J1,G43,N2,Z2	ixxw	twilight, dusk	0.0
𓇋𓅱𓇰𓏥	M17,G43,J1,J1,N2,Z2	ixxw	twilight, dusk	0.0
𓇋𓊃𓏏𓇤	M17,O34,X1,M35	ist	boundary-stone, landmark	0.0
𓇋𓇩𓊃𓉐	M17,M40,O34,O1	is	tomb, council-chamber, workshop, archive	0.0
𓇋𓇩𓋴𓉐	M17,M40,S29,O1	is	tomb, council chamber, archive, workshop,	0.0
𓇋𓇩𓋴𓏭𓉐	M17,M40,S29,Z4,O1	isi	tomb, council chamber, archive, workshop,	0.0
𓇋𓇩𓊃𓉐𓏤	M17,M40,O34,O194A,O1,Z1	is	tomb, council chamber, archive, workshop,	0.0
𓇋𓋴𓄯𓏲𓏏𓏥𓄹	M17,S29,F44,Z7,X1,D283,Z2,F51	iswy	testicles	0.0
𓇋𓇩𓊃𓆰	M17,M40,O34,M2	is	be light (of weight), lie light	0.0
𓇋𓇩𓋴𓆰	M17,M40,S29,M2	is	lie light (on)	0.0
𓇋𓇩𓊃𓆰𓄣𓏤	M17,M40,O34,M2,F34,Z1	is  ib	light - minded	0.0
𓇋𓇩𓏏𓆰	M17,M40,X1,M2	ist	lightness (of tongue)	0.0
𓇋𓋴𓀠	M17,S29,A28	iAs	bald	0.0
𓇋𓇩𓋴𓆰𓏛	M17,M40,S29,M2,Y1	is	old, ancient	0.0
𓇋𓋴𓇑	M17,S29,M22	is	old, ancient	0.0
𓇋𓋴𓅱𓏪	M17,S29,G43,Z3	isw	ancient ones	0.0
𓇋𓋴𓅱𓏏𓆰	M17,S29,G43,X1,M2	iswt	ancient  times	0.0
𓇋𓇩𓋴𓅱𓏏𓆰𓏛𓏥	M17,M40,S29,G43,X1,M2,Y1,Z2	iswt	ancient  times	0.0
𓇋𓇩𓋴𓇋𓇋𓏲𓏏𓆰𓏥𓍱	M17,M40,S29,M17,M17,Z7,X1,M2,Z2,V6	isywt	old clothes, rags	0.0
𓇋𓇩𓋴𓏲𓆰𓏥	M17,M40,S29,Z7,M2,Z2	isw	reeds	0.0
𓇋𓋴𓏲𓀁	M17,S29,Z7,A2	isw	non-part\u00edcula encl\u00edtica	0.0
𓇋𓇩𓋴𓄯𓅱	M17,M40,S29,F44,G43	isw	reward	0.0
𓇋𓇩𓋴	M17,M40,S29,F147	isw	reward	0.0
𓇋𓇩𓋴𓅱𓏛𓏥	M17,M40,S29,G43,Y1,Z2	isw	reward	0.0
𓇋𓋴𓅱𓄯𓏛𓏥	M17,S29,G43,F44,Y1,Z2	isw	reward	0.0
𓇋𓇩𓋴𓅱𓆰𓏛𓏥	M17,M40,S29,G43,M2,Y1,Z2	isw	reward	0.0
𓇋𓋴𓃀𓏏𓉐	M17,S29,D58,X1,O1	isbt	throne	0.0
𓇋𓋴𓃀𓏏	M17,S29,D58,X1,Q12	isbt	throne, stool	0.0
𓇋𓋴𓃀𓏏𓆱	M17,S29,D58,X1,M3	isbt	stool	0.0
𓇋𓋴𓊪𓌪	M17,S29,Q3,T30	isp	hew, cut	0.0
𓇋𓋴𓊪𓏏𓆱	M17,S29,Q3,X1,M3	ispt	quiver (for arrows)	0.0
𓇋𓋴𓊪𓏏𓄛	M17,S29,Q3,X1,F27	ispt	quiver (for arrows)	0.0
𓇋𓋴𓊪𓏏𓅱	M17,S29,Q3,X1,G43,T65	ispt	quiver (for arrows)	0.0
𓇋𓋴𓊪𓂋𓏤	M17,S29,Q3,D21,Z1	ispr	whip	0.0
𓇋𓊃𓆑𓏏𓏳	M17,O34,I9,X1,Z8	isft	wrong, wrong doing, falsehood	0.0
𓇋𓋴𓆑𓏏𓏭𓅪𓀀	M17,S29,I9,X1,Z4,G37,A1	isfty	evil-doer	0.0
𓇋𓊃𓂋	M17,O34,D21,M46	isr	tamarisk tree	0.0
𓇋𓋴𓂋𓆱	M17,S29,D21,M3	isr	tamarisk	0.0
𓇋𓋴𓂋𓆭𓆱	M17,S29,D21,M1,M3	isr	tamarisk	0.0
𓇋𓋴𓇓𓅱𓂋𓏤	M17,S29,M23,G43,D21,Z1	issr	Assyria	0.0
𓇋𓋴𓈎𓂻	M17,S29,N29,D54	isq	hinder, linger, wait (for)	0.0
𓇋𓋴𓈎𓂾𓂻	M17,S29,N29,D56,D54	isq	linger	0.0
𓇋𓋴𓎡	M17,S29,V31	isk	non-eclitic particle	0.0
𓇋𓋴𓏏𓈖𓏲𓂡	M17,S29,X1,N35,Z7,D40	istn	strap up, bind	0.0
𓇋𓈙𓀁	M17,N37,A2	iS	saliva	0.0
𓇋𓈙𓏏𓏴𓏛𓏥	M17,N37,X1,Z9,Y1,Z2	iSt	possessions, (morning) meal	0.0
𓇋𓈙𓏏𓏥	M17,N37,X1,Z2	iSt	possessions, (morning) meal	0.0
𓇋𓈙𓏏𓈒𓏥	M17,N37,X1,N33,Z2	iSt	possessions, (morning) meal	0.0
𓇋𓍲𓈖𓈖𓀁	M17,V7,N35,N35,A2	iSnn	warcry	0.0
𓇋𓈙𓃭𓊖	M17,N37,E23,O49	iSrw	the precinct of Mut at Karnak ,  water meadow	0.0
𓇋𓍱𓈙𓋴𓏏	M17,V6,N37,S29,X1	iSst	what ?, wherefore ?	0.0
𓇋𓍱𓊃𓏏𓀁	M17,V6,O34,X1,A2	iSst	what ?	0.0
𓇋𓈙𓂧𓆭	M17,N37,D46,M1	iSd	Balanos, Ished tree, fruit of the ished tree	0.0
𓇋𓈙𓂧	M17,N37,D46,M39B	iSd	fruit of the Ished tree	0.0
𓇋𓈙𓂧𓏏	M17,N37,D46,X1,M43A	iSd	Ished tree	0.0
𓇋𓈙𓂧𓂧𓈒𓈒𓈒	M17,N37,D46,D46,N33,N33,N33	iSdd	sweat	0.0
𓇋𓈎𓂋𓏛𓀀	M17,N29,D21,Y1,A1	iqr	a trustworthy man, wiseacre	0.0
𓇋𓈎𓎛𓅱𓌏	M17,N29,V28,G43,T7A	iqHw	battle-axe	0.0
𓇋𓂧𓂂𓅱𓀨	M17,J28,D46,D12,G43,A35	iqdw	builder	0.0
𓇋𓀁𓎡𓅱𓈉	M17,A2,V31,G43,A21A,N25	ikw	stone-quarry	0.0
𓇋𓎡𓀗	M17,V31,A19	iky	quarryman	0.0
𓇋𓀁𓎡𓃀𓁸𓀁	M17,A2,V31,D58,D3,A2	iAkb	mourning	0.0
𓇋𓆎𓅓𓄛𓏤	M17,I6,G17,F27,Z1	ikm	shield	0.0
𓇋𓎡𓅓𓄛	M17,V31,G17,F27	ikm	shield	0.0
𓇋𓎡𓈖𓎺	M17,V31,N35,W10	ikn	cup, jar	0.0
𓇋𓂓𓈖𓄿	M17,D28,N35,G1,W112A	ikn	jar	0.0
𓇋𓎡𓈖𓀜	M17,V31,N35,A24	ikn	draw (water from well etc)	0.0
𓇋𓀁𓎡𓈖𓏌𓅱𓆱	M17,A2,V31,N35,W24,G43,M3	iknw	hoe	0.0
𓇋𓎡𓎡𓅱𓀀	M17,V31,V31,G43,A1	ikkw	councillors ?	0.0
𓇋𓎼𓊪𓇲	M17,W11,Q3,N4	igp	clouds, be overcast, soar cloudwards	0.0
𓇋𓎼𓂋	M17,W11,D21	igr	also, further / anymore (after negatives)	0.0
𓇋𓎼𓂋𓏏	M17,W11,D21,X1	igrt	moreover, now	0.0
𓇋𓎼𓂋𓏏𓈉	M17,W11,D21,X1,N25	igrt	realm of the dead	0.0
𓇋𓅱𓎼𓂋𓏏𓈉	M17,G43,W11,D21,X1,N25	igrt	realm of the dead	0.0
𓇋𓏏𓇠	M17,X1,M33	it	barley, corn	0.0
𓇋𓏏𓅆	M17,X1,G7	ity	sovereign	0.0
𓇋𓍘𓅱𓅆	M17,U33,G43,G7	ity	sovereign	0.0
𓇋𓍘𓇋𓇋	M17,U33,M17,M17,A304	ity	sovereign	0.0
𓇋𓀁𓍘𓇋𓇋𓀭	M17,A2,U33,M17,M17,A40	ity	sovereign	0.0
𓇋𓍘𓇋𓇋𓏏𓀛	M17,U33,M17,M17,X1,A23	ityt	queen-regnant	0.0
𓇋𓍘𓏏𓏏𓆼𓏤𓏥𓆗	M17,U33,X1,X1,M12,Z1,Z2,I12	ityt  xAw	queen of thousands	0.0
𓇋𓏏𓂞𓀭	M17,X1,D37,A40	itmw	Atum	0.0
𓇋𓍃𓅓𓏲𓅪𓏥	M17,U15,G17,Z7,G37,Z2	itmw	suffocation	0.0
𓇋𓍿𓈖𓏏𓇳	M17,V13,N35,X1,N5	itnt	solar goddess	0.0
𓇋𓏏𓈖𓂉𓀜	M17,X1,N35,D19,A24	itn	be in apposition, oppose	0.0
𓇋𓏏𓈖𓀜	M17,X1,N35,A24	itn	oppose	0.0
𓇋𓏏𓈖𓏌𓏲𓀜	M17,X1,N35,W24,Z7,A24	itnw	opponent	0.0
𓇋𓍿𓈖𓏌𓅱𓂡	M17,V13,N35,W24,G43,D40,A13B	itnw	opponent	0.0
𓇋𓏏𓈖𓏌𓅱𓂉𓏛	M17,X1,N35,W24,G43,D19,Y1	itnw	secret, mystery	0.0
𓇋𓏏𓏌𓅱𓏛	M17,X1,W24,G43,Y1	itnw	secret, mystery	0.0
𓇋𓏏𓂋𓏏𓉐	M17,X1,D21,X1,O1	itrt	row (of men, of shrubs)	0.0
𓇋𓏏𓂋𓏏	M17,X1,D21,X1,O157	itrt	conclave (of Upper Egypt)	0.0
𓇋𓏏𓂋𓏏𓉯	M17,X1,D21,X1,O20	itrt	conclave (of Lower Egypt)	0.0
𓇋𓏏𓂋𓏏𓊀	M17,X1,D21,X1,O32	itrt	chapel, niche, box	0.0
𓇋𓏏𓂋𓅱𓈘	M17,X1,D21,G43,N36	itrw	river	0.0
𓇋𓏏𓂋𓈘	M17,X1,D21,N36	itrw	river	0.0
𓇋𓏏𓂋𓅱𓈙𓏥	M17,X1,D21,G43,N37,Z2	itrw	river	0.0
𓇋𓏏𓂋𓏲𓈘𓈇𓏤	M17,X1,D21,Z7,N36,N23,Z1	itrw	river	0.0
𓇋𓏏𓂋𓃭𓈘𓈅𓏤	M17,X1,D21,E23,N36,N21,Z1	itrw	river	0.0
𓇋𓏏𓂋𓇋𓇋𓈗𓈘𓈇	M17,X1,D21,M17,M17,N35A,N36,N23	itrw	river	0.0
𓇋𓏏𓂋𓈘𓈗	M17,X1,D21,N36,N35A	itrw	river	0.0
𓇋𓏏𓏲𓂋𓈗𓈘𓈇𓏤	M17,X1,Z7,D21,N35A,N36,N23,Z1	itrw	river	0.0
𓇋𓏏𓂋𓅱𓈗𓈘𓈅𓏤	M17,X1,D21,G43,N35A,N36,N21,Z1	itrw	measure of length,	0.0
𓇋𓏏𓂋𓅱𓆳𓆳𓆳𓇳𓇳𓇳	M17,X1,D21,G43,M4,M4,M4,N5,N5,N5	itrw	seasons	0.0
𓇋𓏏𓂋𓅱𓆵	M17,X1,D21,G43,M6	itrw	seasons	0.0
𓇋𓍿𓂋𓅱	M17,V13,D21,G43,M5B	itrw	seasons	0.0
𓇋𓏏𓎛𓀜	M17,X1,V28,A24	itH	drag, draw, pull off, pull out, draw off, draw out	0.0
𓇋𓏏𓎛𓍢𓂡	M17,X1,V28,V1,D40	itH	drag	0.0
𓇋𓏏𓎛𓍕	M17,X1,V28,U31	itH	pull out (eye)	0.0
𓇋𓏏𓎛𓍕𓉐	M17,X1,V28,U31,O1	itH	fortress	0.0
𓇋𓏏	M17,X1,J1	atx	strain	0.0
𓇋𓏏𓏏𓅯	M17,X1,X1,G41	iTT	fly up	0.0
𓇋𓅷𓄿𓀜	M17,G47,G1,A24	iTA	steal	0.0
𓇋𓅷𓄿𓀜𓀀	M17,G47,G1,A24,A1	iTA	thief	0.0
𓇋𓍿𓈖𓏌𓅱𓂡𓀏	M17,V13,N35,W24,G43,D40,A13	itnw	opponent	0.0
𓇋𓍿𓍿𓅮	M17,V13,V13,G40	iTT	fly up	0.0
𓇋𓏏𓏏𓅯	M17,X1,X1,G41	iTT	fly up	0.0
𓇋𓂧𓀔	M17,D46,A17	id	boy	0.0
𓇋𓄿𓂧𓀕𓀀	M17,G1,D46,A17A,A1	id	boy	0.0
𓇋𓂧𓇋𓇋𓏏𓀔	M17,D46,M17,M17,X1,A17	idyt	girl	0.0
𓇋𓂧𓄔	M17,D46,F21	idi	be deaf	0.0
𓇋𓂧𓏏𓇲	M17,D46,X1,N4	idt	censing, incense-burning, sweet savour, fragrance, influence	0.0
𓇋𓂨𓏏	M17,D46A,X1	idt	censing, incense - burning	0.0
𓇋𓂧𓀜	M17,D46,A24	id	assault	0.0
𓇋𓂧𓏏𓀜	M17,D46,X1,A24	idt	wrath ?	0.0
𓇋𓂧𓃾	M17,D46,H25,F1	id	bull	0.0
𓇋𓂧𓄿	M17,D46,G1	idA	smooth	0.0
𓇋𓂧𓅱𓇯	M17,D46,G43,N1	idw	pestilence	0.0
𓇋𓄿𓂧𓂡	M17,G1,D46,F37J,D40	idw	pestilence	0.0
𓇋𓂧𓏲𓇲	M17,D46,Z7,N4	idw	pestilence	0.0
𓇋𓄿𓂧𓅪	M17,G1,D46,G37	idw	pestilence	0.0
𓇋𓂧𓃀	M17,D46,D58,N21A	idb	river-bank, riparian land, shore (of flood)	0.0
𓇋𓂧𓏇𓇋𓋳	M17,D46,W19,M17,S28	idmi	red linen	0.0
𓇋𓂧𓈖𓄔𓏛	M17,D46,N35,F21,Y1	idn	serve instead of, replace,	0.0
𓇋𓂧𓈖𓎆	M17,D46,N35,V20	idn	serve instead of, replace	0.0
𓇋𓂧𓈖𓄔𓂡	M17,D46,N35,F21,D40	idn	govern, serve as lieutenant-commander	0.0
𓇋𓂧𓈖𓄔𓂡	M17,D46,N35,F21,D40	idn	govern	0.0
𓇋𓂧𓈖	M17,D46,N35,F143	idn	lay out (enclosures) ?	0.0
𓇋𓂧𓂋𓎩𓃒𓏥	M17,D46,D21,V37,E1,Z2	idr	herd (of animals)	0.0
𓇋𓂧𓂋𓄔	M17,D46,D21,F21	idr	stitch, stitching	0.0
𓇋𓂧𓄔	M17,D46,F21	idr	stitch, stitching	0.0
𓇋𓂧𓎩	M17,D46,V37	idr	withhold	0.0
𓇋𓂧𓂋𓅱𓄹𓏥	M17,D46,D21,G43,F51,Z2	idrw	nerves, tendons	0.0
𓇋𓂧𓂋𓇋𓇋𓏏𓄔𓏝𓏥	M17,D46,D21,M17,M17,X1,F21,Y2,Z2	idryt	punishment	0.0
𓇋𓂧𓎛𓅱𓈇	M17,D46,V28,G43,N23	idHw	the Delta marshes	0.0
𓇋𓂧𓎛𓅱𓊖	M17,D46,V28,G43,O49	idHw	the Delta marshes	0.0
𓇋𓂧𓎛𓅱𓇇𓆰𓊖	M17,D46,V28,G43,M15,M2,O49	idHw	the Delta marshes	0.0
𓇋𓂧𓎛𓇋𓇋𓇇𓀀	M17,D46,V28,M17,M17,M15,A1	idHy	marsh-man	0.0
𓇋𓂧𓎛𓇋𓇋𓇇𓊖𓀀	M17,D46,V28,M17,M17,M15,O49,A1	idHy	marsh - man	0.0
𓇋𓂧𓎛𓅱𓅹𓉐	M17,D46,V28,G43,G49,O1	idHw	marsh - nest	0.0
𓇋𓇥𓂋𓏏𓉐	M17,M36,D21,X1,O1	iDrt	hall ?	0.0
𓇋𓍯𓄿𓀜	M17,V4,G1,A24	awAi	steal (goods), rob (someone)	0.0
𓇋𓃀𓎛𓂝	M17,D58,V28,D36	abH	fill up	0.0
𓇋𓂝𓂋𓈐	M17,D36,D21,N31	ar	mount up, ascend	0.0
𓇋𓎛𓍢	M17,V28,V1	aH	rope	0.0
𓇋𓎛𓌤	M17,V28,T24	aH	entrap, snare	0.0
𓇋𓎛	M17,V28,T24E	aH	entrap, snare	0.0
𓇋𓎛	M17,V28,T24E	aH	wipe off, wipe away	0.0
𓇋𓎛𓅱𓏏𓏮𓀀	M17,V28,G43,X1,Z4A,A1	aHwty	cultivator	0.0
𓇋𓎛𓄿𓂝	M17,V28,G1,D36	aHA	fight	0.0
𓇋𓂝𓈙𓀁𓄂𓏏	M17,D36,N37,A2,F4,X1	aS  HAt	act as pilot	0.0
𓇋𓂝𓈙𓀁	M17,D36,N37,A2	aS	act as pilot	0.0
𓇋𓏏	M17,X1,J1	atx	strain (mash etc)	0.0
𓇋𓄋𓊪𓏏𓏝𓅆	M17,F13,Q3,X1,Y2,G7	wpwty	messenger, agent, commissioner, bystander	0.0
𓇋𓊪𓄋𓅱𓍘𓅆	M17,Q3,F13,G43,U33,G7	wpwty	messenger, agent, commissioner, bystander	0.0
𓇋𓈖𓅓𓂝	M17,N35,G17,D36	in   m	who ?	0.0
𓇋𓂋𓏤𓏛𓏤	M17,D21,Z1,Y1,Z1	iry  mDAt	letter carrier	0.0
𓇋𓈖𓎡𓅪𓀀	M17,N35,V31,G37,A1	nik	evil doer	0.0
𓇋𓋔𓇋𓅱𓊸𓅡𓏤𓆱	M17,S3,M17,G43,R7,G29,Z1,M3	nbA	carrying pole	0.0
𓇋𓊄𓇉𓈎𓂡	M17,O35,M16,N29,D40	is  HAq	easy prey	0.0
𓇋𓂋𓏭𓈞𓅓𓏲𓊦	M17,D21,Z4,N41,G17,Z7,P10	iry  Hmw	helmsman	0.0
𓇋𓏏	M17,J1,X1	ixt	things, offerings, possessions, property, matter, affair, something, anything	0.0
𓇋𓅱𓅓𓂜	M17,G43,J1,G17,D35	iwxm	know not, be ignorant of	0.0
𓇋𓂋𓀒	M17,J1,D21,A15	xr	and, further	0.0
𓇋𓏶𓅱𓏥𓄡𓏏𓏤	M17,Z11,G43,Z2,F32,X1,Z1	imyw  Xt	thoughts	0.0
𓇋𓊃𓅭𓄿	M17,O34,G39,G1	sA	betake oneself (to)	0.0
𓇋𓋴𓊪𓏛	M17,S29,Q3,Y1	sip	inspection	0.0
𓇋𓎼𓂋𓏏	M17,W11,D21,X1	grt	either	0.0
𓇋𓎼𓂋	M17,W11,D21	grw	also, further, any more	0.0
𓇋𓏏𓂇	M17,X1,D17	tit	image, form, shape, figure, design, (written) sign	0.0
𓇋𓏏𓂋𓇳	M17,X1,D21,N5	tr	time, season	0.0
𓇋𓏏𓂋𓆵𓇳𓏥	M17,X1,D21,M6,N5,Z2	trw	seasons	0.0
𓇋𓅱𓏏𓂋𓅱𓆵𓇳𓏥	M17,G43,X1,D21,G43,M6,N5,Z2	trw	seasons	0.0
𓇍𓇋𓂻𓅱𓏭	M18,M17,D54,G43,Z4	iiw	welcome	0.0
𓇍𓇋𓏭𓂻𓍘𓇋	M18,M17,Z4,D54,U33,M17	ii	welcome	0.0
𓇍𓇋𓂻𓅓𓊵𓏏𓊪	M18,M17,D54,G17,R4,X1,Q3	ii  m  Htp	come in peace, return safely	0.0
𓇍𓏭𓂻	M18,Z4,D54	ii	come, return	0.0
𓇍𓇋𓏭𓂻	M18,M17,Z4,D54	ii	come, return	0.0
𓇍𓇋𓇋𓏏𓅪𓏥	M18,M17,M17,X1,G37,Z2	iyt	mishap, trouble, harm, wrong	0.0
𓇍𓇋𓇋𓏏𓅪	M18,M17,M17,X1,G37	iyt	mishap, trouble, harm, a wrong (which is done)	0.0
𓇍𓇋𓇋𓏏𓂻𓅪𓏥	M18,M17,M17,X1,D54,G37,Z2	iyt	mishap, trouble, harm, a wrong (which is done)	0.0
𓇎𓏏𓏛𓏥	M19,X1,Y1,Z2	aAbt	offerings	0.0
𓆰𓏏𓏭	M2,X1,Z4	aHwty	cultivator	0.0
𓇏𓏏𓏤𓁐	M20,X1,Z1,B1	sxt	the Fen goddess	0.0
𓇏𓏏𓏭𓀀	M20,X1,Z4,A1	sxty	peasant, fisherman, fowler	0.0
𓇏𓅂𓃒𓈓	M20,G4,E1,N33A	sxtyw	class of Cattle	0.0
𓇐𓅓𓆰	M21,G17,M2	smw	pastures, plants, herbage, vegetables, herb	0.0
𓇑𓇑𓈖𓇋𓇋𓀉	M22,M22,N35,M17,M17,A7	nny	be weary, inert, drag (of foot), dribble (of fluid), settle (of flood-waters)	0.0
𓇑𓇑𓈖𓈖𓀉	M22,M22,N35,N35,A7	nny	be weary, inert, drag (of foot), dribble (of fluid), settle (of flood-waters)	0.0
𓇑𓇑𓈖𓈖𓏌𓏲𓀉	M22,M22,N35,N35,W24,Z7,A7	nnw	weariness, inertness (of the dead)	0.0
𓇑𓇑𓏌𓅱𓀉𓏥	M22,M22,W24,G43,A7,Z2	nnw	weariness, inertness (of the dead)	0.0
𓇑𓇑𓈖𓈖𓇋𓇋𓏲𓀉𓏱𓏥	M22,M22,N35,N35,M17,M17,Z7,A7,Z6,Z2	nnyw	inert ones (the Dead)	0.0
𓇑𓇑𓈖𓏌𓏲𓀉𓀀𓏥	M22,M22,N35,W24,Z7,A7,A1,Z2	nnyw	inert ones (the Dead)	0.0
𓇑𓇑𓈖𓏏𓇳	M22,M22,N35,X1,N5,N50	nnt	lower heaven	0.0
𓇑𓇑𓊖	M22,M22,O49,N50	nnt	lower heaven	0.0
𓇑𓇑𓈖𓈖𓌰𓅓𓅪	M22,M22,N35,N35,T34,G17,G37	nnm	err, go wrong (of plans), error	0.0
𓇑𓇑𓈝𓄹	M22,M22,N40,F51	nnSm	spleen	0.0
𓇑𓃀𓏌𓊖	M22,D58,W24,O49	nxb	El Kab	0.0
𓇑𓊖𓃀	M22,O49,D58	nxb	El Kab	0.0
𓇑𓃀𓏌𓏏	M22,D58,W24,X1,G16A	nxbt	Nekhbet (goddess)	0.0
𓇑𓏏𓃀	M22,X1,D58	nxbt	Nekhbet (goddess)	0.0
	M222,X6B	wAD      (pr  wAD ?)	an offering loaf	0.0
	M222	wAD      (pr  wAD ?)	an offering loaf	0.0
𓇓𓏏𓈖𓂝𓈖𓏞𓀀	M23,X1,N35,D36,N35,Y3,A1	sS  a  n  nsw	king''s record scribe	0.0
𓇓𓏏𓈖𓉐𓏤	M23,X1,N35,O1,Z1	pr  nsw	King''s Palace, Court, Temple, Palace of King of Upper Egypt	0.0
𓇓𓏏𓉐	M23,X1,O1	pr  nsw	Temple	0.0
𓇓𓏏𓈖𓇋𓇋𓏲𓅆𓏪	M23,X1,N35,M17,M17,Z7,G7,Z3	nsyw	Kings	0.0
𓇓𓇋𓇋𓅱𓏪	M23,M17,M17,G43,Z3	nsyw	Kings	0.0
𓇓𓏏𓇋𓇋𓅱𓏪	M23,X1,M17,M17,G43,A43B,Z3	nsyw	Kings	0.0
𓇓𓏏𓈖𓇋𓇋𓏪	M23,X1,N35,M17,M17,A40B,Z3	nsyw	kings	0.0
𓇓𓏏𓈖𓇋𓇋𓏛	M23,X1,N35,M17,M17,Y1	nsy	be king	0.0
𓇓𓏏𓇋𓇋𓏛	M23,X1,M17,M17,Y1	nsy	be king	0.0
𓇓𓏏𓈖𓇋𓇋𓏏𓏛𓏥	M23,X1,N35,M17,M17,X1,Y1,Z2	nsyt	kingship	0.0
𓇓𓏏𓏥	M23,X1,Z2	nsyt	kingship	0.0
𓇓𓇋𓇋𓏏𓏛	M23,M17,M17,X1,Y1	nsyt	kingship	0.0
𓇓𓏏𓇋𓇋𓏏𓏛	M23,X1,M17,M17,X1,Y1	nsyt	kingship	0.0
𓇓𓏏𓈖𓇋𓇋𓏲𓀜𓀀𓏥	M23,X1,N35,M17,M17,Z7,A24,A1,Z2	nsyw	priests of Arsaphes ?	0.0
𓇓𓏏𓈖𓂋𓏛	M23,X1,N35,D21,J1,Y1	rx  nsw	king''s acquaintance	0.0
𓇓𓏏𓂋	M23,X1,D21,J1	rx  nsw	king''s aquaintance	0.0
𓇓𓈞𓏏𓁐	M23,N41,X1,B1	Hmt  nsw	queen	0.0
𓇓𓏏𓈖𓈟𓏏	M23,X1,N35,N42,X1	Hmt  nsw	Queen	0.0
𓇓𓏏𓊵𓏙	M23,X1,R4,X8	Htp di nsw	an offering the king gives	0.0
𓇓𓌨𓁶	M23,T28,D1	Xr  tp  nsw	chamberlain	0.0
𓇓𓁶𓌨	M23,D1,T28	Xr  tp  nsw	chamberlain	0.0
𓇓𓅭	M23,G39	sA  nsw	king''s son, viceroy	0.0
𓇓𓏏𓈖𓅭𓀀	M23,X1,N35,G39,A1	sA  nsw	king''s son, viceroy	0.0
𓇓𓅭𓏤𓁶𓊪	M23,G39,Z1,D1,Q3	sA  nsw  tp	first king''s son (a priest)	0.0
𓇓𓏏𓈖𓅭𓏤𓏏	M23,X1,N35,G39,Z1,X1	sAt  nsw	king''s daughter	0.0
𓇓𓏏𓏤𓆰	M23,X1,Z1,M2	swt	scirpus - reed, emblem of Upper Egypt	0.0
𓇓𓏲𓇋𓏏𓇢	M23,Z7,M17,X1,M33B	swit	pill	0.0
𓇓𓅱𓋴𓊌	M23,G43,S29,J1,O39	swsx	widen, make wie, make spacious, extend (boundaries)	0.0
𓇓𓅱𓋴𓊌	M23,G43,S29,J1,O39	swsx	make extensive (of movements)	0.0
𓇓𓅱𓏏	M23,G43,X1	swt	he, it, (rarely) she	0.0
𓇓𓅱𓏏	M23,G43,X1	swt	but	0.0
𓇓𓅱𓏏𓆑	M23,G43,X1,I9	swt   .f	what is his	0.0
𓇓𓅱𓏏𓏭𓁣	M23,G43,X1,Z4,C7	stX	Set	0.0
𓇓𓏏𓏭𓁣	M23,X1,Z4,C7	stX	Seth (god)	0.0
𓇓𓅱𓆓𓈖	M23,G43,I10,N35	sDn	carry (child)	0.0
𓇓𓏏𓀻	M23,X1,A50	Sps  nsw	king''s gentleman	0.0
𓇓𓏏𓀻𓋴𓏏𓏛𓁐	M23,X1,A50,S29,X1,Y1,B1	Spst  nsw	king''s lady	0.0
𓇔𓅱𓊖	M24,G43,O49	rsw	the South land	0.0
𓇔𓅱𓊡	M24,G43,P5	rsw	south-wind	0.0
𓇔𓅱𓌙𓀀𓁐𓏥	M24,G43,T14,A1,B1,Z2	rsyw	Southerners	0.0
𓇔𓈅𓏥	M24,N21,Z2	rsyw	Southerners	0.0
𓇔𓅱𓈅𓏥	M24,G43,N21,Z2	rsyw	Southerners	0.0
𓇗𓂝𓅱𓈈	M26,D36,G43,N24	SmAw	Upper Egypt, Upper Egyptian	0.0
𓇗𓌽	M26,U9	Sma	Upper Egyptian barley	0.0
𓇗𓋴𓋒	M26,S29,S2	Sma  s	Crown of Upper Egypt	0.0
𓇗𓂝𓏯𓋴	M26,D36,Z5,S29	Sma  s	Crown of Upper Egypt	0.0
𓇗𓂝𓏯𓀁	M26,D36,Z5,A2	Sma	make music	0.0
𓇗𓂝𓅱𓀁𓀀	M26,D36,G43,A2,A1	Smaw	musician	0.0
𓇗𓇋𓇋𓏏	M26,M17,M17,X1	Smaw	musician	0.0
𓇘𓊖	M27,O49	SmAw	Upper Egypt, Upper Egyptian	0.0
𓇘𓀁	M27,A2	Sma	make music	0.0
𓇛𓅓𓂝	M29,G17,D36	nma	question	0.0
𓇛𓅓𓆭	M29,G17,M1	nDm	carob tree ?	0.0
𓇛𓆮	M29,M1A	nDm	carob tree ?	0.0
𓇛𓅓	M29,G17,Y1V	nDm	sweet (of flavour, odour), pleasant, pleasing, well, hale, comfortable (of patient)	0.0
𓇛𓅓𓄣𓏤	M29,G17,Y1V,F34,Z1	nDm  ib	joyful	0.0
𓇛𓅓𓅓𓇋𓇋𓏏𓂺𓏥	M29,G17,G17,M17,M17,X1,D53,Z2	nDmmyt	passion	0.0
𓆱𓃹𓈖𓉿𓂝	M3,E34,N35,O31,D36	xt  wn	free moving pole ?	0.0
𓆱𓏏𓏤𓃀𓈖𓂋𓇋𓇜	M3,X1,Z1,D58,N35,D21,M17,M30,Y1V	xt   bnr	fruit tree	0.0
𓆱𓏏𓏤𓈖𓈖𓍇𓏌𓅱𓎛𓍢	M3,X1,Z1,N35,N35,U19,W24,G43,V28,V1	xt  n  nwH	100 cubits (a rod of cord)	0.0
𓆱𓏏𓏤𓈖𓋹𓈖	M3,X1,Z1,N35,S34,N35,J1	xt  n  anx	embodiment of food	0.0
𓆱𓏏𓈖𓋹𓈖	M3,J1,X1,N35,S34,N35,J1	xt  n  anx	embodiment of food	0.0
𓆱𓏏𓏤𓈖𓋹𓆰𓏥	M3,X1,Z1,N35,S34,M2,Z2	xt  n  anxw	staff-of-life plants	0.0
𓆱𓏏𓏤𓈖𓈖𓍇𓏌𓎛𓍢	M3,X1,Z1,N35,N35,U19,W24,V28,V1	xt  n  nwH	rod of cord (linear measure of 100 cubits)	0.0
𓆱𓏏𓏤𓊡𓅱𓆱𓏤	M3,X1,Z1,P5,G43,M3,Z1	xt  TAw	mast	0.0
𓆱𓏤𓈖𓁸	M3,Z1,N35,D3	xt  n  Sny	a type of tree	0.0
𓆱𓏏𓅱𓏏𓆱𓆱𓆱𓏥	M3,J1,X1,G43,X1,M3,M3,M3,Z2	xtwt	furniture	0.0
𓆱𓏏𓇋𓇋𓏏𓆱𓏥	M3,X1,M17,M17,X1,M3,Z2	xtwt	furniture	0.0
𓆱𓏏𓇋𓇋𓏏𓆱𓏥	M3,J1,X1,M17,M17,X1,M3,Z2	xtwt	furniture	0.0
𓆱𓏏𓂻	M3,J1,X1,D54	xti	retire, retreat	0.0
𓆱𓏏𓂽	M3,J1,X1,D55	xti	retire, retreat	0.0
𓆱𓏏𓂻	M3,J1,X1,D54	xt	through, throughout, pervading	0.0
𓆱𓏏𓅂𓂻𓏥𓇾𓈇𓏤	M3,J1,X1,G4,D54,Z2,N16,N23,Z1	xtyw  tA	who pervade the land	0.0
𓆱𓏏𓅱𓂻𓏥	M3,J1,X1,G43,D54,Z2	xtw	menials	0.0
𓆱𓏏𓏏𓉐𓏤	M3,J1,X1,X1,O1,Z1	xtt  pr	house - servant	0.0
𓆱𓏏𓏏𓉐	M3,X1,X1,O1	xtt  pr	house - servant	0.0
𓆱𓏏𓌫𓂡	M3,J1,X1,T31,D40	xti	carve, engrave	0.0
𓆱𓏏𓅂𓈇𓏤	M3,J1,X1,G4,N23,Z1	xtyw	threshing - floor	0.0
𓆱𓏏𓅂𓇤𓏤	M3,J1,X1,G4,M35,Z1	xtyw	threshing - floor	0.0
𓆱𓏏𓅂𓊍	M3,J1,X1,G4,O40	xtyw	platform, dais, terraced hillside	0.0
𓆱𓉻𓅭	M3,O29,G39	xt  aA	an edible bird, poultry	0.0
𓆱𓏏𓆱𓏏	M3,X1,M3,X1	xtxt	through	0.0
𓆱𓏏𓆱𓏏𓂽	M3,J1,X1,M3,J1,X1,D55	xtxt	turn back, nullify, reverse (a contract), come and go (of pain)	0.0
𓇜𓇠	M30,M33	bnr	dates	0.0
𓇜𓏤𓌽𓏥	M30,Z1,U9,Z2	bnr	dates	0.0
𓇜𓏏	M30,X1,M54	bnrt	date-palm	0.0
𓇜𓏤𓏛	M30,Z1,Y1	bnr	sweet, pleasant	0.0
𓇜𓏏𓏒𓏥	M30,X1,X4,Z2	bnrt	date-cakes	0.0
𓇝𓅱𓂡	M31,G43,D40	rwDw	agent	0.0
𓇠𓎔	M33,V22	it  mHw	barley of Lower Egypt	0.0
𓇡𓇗	M33A,M26	it  Sma	barley of Upper Egypt	0.0
𓇡𓇣	M33A,M34	it	barley, corn	0.0
𓇣𓏏𓏭𓌽𓏥	M34,X1,Z4,U9,Z2	bdt	emmer	0.0
𓇣𓂧𓏏𓌽𓏥	M34,D46,X1,U9,Z2	bdt	emmer	0.0
𓇣𓏏𓏭𓌽	M34,X1,Z4,U9	bdt	emmer	0.0
𓇥𓂋𓂺𓏛	M36,D21,D53,Y1	Dr  bAH	before, formerly	0.0
𓇥𓂋𓊪𓂠	M36,D21,Q3,D39	drp	offer (things to)	0.0
𓇥𓂋𓏏𓂧	M36,D21,X1,D46	Drt	hand, trunk (of elephant), handle (of jar)	0.0
𓇥𓂋𓂝𓏤	M36,D21,D36,Z1	Dr  awy	end, limit	0.0
𓇥𓂋𓂝𓏤	M36,D21,D36,Z1	Dr  awy	long ago	0.0
𓇥𓂋𓂝𓅱𓏭	M36,D21,D36,G43,Z4	Dr  awy	end, limit	0.0
𓇥𓂋𓀜	M36,D21,A24	Dr	end (hunger), end up as, hinder, obstruct	0.0
𓇥𓂋𓅪	M36,D21,G37	Dr	obstacle	0.0
𓇥𓂋𓏏𓅪	M36,D21,X1,G37	Drt	harm	0.0
𓇥𓂋𓇋𓊅	M36,D21,M17,O36	Dri	enclosing wall	0.0
𓇥𓂋𓊅	M36,D21,O36	Dri	enclosing wall	0.0
𓇥𓂋𓇋𓏏𓆱	M36,D21,M17,X1,M3	Drit	wall	0.0
𓇥𓂋𓇋𓂡	M36,D21,M17,D40	Dri	strong (of staff), strongly	0.0
𓇥𓂋𓇋𓅯𓅪	M36,D21,M17,G41,G37	Dri	be hard, stolid	0.0
𓇥𓂋𓇋𓇋𓏏𓅭	M36,D21,M17,M17,X1,G39	Dryt	kite (bird)	0.0
𓇥𓂋𓏏𓅃	M36,D21,X1,G5	Dryt	kite (bird)	0.0
𓀁	M3B,A2	wDat	judgement, divorce by judgement	0.0
𓏛	M3B,Y1	Dar	search out, investigate, seek, probe, palpate (wound), plan (work), take thought (for)	0.0
𓆳𓏏𓏥𓏮𓁷𓅱	M4,X1,Z2,Z4A,D2,G43	5  Hryw  rnpt	the five epagomenal days	0.0
𓆳𓏏𓏥𓏮𓁷𓅱	M4,X1,Z2,Z4A,D2,G43	5  Hryw  rnpt	the five epagomenal days	0.0
𓆳𓆳𓆑𓇳	M4,M4,I9,N5	snf	last year	0.0
𓇩𓅓	M40,G17	imy  is	councillor	0.0
𓇩𓏏𓉥	M40,X1,O11	ist	palace	0.0
𓇩𓏏𓏤𓀀𓏥	M40,X1,Z1,A1,Z2	ist	crew (of ship), company (of soldiers), gang (of workmen)	0.0
𓇩𓏏𓅱𓀀𓏥	M40,X1,G43,A1,Z2	ist	crew (of ship)	0.0
𓇩𓏏𓏤𓀐	M40,X1,Z1,A14	ist	company (of rebels)	0.0
𓇬𓈖𓇬𓈖	M42,N35,M42,N35	wnwn	move about (of child in womb)	0.0
𓇬𓈖𓃀	M42,N35,D58,M96	wnb	flower	0.0
𓇬𓏏𓀁𓏐𓏒𓏥	M42,X1,A2,X2,X4,Z2	wnmt	food, fodder	0.0
𓇬𓀁𓏏𓏳𓏥	M42,A2,X1,Z8,Z2	wnmt	food, fodder	0.0
𓇬𓀁𓅱𓏒𓏥	M42,A2,G43,X4,Z2	wnmw	food, sustenance	0.0
𓇬𓌴	M42,U2,J11	wn  mAa	true being, relality	0.0
𓇬𓈖𓌷𓂝	M42,N35,U5,D36	wn  mAa	true being, relality	0.0
𓇬𓈖𓈖𓄤𓀭	M42,N35,N35,F35,A40	wnn  nfrw	Onnophris	0.0
𓇬𓈖𓋳	M42,N35,J1,S28	wnx	be clothed (in)	0.0
𓇬𓈋𓃒𓏥	M42,N26,E1,Z2	wnDw	short - horned cattle	0.0
𓇬𓏌𓈋𓃒𓏥	M42,W24,N26,E1,Z2	wnDw	short horned cattle	0.0
𓇬𓈋𓏌𓃙𓃙𓃙	M42,N26,W24,E8,E8,E8	wnDw	goats	0.0
𓇬𓈋𓅱𓏏𓀀𓁐𓏥	M42,N26,G43,X1,A1,B1,Z2	wnDwt	associates	0.0
𓇬𓈖𓏌𓈋𓅱𓏏𓃒𓀀𓈓	M42,N35,W24,N26,G43,X1,E1,A1,N33A	wnDwt	associates	0.0
𓇬𓈖𓆓𓅱𓏏	M42,N35,I10,G43,X1,P30	wnDwt	ships hold	0.0
𓇬𓈋𓏭𓃒	M42,N26,Z4,E1	wndwt	hollow, depression	0.0
𓇋𓇋	M43B,M17,M17	kAny	vintner	0.0
𓇮𓏏𓇼	M44,X1,N14	spdt	Sirius (star),  Sothis (goddess)	0.0
𓇮𓏏𓁐	M44,X1,B1	spdt	Sirius (star),  Sothis (goddess)	0.0
𓇮𓊪𓂧𓏏𓇼𓁐	M44,Q3,D46,X1,N14,B1	spdt	Sirius (star),  Sothis (goddess)	0.0
𓇮𓅱𓅏	M44,G43,G13	spdw	Sopd (god)	0.0
𓇮𓏏𓏤𓏥	M44,X1,Z1,Z2	kApwt	covers	0.0
𓆵𓂋	M6,D21	rr	time	0.0
	M7A	rnpy	young, fresh (of water)	0.0
𓇋𓇋𓏛	M7A,M17,M17,Y1	rnpy	young, fresh (of water)	0.0
𓏏𓎺𓆰𓏥	M7A,X1,W10,M2,Z2	rnpwt	herbs, vegetables	0.0
𓏏𓇨𓏥	M7A,X1,M39,Z2	rnpwt	herbs, vegetables	0.0
𓆷𓏏	M8,J1,X1	Axt	Inundation-season	0.0
𓆷𓏏𓇳	M8,X1,N5	Axt	Inundation season	0.0
𓆷𓈇𓏤	M8,N23,Z1	SA	field, meadow, countryside, marsh, swamp	0.0
𓆷𓄿𓂸𓃟	M8,G1,D52,E12	SA	pig	0.0
𓆷𓄿𓂻	M8,G1,D54	SAs	travel	0.0
𓆷𓏛	M8,Y1	SA	assign	0.0
𓆷𓄿𓇋𓍢𓏤	M8,G1,M17,V1,Z1	SAi	bundle ? (of flax)	0.0
𓆷𓄿𓇋𓇋𓏏𓏛𓏥	M8,G1,M17,M17,X1,Y1,Z2	SAyt	dues, taxes	0.0
𓆷𓇋𓇋𓏏𓏥	M8,M17,M17,X1,Z2	SAyt	dues, taxes	0.0
𓆷𓄿𓂝𓏛𓂋	M8,G1,D36,Y1,D21	SAa  r	as far as	0.0
𓆷𓄿𓂝𓉐	M8,G1,D36,O1	SAa	container (for corn)	0.0
𓆷𓄿𓂝𓏛𓈓	M8,G1,D36,Y1,N33A	SAa	space, volume	0.0
𓆷𓄿𓂝𓏏𓉐	M8,G1,D36,X1,O1	SAat	void	0.0
𓆷𓄿𓅱𓏛	M8,G1,G43,Y1	SAw	weight, worth, value	0.0
𓆷𓅱𓏛	M8,G43,Y1	SAw	fate	0.0
𓆷𓄿𓏴	M8,G1,Z9	SAw	fate	0.0
𓆷𓄿𓏲𓆰𓏥	M8,G1,Z7,M2,Z2	SAw	coriander	0.0
𓆷𓄿𓃀𓅱𓏳𓏥	M8,G1,D58,G43,Z8,Z2	SAbw	meals, food	0.0
𓆷𓄿𓃀𓏛𓏥	M8,G1,D58,Y1,Z2	SAbw	meals, food	0.0
𓆷𓄿𓃀𓏲𓄹𓏥	M8,G1,D58,Z7,F51,Z2	SAbw	meals, food	0.0
𓆷𓄿𓃀𓏐𓏊𓏳	M8,G1,D58,X2,W22,Z8	SAbw	meals, food	0.0
𓆷𓄿𓃀𓇭𓈒𓏥	M8,G1,D58,M43,N33,Z2	SAbw	meals, food	0.0
𓆷𓄿𓅓𓊮	M8,G1,G17,Q7	SAm	be hot, burn	0.0
𓆷𓄿𓅓𓅱𓋳𓏤𓏥	M8,G1,G17,G43,S28,Z1,Z2	SAmw	soiled linen	0.0
𓆷𓄿𓊃𓂻	M8,G1,O34,D54	SAs	travel (intransitive),  tread on (enemy) (transitive)	0.0
𓆷𓂻𓄿	M8,D54,G1	SAs	travel (intransitive),  tread on (enemy) (transitive)	0.0
𓆷𓄿𓂻	M8,G1,D54	SAs	travel (intransitive),  tread on (enemy) (transitive)	0.0
𓆷𓂻𓄿𓋴𓂻	M8,D54,G1,S29,D54	SAs	travel (intransitive),  tread on (enemy) (transitive)	0.0
𓆷𓇓𓅱𓈉	M8,M23,G43,N25	SAsw	desert North East of Egypt	0.0
𓆷𓄿𓇓𓏲𓌙𓀀𓏥	M8,G1,M23,Z7,T14,A1,Z2	SAsw	Beduin	0.0
𓆷𓄿𓈙𓂻	M8,G1,N37,D54	SAS	avoid	0.0
𓆷𓄿𓆷𓄿𓏏𓍱	M8,G1,M8,G1,X1,V6	SASAt	necklace	0.0
𓆷𓆷𓏏	M8,M8,X1,S95	SASAt	necklace	0.0
𓆷𓄿𓆷𓄿𓏏𓄹	M8,G1,M8,G1,X1,F51	SASAt	bosom	0.0
𓆷𓈎𓄜	M8,N29,F28	SAq	bag	0.0
𓆷𓄿𓏏𓏭𓂡	M8,G1,X1,Z4,D40	SAty	(ship''s) complement	0.0
𓆷𓄿𓂧𓂡	M8,G1,D46,D40	SAd	dig, dig out	0.0
𓆷𓂧𓂡	M8,D46,D40	SAd	dig, dig out	0.0
𓆷𓄿𓂧𓁃	M8,G1,D46,A58	SAd	dig, dig out	0.0
𓆷𓂻𓄿𓂧𓁃	M8,D54,G1,D46,A58	SAd	dig, dig out	0.0
𓆷𓄿𓍯𓄿𓃀𓆭	M8,G1,V4,G1,D58,M1	Swb	persea tree	0.0
𓆷𓄿𓍯𓃀𓏏𓏭𓀾	M8,G1,V4,D58,X1,Z4,A53	Swbty	ushabti figure	0.0
𓆷𓄿𓃀𓏏𓏭𓀭	M8,G1,D58,X1,Z4,A40	Swbty	ushabti figure	0.0
𓆷𓃀𓏏𓏭𓀾	M8,D58,X1,Z4,A53	Swbty	ushabti figure	0.0
𓆷𓍯𓃀𓏏𓏭𓎸	M8,V4,D58,X1,Z4,W9	Swbty	a jar	0.0
𓆷𓄿𓅓	M8,G1,G17	SmA	father - in - law	0.0
𓆷𓈎𓃀	M8,N29,D58,E131	Sqb	rhinoceros	0.0
𓆸𓏤	M9,Z1	sSn	lotus	0.0
𓇯𓊪𓏏𓅓𓄿𓇋𓏲𓊡	N1,Q3,X1,G17,G1,M17,Z7,P5	pt  m  Aiw	a windy sky  ?	0.0
𓇯𓌔	N1,T10	Hry  pDt	troop commander	0.0
𓇯𓌔𓏏𓏤	N1,T10,X1,Z1	Hry  pDt	troop commander	0.0
𓇯𓈘𓀀𓁐𓏥	N1,N36,A1,B1,Z2	Hry  mrw	foreman of weavers	0.0
𓇹𓇼𓂧𓎳	N11,N14,D46,W4	Abd	monthly festival	0.0
𓇹𓇼𓂧𓏒	N11,N14,D46,X4	Abd	monthly festival	0.0
𓇹𓎛	N11,V28	waH	earth - almond ?, carob ?	0.0
𓇺𓏫𓏫𓏏𓊛	N12,Z3A,Z1A,Z3A,Z1A,X1,P1	xmntyw	a ship	0.0
𓇼𓏏𓏤	N14,X1,Z1	wnwt	hour	0.0
𓇼𓏏𓇳	N14,X1,N5	wnwt	hour	0.0
𓇼𓏏𓏤𓀀𓏥	N14,X1,Z1,A1,Z2	wnwt	priesthood, staff	0.0
𓇼𓏏𓏤	N14,X1,Z1	wnwt	priesthood	0.0
𓇼𓇳𓏏𓀀𓏪	N14,N5,X1,A1,Z3	wnwt	priesthood	0.0
𓇼𓇋𓇋	N14,M17,M17	wnwty	hour watcher, astronomer	0.0
𓇼𓏤	N14,Z1	sbA	star	0.0
𓇼𓊀	N14,O32	sbA	door	0.0
𓇼𓇋𓇋𓏏𓏛𓏥	N14,M17,M17,X1,Y1,Z2	sbAyt	(written) teaching, instructions	0.0
𓇼𓅱𓇳𓏮	N14,G43,N5,Z4A	dwAw	dawn, morning	0.0
𓇼𓍯𓄿𓅱𓇳𓏮	N14,V4,G1,G43,N5,Z4A	dwAw	tomorrow, the morrow	0.0
𓇼𓄿𓇋𓇋𓏏𓇳	N14,G1,M17,M17,X1,N5	dwAyt	morning	0.0
𓇼𓄿𓏏𓇳	N14,G1,X1,N5	dwAyt	morning	0.0
𓇼𓇋𓇋𓏏𓇳	N14,M17,M17,X1,N5	dwAyt	morning	0.0
𓇼𓏏𓇳	N14,X1,N5	dwAyt	morning	0.0
𓇼𓅂𓏏𓉐𓀭𓏪	N14,G4,X1,O1,A40,Z3	dwAtyw	dwellers in the netherworld	0.0
𓇼𓏏𓉐𓀭𓏪	N14,X1,O1,A40,Z3	dwAtyw	dwellers in the netherworld	0.0
𓇼𓀃	N14,A4	dwA	praise, worship	0.0
𓇼𓅱	N14,G43	dwA	praise, worship	0.0
𓇼𓀢𓏛	N14,A30,Y1	dwA	praise, worship	0.0
𓇼𓏏𓀢	N14,X1,A30	dwAt	praise, worship	0.0
𓇼𓅨	N14,G36	dwA  wr	deified royal beard	0.0
𓇼𓅨𓍇	N14,G36,U19	dwA  wr	adze (for Opening the mouth)	0.0
𓇼𓄿𓀢𓏛𓅐𓀭𓆑	N14,G1,A30,Y1,G14,A40,I9	dwA  mwt  .f	Duamutef	0.0
𓇼𓄥	N14,F36	dmD  smA	grand  total	0.0
𓇽	N15	dwAt	netherworld	0.0
𓇽𓏏𓉐	N15,X1,O1	dwAt	netherworld	0.0
𓇾𓎔𓎛𓅱𓇇	N16,V22,V28,G43,M15	tA  mHw	Lower Egypt	0.0
𓇾𓇾𓂋𓏏𓏏𓊖	N16,N16,D21,J1,X1,X1,O49	tAwy  rxtt	ends of the earth	0.0
𓇾𓂋𓂧𓂾	N16,D21,D46,D56,O40A	tA  rdw	stairway	0.0
𓇾𓄥𓄿𓏛	N16,F36,G1,Y1	tA  smA	landing place	0.0
𓇾𓏏𓈉	N16,J32,X1,N25	tA  sty	Nubia	0.0
𓇾𓇾𓇾	N16,N16,N16	tAw	flat lands (as opposed  to Hill countries)	0.0
𓇾𓈇𓏤𓃒𓏥	N16,N23,Z1,E1,Z2	tA  iHw	Farafra Oasis	0.0
𓇾𓈇𓅨𓂋	N16,N23,G36,D21	tA  wr	larboard	0.0
𓇾𓅨𓂋𓋅	N16,G36,D21,R18	tA  wr	the Thinite nome	0.0
𓇾𓌻𓂋𓇋𓆴𓈉	N16,U7,D21,M17,M5,N25	tA  mri	Egypt	0.0
𓇾𓌻𓂋𓇋𓈙𓊖	N16,U7,D21,M17,N37,O49	tA  mri	Egypt	0.0
𓇾𓎔𓎛𓅱𓇇	N16,V22,V28,G43,M15	tA  mHw	Lower Egypt	0.0
𓇾𓈖𓅘𓋴𓌙𓈉	N16,N35,G21,S29,T14,N25	tA  nHsy	Nubia	0.0
𓇾𓂋𓂧𓂾𓊍	N16,D21,D46,D56,O40	tA  rd	stairway	0.0
𓇾𓇿	N16,J32,N17	tA  sty	Nubia	0.0
𓇾𓇗𓂝𓅱𓈈	N16,M26,D36,G43,N24	tA  Smaw	Upper Egypt	0.0
𓇾𓇗	N16,M26	tA  Smaw	Upper Egypt	0.0
𓇾𓅓𓅱𓀀𓁐𓏥	N16,G17,G43,A1,B1,Z2	tA  tmw	all men	0.0
𓇾𓍃𓅓𓏥	N16,U15,G17,Z2	tA  tmw	all men	0.0
𓇾𓍿𓅓𓎛𓌙	N16,V13,G17,V28,T14,C104	tA  TmH	southern Libya	0.0
𓇾𓈇𓏤𓍘𓅓𓎛𓇋𓌙𓀀𓁐𓏥	N16,N23,Z1,U33,G17,V28,M17,T14,A1,B1,Z2	tA  TmH	southern Libya	0.0
𓇾𓍿𓇑𓇑𓀭	N16,V13,M22,M22,A40	tA  Tnn	Memphite earth - god	0.0
𓇾𓍿𓈖𓈖𓀭	N16,V13,N35,N35,A40	tA  Tnn	Memphite earth - god	0.0
𓇾𓏤𓈇𓇑𓇑𓈖𓈖𓀭	N16,Z1,N23,M22,M22,N35,N35,A40	tA  Tnn	Memphite earth - god	0.0
𓇾𓈅𓏤𓂦𓂋𓈉	N16,N21,Z1,D45,D21,N25	tA  Dsr	the Sacred Land (necropolis)	0.0
𓇾𓂦	N16,D45	tA  Dsr	the Sacred Land (necropolis)	0.0
𓇾𓍃𓅓𓅱𓀀𓁐𓏥	N16,U15,G17,G43,A1,B1,Z2	tmw	totality of men, everyone	0.0
𓇿𓅨𓋫	N17,G36,S22	tA  wr	larboard	0.0
𓇿𓌻𓂋𓏭𓇜𓊖	N17,U7,D21,Z4,M30,O49	tA  mri	Egypt	0.0
𓇿𓇇𓊖	N17,M15,O49	tA  mHw	Lower Egypt	0.0
𓇿𓇿𓍃𓅱	N17,N17,U15,G43	tA  tmw	all men	0.0
𓇿𓇿𓏏𓍃𓅓𓏛	N17,N17,X1,U15,G17,Y1	tA  tmw	all men	0.0
𓇿𓇿𓍃𓅓𓏛𓀀𓁐𓏪	N17,N17,U15,G17,Y1,A1,B1,Z3	tA  tmw	all men	0.0
𓇿𓇿𓏏𓍃𓀀𓁐𓏥	N17,N17,N21A,N21A,X1,U15,A1,B1,Z2	tA  tmw	all men	0.0
𓇿𓇿𓍃𓅓𓏛𓀀𓁐𓏪	N17,N17,U15,G17,Y1,A1,B1,Z3	tmw	totality of men, everyone	0.0
𓈀𓈇𓏤	N18,N23,Z1	iw	island	0.0
𓈀𓏤𓋳	N18,Z1,S28	dAiw	loin - cloth	0.0
𓈄𓃀	N20,D58	wDb	turn (to)	0.0
𓈄𓂾	N20,D56	wDb  rd	reversion (of offerings from temple to tomb), a reversion offering	0.0
𓈅𓅜𓏤	N21,G25,Z1	Axt	arable land	0.0
𓈅𓈅𓈇𓈇	N21,N21,N23,N23	idbwy	the Two Banks (Egypt)	0.0
𓏏𓏐𓏊𓏗	N21A,J1,X1,X2,W22,X6A	wDb  xt	divert (offerings), a reversion offering	0.0
𓏥	N21A,Z2	Dnbw	territories	0.0
𓈈𓏏𓏤	N24,X1,Z1	spAt	district, nome	0.0
𓈈𓏏𓊖	N24,X1,O49	DAtt	estate	0.0
𓏏𓏤𓀀𓏥	N24E,X1,Z1,A1,Z2	spAtyw	nomesmen	0.0
𓈉𓏏𓏤𓌙𓀀𓁐𓏥	N25,X1,Z1,T14,A1,B1,Z2	xAstyw	foreigners, desert-dwellers	0.0
𓈉𓏏𓅂𓌙𓀀𓏥	N25,X1,G4,T14,A1,Z2	xAstyw	foreigners, desert-dwellers	0.0
𓈉𓅂𓏏𓀏𓏪	N25,G4,X1,A13,Z3	xAstyw	foreigners, desert-dwellers	0.0
𓈋𓍋𓊖	N26,U23,O49	AbDw	Abydos	0.0
𓈋𓊌	N26,O39	Dw	mountain	0.0
𓈋𓅱𓊌	N26,G43,O39	Dw	mountain	0.0
𓈋𓅱𓅪	N26,G43,G37	Dw	bad, evil, sad (of heart)	0.0
𓈋𓅪	N26,G37	Dw	bad, evil, sad (of heart)	0.0
𓈋𓏴𓅪	N26,Z9,G37	Dw	bad, evil, sad (of heart)	0.0
𓈋𓅪	N26,G37	Dw	evil	0.0
𓈋𓏴𓅪	N26,Z9,G37	Dw	evil	0.0
𓈋𓅱𓅪	N26,G43,G37	Dw	evil	0.0
𓈋𓅱𓅪	N26,G43,G37	Dw	evilly	0.0
𓈋𓏴𓅪	N26,Z9,G37	Dw	evilly	0.0
𓈋𓅪	N26,G37	Dw	evilly	0.0
𓈋𓅱𓏏𓅪	N26,G43,X1,G37	Dwt	evil, sadness (of heart), dirt (encumbering ruin)	0.0
𓈋	N26,I86A	Dw	the Evil One	0.0
𓈋𓈋	N26,N26	Dwy	evil	0.0
𓈋𓅱𓏭	N26,G43,Z4	Dwy	evil	0.0
𓈋𓅱𓇋𓀞	N26,G43,M17,A26	Dwi	call upon (god)	0.0
𓈋𓇋𓀞	N26,M17,A26	Dwi	call upon (god)	0.0
𓈋𓏲𓇋𓂻	N26,Z7,M17,D54	Dwi	separate	0.0
𓈋𓃛𓏌	N26,E9,W24	Dwiw	jar	0.0
𓈋𓏲𓇋𓏌	N26,Z7,M17,W24	Dwiw	jar	0.0
𓈋𓂝𓏤𓌪	N26,D36,Z1,T30	Dwa	lancet, surgical knife	0.0
𓈌𓈌𓀭	N27,N27,A40	Axty	horizon-dweller	0.0
𓈌𓏏𓅂	N27,X1,G4	Axtyw	horizon - dwellers ( a remote people)	0.0
𓈌𓏏𓉐𓅂𓀭𓏪	N27,X1,O1,G4,A40,Z3	Axtyw	horizon - dwellers	0.0
𓈍𓂝𓅱𓏛𓏥	N28,D36,G43,Y1,Z2	xaw	appearance in glory	0.0
𓈍𓂝𓏥	N28,D36,Z2	xaw	appearance in glory	0.0
𓈍𓂝𓏛𓏥	N28,D36,Y1,Z2	xaw	appearance in glory	0.0
𓈍𓂝𓏲𓋙	N28,D36,Z7,S7	xaw	crown	0.0
𓈍𓂝𓏲𓏯𓏥	N28,D36,Z7,Z5,Z2	xaw	crown	0.0
𓈍𓂝𓏲𓆱𓏥	N28,D36,Z7,M3,Z2	xaw	weapons, funeral furniture, tomb-equipment, tackle (of ship), utensils, implements	0.0
𓈍𓏥	N28,Z2	xaw	weapons, funeral furniture, tomb-equipment, tackle (of ship), utensils, implements	0.0
𓈍𓂝𓈔𓏥	N28,D36,N34,Z2	xaw	weapons, funeral furniture, tomb-equipment, tackle (of ship), utensils, implements	0.0
𓈍𓂝𓅱𓏛𓏥	N28,D36,G43,Y1,Z2	xaw	weapons, funeral furniture, tomb-equipment, tackle (of ship), utensils, implements	0.0
𓈍𓂝𓅓𓂻	N28,D36,G17,D54	Xam	approach	0.0
𓈍𓂝𓂋𓂡	N28,D36,D21,D40	Xar	rage	0.0
𓈍𓂝𓅓𓂻	N28,D36,G17,D54	Xam	approach	0.0
𓈎𓃀𓆭	N29,D58,M1	bAq	tree (moringa arabica)	0.0
𓈎𓃀𓆭𓏌𓏥	N29,D58,M1,W24,Z2	bAq	moringa oil	0.0
𓈎𓄿𓀠𓋴𓂋𓆑𓊮	N29,G1,A28,S29,D21,I9,Q7	qA  srf	arrogant	0.0
𓈎𓄿𓀠	N29,G1,A28	qAi	tall, high, exalted, be raised on high, uplifted	0.0
𓈎𓄿𓀠𓄣𓏤	N29,G1,A28,F34,Z1	qA  ib	haughty	0.0
𓈎𓄿𓀠𓏤	N29,G1,A28,J17,Z1	qA  sA	presumptuous, overweening	0.0
𓈎𓄿𓏏𓀠	N29,G1,X1,A28	qAt	height	0.0
𓈎𓄿𓏘	N29,G1,X7	qAA	hill, high ground	0.0
𓈎𓄿𓅱𓏘	N29,G1,G43,X7	qAA	hill, high ground	0.0
𓈎𓄿𓄿𓏘	N29,G1,G1,X7	qAA	hill, high ground	0.0
𓈎𓄿𓄿𓊍	N29,G1,G1,O40	qAA	hill, high ground	0.0
𓈎𓄿𓄿𓀠𓈇𓏤	N29,G1,G1,A28,N23,Z1	qAA	hill, high ground	0.0
𓈎𓄿𓇋𓇋𓊎	N29,G1,M17,M17,O41	qAA	hill, high ground	0.0
𓈎𓄿𓇋𓇋𓏏𓈇𓏤	N29,G1,M17,M17,X1,N23,Z1	qAyt	high ground, arable land	0.0
𓈎𓄿𓇋𓇋𓏏𓈅𓏥	N29,G1,M17,M17,X1,N21,Z2	qAyt	high ground, arable land	0.0
𓈎𓄿𓇋𓇋𓏏𓊩	N29,G1,M17,M17,X1,Q2	qAyt	high throne	0.0
𓈎𓄿𓅱𓀠	N29,G1,G43,A28	qAw	height, top (of voice)	0.0
𓈎𓄿𓀠𓏛	N29,G1,A28,Y1	qAw	height, top (of voice)	0.0
𓈎𓄿𓏏𓌙𓀏	N29,G1,X1,T14,A13	qAt	foreign foes	0.0
𓈎𓄿𓄿𓏏𓆱	N29,G1,G1,X1,M3	qArt	door - bolt	0.0
𓈎𓄿𓄿𓈒𓏥	N29,G1,G1,N33,Z2	qAA	grains	0.0
𓈎𓄿𓅱𓈒𓏥	N29,G1,G43,N33,Z2	qAA	grains	0.0
𓈎𓄿𓇋𓇋𓈒𓏥	N29,G1,M17,M17,N33,Z2	qAA	grains	0.0
𓈎𓄿𓂝𓀁	N29,G1,D36,A2	qAa	vomit	0.0
𓈎𓄿𓃀𓄲𓄹	N29,G1,D58,F46,F51	qAb	intestine, interior, middle (of land)	0.0
𓈎𓃀𓄷𓏛	N29,D58,F49,Y1	qAb	interior, middle (of land)	0.0
𓈎𓄿𓃀𓄲𓈇𓏤	N29,G1,D58,F46,N23,Z1	qAb	interior, middle (of land)	0.0
𓈎𓄿𓃀𓄲	N29,G1,D58,F46	qAb	fold over, double over, double (quantity)	0.0
𓈎𓄿𓃀𓄲𓂻	N29,G1,D58,F46,D54	qAb	fold over, double over, double (quantity)	0.0
𓈎𓄿𓃀𓅱𓆙𓆙𓆙	N29,G1,D58,G43,I14,I14,I14	qAbw	colis (of snake)	0.0
𓈎𓄿𓃀𓅱𓄲𓏥	N29,G1,D58,G43,F46,Z2	qAbw	coils (of snake)	0.0
𓈎𓄿𓃀𓍢𓍢𓍢	N29,G1,D58,V1,V1,V1	qAbw	windings (of waterway)	0.0
𓈎𓄿𓃀𓄷	N29,G1,D58,F49	qAbw	windings (of waterway)	0.0
𓈎𓄿𓃀𓏏𓄹	N29,G1,D58,X1,F51	qAbt	breast	0.0
𓈎𓄿𓅓𓂧𓏏𓏯𓀁	N29,G1,G17,D46,X1,Z5,A2	qAmdt	funeral oration	0.0
𓈎𓄿𓂋𓍢	N29,G1,D21,V1	qAr	bundle	0.0
𓈎𓄿𓂋𓏏𓆱	N29,G1,D21,X1,M3	qArt	door - bolt	0.0
𓈎𓂋𓏏𓆱	N29,D21,X1,M3	qArt	door - bolt	0.0
𓈎𓄿𓎛𓊌𓏥	N29,G1,V28,O39,Z2	qAH	mud - plaster	0.0
𓈎𓄿𓋴𓅱𓍢𓏥	N29,G1,S29,G43,V1,Z2	qAsw	bonds, rigging (of ship)	0.0
𓈎𓋴𓍢𓏥	N29,S29,V1,Z2	qAsw	bonds	0.0
𓈎𓄿𓋴𓅱𓍢𓂡𓏥	N29,G1,S29,G43,V1,D40,Z2	qAsw	bonds	0.0
𓈎𓄿𓋴𓍢	N29,G1,S29,V1,P6B	qAs	rope - ladder	0.0
𓈎𓄿𓋴𓍢𓂡	N29,G1,S29,V1,D40	qAs	string (bow), bind (victim), tie (rope-ladder)	0.0
𓈎𓋴𓍢𓂡	N29,S29,V1,D40	qAs	string (bow), bind (victim), tie (rope-ladder)	0.0
𓈎𓄿𓋴𓀁	N29,G1,S29,A2	qAs	vomit	0.0
𓈎𓄿𓈎𓄿𓄣𓏤	N29,G1,N29,G1,F34,Z1	qAqA  ib	vainglorious ?	0.0
𓈎𓄿𓈎𓄿𓅱𓊛	N29,G1,N29,G1,G43,P1	qAqAw	travelling barge	0.0
𓈎𓄿𓍑𓅱𓊌𓏥	N29,G1,U28,G43,O39,Z2	qADw	plaster, gypsum	0.0
𓈎𓇋𓀾𓏛	N29,M17,A53,Y1	qi	form, shape, nature	0.0
𓈎𓇋𓋴𓀁	N29,M17,S29,A2	qis	vomit	0.0
𓈎𓇋𓋴𓊖	N29,M17,S29,O49	qis	Cusae (El - Kusiyah)	0.0
𓈎𓂝𓂐	N29,D36,D26	qa	vomit	0.0
𓈎𓂝𓎛𓂢𓄹	N29,D36,V28,D41,F51	qaH	elbow, arm, shoulder	0.0
𓈎𓂝𓎛𓏏	N29,D36,V28,X1,F112	qaHt	shoulder (of beef)	0.0
𓈎𓂝𓎛𓂢𓈇	N29,D36,V28,D41,N23	qaH	corner, bend (of stream), bight (of net)	0.0
𓈎𓂝𓎛𓂢𓂡	N29,D36,V28,D41,D40	qaH	bend (arm, hand, people to one''s will), turn one''s back	0.0
𓈎𓇋𓎛𓂢	N29,M17,V28,D41	qaH	bend (arm, hand, people to one''s will), turn one''s back	0.0
𓈎𓎛𓂢	N29,V28,D41	qaH	bend (arm, hand, people to one''s will), turn ones back	0.0
𓈎𓂝𓎛𓏲𓇶	N29,D36,V28,Z7,N8	qaHw	sunshine	0.0
𓈎𓅱𓏐	N29,G43,X2	qw	a loaf or cake	0.0
𓈎𓅱𓂋𓂡	N29,G43,D21,D40	qwr	gold miner	0.0
𓈎𓅱𓂋𓏤	N29,G43,D21,Z1	qwr	gold miner	0.0
𓈎𓃀𓄿𓏏𓄏𓏤	N29,D58,G1,X1,F16,Z1	qbAt	crown (of head)	0.0
𓈎𓃀𓇋𓇋	N29,D58,M17,M17,W73	qby	jar (for beer)	0.0
𓈎𓃀𓃀	N29,D58,D58,W15B	qbb	cool, cold, cooling (of remedy), calm, quiet, be purified, take one''s ease	0.0
𓈎𓃀𓃀𓏂𓈗	N29,D58,D58,W16,N35A	qbb	cool, cold,	0.0
𓈎𓃀𓃀𓈗	N29,D58,D58,N35A	qbb	cool, cold	0.0
𓈎𓃀𓃀𓇣	N29,D58,D58,M34,W15B	qbb	be purified	0.0
𓈎𓃀𓏲𓏁𓈗𓊡𓏪	N29,D58,Z7,W15,N35A,P5,Z3	qbw	cool breeze	0.0
𓈎𓃀𓏂	N29,D58,W16	qb	cold	0.0
𓈎𓃀𓏂𓈗	N29,D58,W16,N35A	qb	pour a libation (to)	0.0
𓈎𓃀𓏂𓈗	N29,D58,W16,N35A	qb	pour out (water)	0.0
𓈎𓃀𓏂	N29,D58,W16	qb	strew ?	0.0
𓈎𓃀𓃀𓅱𓏏𓏂𓈗	N29,D58,D58,G43,X1,W16,N35A	qbbwt	cold water	0.0
𓈎𓃀𓃀𓏂𓏏𓈗	N29,D58,D58,W16,X1,N35A	qbbwt	cold water	0.0
𓈎𓃀𓎛𓂾𓄹	N29,D58,V28,D56,F51	qbH	foot ?	0.0
𓈎𓃀𓎛𓏂	N29,D58,V28,W16	qbH	purify	0.0
𓈎𓃀𓎛𓏂	N29,D58,V28,W16	qbH	present libations (to), be calm	0.0
𓈎𓃀𓎛𓏂𓈗	N29,D58,V28,W16,N35A	qbH	present libations (to)	0.0
𓈎𓃀𓎛𓏁𓈗	N29,D58,V28,W15,N35A	qbHw	cold water	0.0
𓈎𓃀𓎛𓅱𓏁𓈗	N29,D58,V28,G43,W15,N35A	qbHw	cold water	0.0
𓈎𓃀𓎛𓅱𓏂	N29,D58,V28,G43,W16	qbHw	cold water	0.0
𓈎𓃀𓎛𓏲𓏁𓈗𓏛𓏥	N29,D58,V28,Z7,W15,N35A,Y1,Z2	qbHw	coolness	0.0
𓈎𓃀𓎛𓅱𓏂𓈗𓅭𓏥	N29,D58,V28,G43,W16,N35A,G39,Z2	qbHw	wild fowl	0.0
𓈎𓃀𓎛𓅱𓏂𓇯	N29,D58,V28,G43,W16,N1	qbHw	sky	0.0
𓈎𓃀𓎛𓏂𓈗	N29,D58,V28,W16,N35A	qbHw	sky	0.0
𓈎𓃀𓎛𓅱𓏁𓅭𓏥𓈉	N29,D58,V28,G43,W15,G39,Z2,N25	qbHw	sky	0.0
𓈎𓆑𓄿𓏏𓄏𓏛𓏥	N29,I9,G1,X1,F16,Y1,Z2	qfAt	fame	0.0
𓈎𓆑𓈖𓊮	N29,I9,N35,Q7	qfn	bake, clot (of blood)	0.0
𓈎𓆑𓈖𓏳	N29,I9,N35,Z8	qfn	a loaf	0.0
𓈎𓆑𓏌𓅱𓊮	N29,I9,W24,G43,Q7	qfnw	baker	0.0
𓈎𓆑𓊮𓇋𓇋	N29,I9,Q7,M17,M17	qfnw	baker	0.0
𓈎𓌳𓄿𓌙	N29,U1,G1,T14	qmA	throw, create, beget, produce, carry out (teaching), hammer out (from metal)	0.0
𓈎𓌳𓏛	N29,U1,Y1	qmA	throw, create, beget, produce, carry out (teaching), hammer out (from metal)	0.0
𓈎𓌚𓏛	N29,T15,Y1	qmA	throw, create, beget, produce, carry out (teaching), hammer out (from metal)	0.0
𓈎𓌳𓄿𓌙𓅯𓏛	N29,U1,G1,T14,G41,Y1	qmA	throw, create	0.0
𓈎𓌳𓄿𓅓𓌙𓏛	N29,U1,G1,G17,T14,Y1	qmA	throw, create, beget, produce, carry out (teaching), hammer out (from metal)	0.0
𓈎𓌳𓄿𓌙𓅯𓏛	N29,U1,G1,T14,G41,Y1	qmA	throw, create	0.0
𓈎𓌳𓄿𓅓𓌙𓏛𓏥	N29,U1,G1,G17,T14,Y1,Z2	qmA	form, appearance	0.0
𓈎𓌳𓌙𓏛	N29,U1,T14,Y1	qmA	nature	0.0
𓈎𓌚𓅓𓌳𓅱𓌽	N29,T15,G17,U1,G43,U9	qmAw	winnower	0.0
𓈎𓌳𓌙𓄿	N29,U1,T14,G1	qmA	mourn	0.0
𓈎𓌳𓅓𓅱𓀀𓏪	N29,U1,G17,G43,A1,Z3	qmAw	a type of soldiers	0.0
𓈎𓏇𓇋	N29,W19,M17	qmi	gumned ?	0.0
𓈎𓏇𓇋𓋴𓊪𓏏𓂎	N29,W19,M17,S29,Q3,X1,D24	qmi  spt	reticent	0.0
𓈎𓏇𓇋𓇋𓏏𓈓	N29,W19,M17,M17,X1,N33A	qmyt	gum, resin	0.0
𓈎𓏇𓇋𓇋𓏏𓅯𓈒𓏥	N29,W19,M17,M17,X1,G41,N33,Z2	qmyt	gum, resin	0.0
𓈎𓅓𓎛𓌚𓏐	N29,G17,V28,T15,X2	qmH	a loaf	0.0
𓈎𓅓𓂧𓀁	N29,G17,D46,A2	qmd	devise, invent, mourn	0.0
𓈎𓈖𓄃	N29,N35,F5	qn	fat	0.0
𓈎𓈖	N29,N35,J2	qn	fat	0.0
𓈎𓈖𓏏𓄃	N29,N35,X1,F5	qnt	yellowness (in eyes)	0.0
𓈎𓈖𓀜	N29,N35,A24	qni	brave, strong, sturdy (of child), able, capable, dutiful	0.0
𓈎𓈖𓀜	N29,N35,A24	qni	powerful (of speech), stout (of heart), active, conquer, amount (to), be profuse	0.0
𓈎𓈖𓏭𓂡	N29,N35,Z4,D40	qni	strong	0.0
𓈎𓈖𓏭𓄃	N29,N35,Z4,F5	qni	strong	0.0
𓈎𓈖𓀜	N29,N35,A24	qni	profusion	0.0
𓈎𓈖𓀜𓀀	N29,N35,A24,A1	qn	brave man	0.0
𓈎𓈖𓏭𓂡	N29,N35,Z4,D40	qn	brave man	0.0
𓈎𓈖𓇋𓇋𓏏𓏥	N29,N35,M17,M17,X1,Z2	qnyt	the Braves (a military corps d''elite)	0.0
𓈎𓈖𓈖𓂡	N29,N35,N35,D40	qnn	supremacy	0.0
𓈎𓈖𓅪	N29,N35,G37	qn	offence, attack	0.0
𓈎𓈖𓏴𓅪	N29,N35,Z9,G37	qn	offence, attack	0.0
𓈎𓈖	N29,N35,V60	qn	mat	0.0
𓈎𓈖𓇋	N29,N35,M17,V60	qni	ceremonial garment	0.0
𓈎𓈖𓇋𓎅	N29,N35,M17,V19	qni	sheaf, bundle, birthing - stool	0.0
𓈎𓈖𓇋𓂘𓂡	N29,N35,M17,D32,D40	qni	embrace, bosom (of mother)	0.0
𓈎𓈖𓇋𓏲𓂘𓆱	N29,N35,M17,Z7,D32,M3	qniw	palanquin	0.0
𓈎𓈖𓇋𓆱	N29,N35,M17,M3	qniw	palanquin	0.0
𓈎𓈖𓇋𓅱	N29,N35,M17,G43,O9C	qniw	portable shrine	0.0
𓈎𓈖𓇋𓏏𓈒𓏥	N29,N35,M17,X1,N33,Z2	qnit	a yellow pigment, orpiment	0.0
𓈎𓈖𓇋𓇋𓏏𓏊	N29,N35,M17,M17,X1,W22	qnit	a yellow pigment, orpiment	0.0
𓈎𓈖𓇋𓏏𓁹	N29,N35,M17,X1,D4	qnit	yellowness (of eyes)	0.0
𓈎𓈖𓇋𓇋	N29,N35,M17,M17,J3	qny	be yellow (of eyes)	0.0
𓈎𓈖𓃀𓏲𓂡	N29,N35,D58,Z7,D40	qnb	bend, bow, incline (oneself), subjugate	0.0
𓈎𓈖𓃀𓏲𓊋𓏛𓀜	N29,N35,D58,Z7,O38,Y1,A24	qnb	bend, bow, incline (oneself), subjugate	0.0
𓈎𓈖𓃀𓏏𓊋	N29,N35,D58,X1,O38	qnbt	corner, angle	0.0
𓈎𓈖𓃀𓏏𓊋𓀀𓏥	N29,N35,D58,X1,O38,A1,Z2	qnbt	Court (of magistrates)	0.0
𓈎𓈖𓊃	N29,N35,O34,A55A	qns	bury	0.0
𓈎𓈖𓈎𓈖𓇋𓇋𓏏𓆱	N29,N35,N29,N35,M17,M17,X1,M3	qnqnyt	mallet	0.0
𓈎𓈖𓂧𓃷𓂡	N29,N35,D46,E32,D40	qnd	be angry, furious	0.0
𓈎𓂋𓏏𓂂	N29,D21,X1,D12	qrt	depression, hollow place	0.0
𓈎𓂋𓇋𓂾𓂻	N29,D21,M17,D56,D54	qri	draw near, attend (someone)	0.0
𓈎𓂋𓇋𓇲	N29,D21,M17,N4	qri	storm, storm - cloud	0.0
𓈎𓂋𓊡	N29,D21,P5	qri	storm, storm - cloud	0.0
𓈎𓂋𓂋𓊡	N29,D21,D21,P5	qri	storm, storm - cloud	0.0
𓈎𓂋𓇋𓃫𓀜	N29,D21,M17,E21,A24	qri	storm, storm - cloud	0.0
𓈎𓂋𓆑𓋳	N29,D21,I9,S28	qrf	bag	0.0
𓈎𓂋𓆑𓎤	N29,D21,I9,V33	qrf	contract, draw together	0.0
𓈎𓂋𓆑𓂡	N29,D21,I9,D40	qrf	contract, draw together	0.0
𓈎𓂋𓆑𓂘𓂡	N29,D21,I9,D32,D40	qrf	contract, draw together	0.0
𓈎𓆑𓂋𓍢	N29,I9,D21,V1	qrf	contract, draw together	0.0
𓈎𓂋𓆑𓏏𓋳	N29,D21,I9,X1,S28	qrft	bag	0.0
𓈎𓂋𓆑𓏏𓍱	N29,D21,I9,X1,V6	qrft	bag	0.0
𓈎𓂋𓆑𓏏𓎤𓏥	N29,D21,I9,X1,V33,Z2	qrft	contractions (medical)	0.0
𓈎𓂋𓆑𓅱𓍱𓏥	N29,D21,I9,G43,V6,Z2	qrfw	(facial) wrinkles	0.0
𓈎𓂋𓂋𓍔	N29,D21,D21,U30	qrr	fire (pottery), broil (food)	0.0
𓈎𓂋𓂋𓊮	N29,D21,D21,Q7	qrr	fire (pottery), broil (food)	0.0
𓈎𓂋𓂋𓏏𓉐	N29,D21,D21,X1,O1	qrrt	cavern	0.0
𓈎𓂋𓂋𓏏𓂂	N29,D21,D21,X1,D12	qrrt	cavern	0.0
𓈎𓂋𓎛𓏏𓆗	N29,D21,V28,X1,I12	qrHt	serpent - spirit (as guardian of a place) (of princess of ancient family)	0.0
𓈎𓂋𓎛𓏏𓆇	N29,D21,V28,X1,H8	qrHt	serpent - spirit (as guardian of a place) (of princess of ancient family)	0.0
𓈎𓂋𓎛𓏏𓅆	N29,D21,V28,X1,G7	qrHt	serpent - spirit (as guardian of a place) (of princess of ancient family)	0.0
𓈎𓂋𓎛𓏏𓏋	N29,D21,V28,X1,W23	qrHt	vessel	0.0
𓈎𓂋𓎛𓏏𓎺	N29,D21,V28,X1,W10	qrHt	vessel	0.0
𓈎𓂋𓋴𓌟𓂝𓊭	N29,D21,S29,T19,D36,Q6	qrs	bury	0.0
𓈎𓂋𓋴𓌟𓀜	N29,D21,S29,T19,A24	qrs	bury	0.0
𓈎𓂋𓋴𓌟𓁀	N29,D21,S29,T19,A55	qrs	bury	0.0
𓈎𓂋𓋴𓌟𓀾𓀜	N29,D21,S29,T19,A53,A24	qrs	burial	0.0
𓈎𓂋𓋴𓌟𓀜	N29,D21,S29,T19,A24	qrs	burial	0.0
𓈎𓂋𓋴𓌟𓆱	N29,D21,S29,T19,M3	qrs	burial	0.0
𓈎𓂋𓋴𓏏𓊭	N29,D21,S29,X1,Q6	qrst	burial	0.0
𓈎𓂋𓋴𓅱𓊭	N29,D21,S29,G43,Q6	qrsw	coffin	0.0
𓈎𓂋𓊃𓁀	N29,D21,O34,A55	qrsw	coffin	0.0
𓈎𓂋𓋴𓆱𓂡	N29,D21,S29,M3,D40	qrsw	coffin	0.0
𓈎𓂋𓋴𓏏𓏏𓊭	N29,D21,S29,X1,X1,Q6	qrstt	tomb - equipment	0.0
𓈎𓂋𓋴𓌟𓊭𓏏𓏏	N29,D21,S29,T19,Q6,X1,X1	qrstt	tomb - equipment	0.0
𓈎𓄿𓂋𓏤𓆓𓏭𓈖𓄿𓈔	N29,G1,D21,Z1,I10,Z4,N35,G1,N34	qrDn	axe	0.0
𓈎𓎛𓏋	N29,V28,W23	qH	a type of vase or jar	0.0
𓈎𓎛𓈎𓎛𓅱𓂤𓏥	N29,V28,N29,V28,G43,D43,Z2	qHqHw	metal - workers	0.0
𓈎𓋴𓌟𓈖𓅪	N29,S29,T19,N35,G37	qsn	irksome	0.0
𓈎𓋴𓌟𓈖𓏏𓅪𓏥	N29,S29,T19,N35,X1,G37,Z2	qsnt	trouble, misfortune	0.0
𓈎𓊃𓈖𓌟	N29,O34,N35,T19	qsn	pain, troubling (by foes)	0.0
𓈎𓂧𓀨	N29,D46,J28,A35	qd	build, fashion (men)	0.0
𓈏𓏏𓏤𓈇	N30,X1,Z1,N23	iAt	mound, ruin	0.0
𓈐𓈋𓏲𓈒𓏥	N31,N26,Z7,N33,Z2	wADw	green eye - paint	0.0
𓈐𓂋	N31,D21	Hrw  r	apart from, besides, as well as	0.0
𓈐𓈖𓇋𓎺	N31,N35,M17,W10	Tni	basin	0.0
𓈒𓂋𓇋𓇋	N33,D21,M17,M17,N33AV	Xry	Myrrh	0.0
𓈔𓏤𓈓	N34,Z1,N33A	Hmt	copper, minerals,  (figuratively for Firmness of Character)	0.0
𓈔𓏏𓏭𓂡	N34,X1,Z4,D40	Hmty	coppersmith	0.0
𓈖𓀀𓇋𓅓	N35,A1,M17,G17	n  .i  imy	of (mine), belongs to (me)	0.0
𓈖𓉔𓏭𓌴𓁹𓄿𓄿𓈒𓏥	N35,O4,Z4,U2,D4,G1,G1,N33,Z2	nhm	pomegranate (tree and fruit)	0.0
𓈖𓌴𓁹𓅱𓏥𓆑	N35,U2,D4,G43,Z2,I9	n   mAw   .f	at the sight of him	0.0
𓈖𓌳𓄿𓅱𓏏𓏛	N35,U1,G1,G43,X1,Y1	n   mAwt	new	0.0
𓈖𓌻𓂋𓅱𓏏𓀁	N35,U7,D21,G43,X1,A2	n  mrwt	in order that	0.0
𓈖𓈖𓏏𓏏	N35,N35,X1,X1	n  ntt	because	0.0
𓈖𓀀𓇋𓅓𓇋𓇋	N35,A1,M17,G17,M17,M17	n  .i  imy	belongs to me	0.0
𓈖𓄿𓃀𓏏𓁸	N35,G1,D58,X1,D3	nAbt	tress of hair	0.0
𓈖𓏏𓋕	N35,X1,S4	nt	Crown of Lower Egypt	0.0
𓈖𓏏𓏯𓅆	N35,X1,Z5,G7	nt	Crown of Lower Egypt	0.0
𓈖𓏏𓋋𓆗	N35,X1,R24,I12	nt	Neith (goddess)	0.0
𓈖𓏏𓏯𓆗	N35,X1,Z5,I12	nt	Neith (goddess)	0.0
𓈖𓄿𓇋𓇋𓀀	N35,G1,M17,M17,A1	nAy .i	my	0.0
𓈖𓄿𓏏𓉐	N35,G1,X1,O1	nAt	weaving room	0.0
𓈖𓄫𓃵	N35,F40,E30	niAw	ibex	0.0
𓈖𓄫𓅱𓊡	N35,F40,G43,P5	nAw	breeze	0.0
𓈖𓇋𓂢	N35,M17,D41	ni	drive away, rebuff, avoid, throw down (an enemy), turn back (evil)	0.0
𓈖𓇋𓂢	N35,M17,D41	ni	get rid (of wrong), parry (missile), darken ? (sun)	0.0
𓈖𓇋𓇋	N35,M17,M17,D120	ni	throw down (an enemy)	0.0
𓈖𓇋𓂢	N35,M17,D41	ni	shrink (from)	0.0
𓈖𓇋𓇋𓏲𓂢𓂡	N35,M17,M17,Z7,D41,D40	ni	shrink (from)	0.0
𓈖𓇋𓏏𓅪𓏪	N35,M17,X1,G37,Z3	nit	wrong doing	0.0
𓈖𓇋𓄫𓅱	N35,M17,F40,G43,E30A	niAw	ibex	0.0
𓈖𓄫𓃵	N35,F40,E30	niAw	ibex	0.0
𓈖𓂋𓄫𓏲𓄛𓏤	N35,D21,F40,Z7,F27,Z1	niAw	ibex	0.0
𓈖𓇋𓅱𓅦	N35,M17,G43,G34	niw	ostrich	0.0
𓈖𓇋𓏲𓂢𓅭	N35,M17,Z7,D41,G39	niw	ostrich	0.0
𓈖𓇋𓏲𓂢𓏌	N35,M17,Z7,D41,W24	niw	bowl	0.0
𓈖𓇋𓅱	N35,M17,G43	niw	primaeval waters	0.0
𓈖𓅱𓅱	N35,G43,G43	niw	primaeval waters	0.0
𓈖𓏏𓊖	N35,X1,O49,N50	niwt	lower heaven	0.0
𓈖𓃛𓃛	N35,E9,E9	niwiw	be glad ?	0.0
𓈖𓏭𓈖𓏭	N35,Z4,N35,Z4,A85	nyny	Greeting !	0.0
𓈖𓈖	N35,N35,A85	nyny	Greeting !	0.0
𓈖𓇋𓋴𓀁	N35,M17,S29,A2	nis	make summons, make invocation	0.0
𓈖𓇋𓋴𓀁𓈖	N35,M17,S29,A2,N35	nis  n	call to, summon	0.0
𓈖𓇋𓋴𓀁	N35,M17,S29,A2	nis	summon, invoke, recite, evoke, dub	0.0
𓈖𓋴𓀞	N35,S29,A26	nis	summons	0.0
𓈖𓇋𓋴𓀁𓏏𓅱𓆑𓅓	N35,M17,S29,A2,X1,G43,I9,G17	nis  tw  .f  m	he will be dubbed as a	0.0
𓈖𓇋𓋴𓅱𓀁	N35,M17,S29,G43,A2	nisw	he who is summoned, reckoner	0.0
𓈖𓇋𓎡𓂢𓀀	N35,M17,V31,D41,A1	nik	evil doer	0.0
𓈖𓇋𓎡𓆙	N35,M17,V31,I14	nik	a serpent demon	0.0
𓈖𓎡𓇋𓆙	N35,V31,M17,I14	nik	a serpent demon	0.0
𓈖𓇋𓏏𓇋𓏏𓂻	N35,M17,X1,M17,X1,D54	nitit	impede	0.0
𓈖𓏏𓇋𓏏𓇋𓂻	N35,X1,M17,X1,M17,D54	nitit	impede	0.0
𓈖𓇋𓏏𓇋𓏏𓀁	N35,M17,X1,M17,X1,A2	nitit	stammer	0.0
𓈖𓂝𓊛	N35,D36,P1	nai	travel, traverse (waterway), convey (someone)	0.0
𓈖𓂝𓏏𓊛	N35,D36,X1,P1	nat	expedition	0.0
𓈖𓂝𓅪	N35,D36,G37	nai	be lenient	0.0
𓈖𓂝𓇋𓇋𓏏𓆱	N35,D36,M17,M17,X1,M3	nayt	mooring post	0.0
𓈖𓂝𓂝𓏞𓏛	N35,D36,D36,Y3,Y1	naa	smooth, undecorated, smoothness (of complextion), mix smoothly	0.0
𓈖𓂝𓅱𓆙	N35,D36,G43,I14	naw	serpent	0.0
𓈖𓂝𓂋𓆛	N35,D36,D21,K1	nar	cat - fish	0.0
𓈖𓍇𓏌𓅱	N35,U19,W24,G43	nw	this, these	0.0
𓈖𓍇𓏌𓅱𓇳	N35,U19,W24,G43,N5	nw	time, for a while	0.0
𓈖𓍇𓏌𓏲𓀔	N35,U19,W24,Z7,A17	nw	be weak	0.0
𓈖𓍇𓏌𓅱𓅪𓏥	N35,U19,W24,G43,G37,Z2	nw	weakness	0.0
𓈖𓍇𓏌𓅱𓁹	N35,U19,W24,G43,D4	nw	see, look	0.0
𓈖𓍯𓄿𓁺	N35,V4,G1,D5	nw	see, look	0.0
𓈖𓍇𓏌𓁹	N35,U19,W24,D4	nw	see, look	0.0
𓈖𓍇𓏌𓅱𓁹𓀀	N35,U19,W24,G43,D4,A1	nw	hunter	0.0
𓈖𓍇𓏌𓅱𓁹	N35,U19,W24,G43,D4,E14C	nw	hunter	0.0
𓈖𓍇𓏌𓅱𓁹𓂾	N35,U19,W24,G43,D4,D56	nw	hunter	0.0
𓈖𓍇𓏌𓅱𓁹𓂻𓀀	N35,U19,W24,G43,D4,D54,A1	nw	hunter	0.0
𓈖𓍇𓏌𓏲𓏏𓍢𓏥	N35,U19,W24,Z7,X1,V1,Z2	nwt	yarn (for weaving)	0.0
𓈖𓍇𓏌𓅱𓍢𓂡	N35,U19,W24,G43,V1,D40	nwi	care for, take care of, collect, assemble	0.0
𓈖𓍯𓃨	N35,V4,E19	nwA  wpwt	adze of Wepwawet (used in Opening of the mouth)	0.0
𓈖𓍉𓃢	N35,U21,E15	nwA  wpwt	adze of Wepwawet (used in Opening of the mouth)	0.0
𓈖𓍇𓏌𓅱𓇋𓇋𓈗	N35,U19,W24,G43,M17,M17,N35A	nwy	water, flood, pool	0.0
𓈖𓍇𓏌𓏲𓈗	N35,U19,W24,Z7,N35A	nwy	water, flood, pool	0.0
𓈖𓍇𓏌𓈗𓈘	N35,U19,W24,N35A,N36	nwy	water, flood, pool	0.0
𓈖𓍇𓏌𓅱𓇋𓇋𓏏𓈗	N35,U19,W24,G43,M17,M17,X1,N35A	nwyt	waters (of canal), pool, wave	0.0
𓈖𓍇𓏌𓏲𓏏𓈗	N35,U19,W24,Z7,X1,N35A	nwyt	wave	0.0
𓈖𓍇𓏌𓅱𓇋𓇋𓂻	N35,U19,W24,G43,M17,M17,D54	nwy	return (to a place), come (to someone), bring back (someone)	0.0
𓈖𓍇𓏌𓅱𓂻	N35,U19,W24,G43,D54	nwy	bring back (someone)	0.0
𓈖𓃹𓈖	N35,E34,N35,A90C	nwn	dishevel, be dishevelled, pull (at hair)	0.0
𓈖𓇬𓈖	N35,M42,N35	nwn	dishevel, be dishevelled, pull (at hair)	0.0
𓈖𓍇𓏌𓅱𓎛𓍢	N35,U19,W24,G43,V28,V1	nwH	rope, band (of metal)	0.0
𓈖𓍇𓏌𓅱𓎛𓍢𓂡	N35,U19,W24,G43,V28,V1,D40	nwH	bind (enemies)	0.0
𓈖𓍇𓏌𓏲𓊮	N35,U19,W24,Z7,J1,Q7	nwx	heat	0.0
𓈖𓍇𓏌𓏲𓊮	N35,U19,W24,Z7,J1,Q7	nwx	be scorched	0.0
𓈖𓍇𓏌𓊃𓏳	N35,U19,W24,O34,Z8	nws	sheet ? (of metal)	0.0
𓈖𓍇𓏌𓏲𓂧𓂻	N35,U19,W24,Z7,D46,D54	nwd	turn aside, vacillate	0.0
𓈖𓍇𓏌𓏲𓂧𓏴𓅪	N35,U19,W24,Z7,D46,Z9,G37	nwd	vacillate	0.0
𓈖𓍇𓏌𓏲𓂧𓏏𓋳	N35,U19,W24,Z7,D46,X1,S28	nwdt	swaddling clothes (of child)	0.0
𓈖𓍇𓏌𓂧	N35,U19,W24,D46,J23T	nwdw	squeeze out (oil)	0.0
𓈖𓍇𓏌𓏲𓂧𓏏𓏥	N35,U19,W24,Z7,D46,X1,J2,Z2	nwdt	ointment	0.0
𓈖𓍇𓏌𓏲𓆓𓏏𓈒	N35,U19,W24,Z7,I10,X1,N33	nwdt	ointment	0.0
𓈖𓍇𓂧𓏋𓏥	N35,U19,D46,W23,Z2	nwdw	unguents	0.0
𓈖𓍇𓏌𓅱𓂧𓏪	N35,U19,W24,G43,D46,Z3	nwdw	unguents	0.0
𓈖𓍇𓏌𓅱𓂧𓏪	N35,U19,W24,G43,D46,W1B,Z3	nwdw	unguents	0.0
𓈖𓍇𓏌𓏲𓂧𓏏𓏭𓏊𓀜𓅆	N35,U19,W24,Z7,D46,X1,Z4,W22,A24,G7	nwdty	ointment maker	0.0
𓈖𓃀𓍢𓂝	N35,D58,V1,D36	nb	tie	0.0
𓈖𓎟𓃀𓏏𓎟𓏤	N35,V30,D58,X1,V30,Z1	nbt	basket	0.0
𓈖𓎟𓃀𓈗	N35,V30,D58,N35A	nbi	swim	0.0
𓈖𓃀𓀒𓈗	N35,D58,A15,N35A	nbi	swim	0.0
𓈖𓋞𓃀𓈗	N35,S12,D58,N35A	nbi	swim	0.0
𓈖𓎟𓃀𓀒𓈙	N35,V30,D58,A15,N37	nbi	melt (metal)	0.0
𓈖𓃀𓇋𓇋𓏏	N35,D58,M17,M17,X1	nbyt	gold collar	0.0
𓈖𓃀𓇋𓇋𓂷𓂡	N35,D58,M17,M17,D51,D40	nby	protector	0.0
𓈖𓃀𓅡𓄿𓆱	N35,D58,G29,G1,M3	nbA	carrying pole	0.0
𓈖𓃀𓇋𓆱	N35,D58,M17,M3	nbA	carrying pole	0.0
𓈖𓃀𓅡𓄿𓁸	N35,D58,G29,G1,D3	nbA	wig ?	0.0
𓈖𓃀𓇋𓆱	N35,D58,M17,M3	nbi	reed, measure of 2 cubits	0.0
𓈖𓃀𓇋𓊮	N35,D58,M17,Q7	nbi	flame, burn	0.0
𓈖𓃀𓇋𓏏𓊮	N35,D58,M17,X1,Q7	nbit	flaming one (of Uraeus)	0.0
𓈖𓃀𓇋𓏏𓌟𓆰	N35,D58,M17,X1,T19,M2	nbit	reed	0.0
𓈖𓃀𓇋𓃀𓇋𓊮	N35,D58,M17,D58,M17,Q7	nbibi	be hot	0.0
𓈖𓃀𓈖𓃀𓂡	N35,D58,N35,D58,D40	nbnb	guard	0.0
𓈖𓃀𓋴𓆭	N35,D58,S29,M1	nbs	zizyphus	0.0
𓈖𓃀𓋴𓆱	N35,D58,S29,M3	nbs	zizyphus	0.0
𓈖𓃀𓂧𓂷𓂡	N35,D58,D46,D51,D40	nbd	band (doors with metal)	0.0
𓈖𓃀𓂧𓍢𓂡	N35,D58,D46,V1,D40	nbd	band (doors with metal)	0.0
𓈖𓃀𓂧𓁸	N35,D58,D46,D3	nbd	band (doors with metal)	0.0
𓈖𓃀𓂧𓁸	N35,D58,D46,D3	nbd	plait, wrap up	0.0
𓈖𓃀𓂧𓏏𓁸	N35,D58,D46,X1,D3	nbdt	tress (of hair)	0.0
𓈖𓃀𓆓𓀜	N35,D58,I10,A24	nbD	destructive	0.0
𓈖𓃀𓂧𓁸𓀭	N35,D58,D46,D3,A40	nbd	the Evil One	0.0
𓈖𓃀𓂧𓅱𓁸𓈓𓂧𓂂𓌙𓀀𓏥	N35,D58,D46,G43,D3,N33A,J28,D46,D12,Y1V,T14,A1,Z2	nbdw  qd	those of bad character	0.0
𓈖𓊪𓅯𓈗	N35,Q3,G41,N35A	npA	be wet	0.0
𓈖𓊪𓅮𓄿𓅱𓏲𓏥	N35,Q3,G40,G1,G43,Z7,Z2	npAw	umbilical cord	0.0
𓈖𓅮𓏏𓎺	N35,G40,X1,W10	npAt	a cake (or) a loaf	0.0
𓈖𓊪𓅯𓄿𓊪𓅯𓄿	N35,Q3,G41,G1,Q3,G41,G1	npApA	flutter	0.0
𓈖𓊪𓈖𓊪𓏏𓋳	N35,Q3,N35,Q3,X1,S28	npnpt	hem	0.0
𓈖𓊪𓂋𓇡	N35,Q3,D21,M33A	npr	grain	0.0
𓈖𓊪𓇋𓇡	N35,Q3,M17,M33A	npr	grain	0.0
𓈖𓊪𓂋𓇋𓇡	N35,Q3,D21,M17,M33A	npr	grain	0.0
𓈖𓊪𓂋𓇡𓀭	N35,Q3,D21,M33A,A40	npr	grain	0.0
𓈖𓊪𓂋𓇋𓀭	N35,Q3,D21,M17,A40	npr	grain (as god)	0.0
𓈖𓊪𓂋𓏏𓈇𓏥	N35,Q3,D21,X1,N23,Z2	nprt	brim (of well), flat slab, basis	0.0
𓈖𓊪𓂋𓏏𓈀𓏥	N35,Q3,D21,X1,N18,Z2	nprt	brim (of well), flat slab, basis	0.0
𓈖𓊪𓎛𓏲𓄹𓏥	N35,Q3,V28,Z7,F51,Z2	npHw	iliac region, groin, lymph nodes	0.0
𓈖𓊪𓆓𓌒𓌪	N35,Q3,I10,T9,T30	npD	slaughter	0.0
𓈖𓊪𓂧𓌒𓌪	N35,Q3,D46,T9,T30	npD	slaughter	0.0
𓈖𓊪𓆓𓏏𓌪	N35,Q3,I10,X1,T30	npDt	sharp knife	0.0
𓈖𓆑𓄿	N35,I9,G1	nfA	that, those	0.0
𓈖𓆑𓄿𓈐	N35,I9,G1,N31	nfA	that, those	0.0
𓈖𓆑𓄿𓊪𓅱	N35,I9,G1,Q3,G43	nfA  pw	thus it was	0.0
𓈖𓆑𓄿𓆑𓄿𓂻	N35,I9,G1,I9,G1,D54	nfAfA	creep	0.0
𓈖𓆑𓅪	N35,I9,G37	nf	wrong, wrong - doing	0.0
𓈖𓆑𓇋𓇋𓃒	N35,I9,M17,M17,E1	nf	wrong, wrong - doing	0.0
𓈖𓆑𓇋𓇋𓃒	N35,I9,M17,M17,E1	nfy	wrongfully	0.0
𓈖𓆑𓇋𓇋𓀁	N35,I9,M17,M17,A2	nfy	wrongfully	0.0
𓈖𓆑𓀁	N35,I9,A2	nfy	wrongfully	0.0
𓈖𓆑𓏏𓊡𓏲	N35,I9,X1,P5,Z7	nft	breath, wind	0.0
𓈖𓆑𓏲𓏏𓊡𓏪	N35,I9,Z7,X1,P5,Z3	nft	breath, wind	0.0
𓈖𓆑𓇋𓇋𓏏𓎅	N35,I9,M17,M17,X1,V19	nfyt	fan	0.0
𓈖𓆑𓏏𓄛	N35,I9,X1,F27	nfyt	fan	0.0
𓈖𓆑𓄿𓂉	N35,I9,G1,D19	nfA	blow (out of nose)	0.0
𓈖𓆑𓂝𓂻	N35,I9,D36,D54	nfa	remove	0.0
𓈖𓆑𓈖𓆑𓈖𓍢	N35,I9,N35,I9,N35,V1	nfnfn	unroll ?	0.0
𓈖𓆑𓏏𓀜	N35,I9,X1,A24	nft	slacken (bow), detach, loosen	0.0
𓈖𓆑𓏏𓍢𓂡	N35,I9,X1,V1,D40	nft	detach, loosen	0.0
𓈖𓆑𓏏𓆑𓏏𓂻	N35,I9,X1,I9,X1,D54	nftft	leap	0.0
𓈖𓌰𓅓𓂟	N35,T34,G17,D38	nm	who ?	0.0
𓈖𓌰𓅓𓏏𓌩	N35,T34,G17,X1,T29	nmt	slaughter house	0.0
𓈖𓌰𓅓𓅱𓏏𓉐𓏪	N35,T34,G17,G43,X1,O1,Z3	nmt	slaughter house	0.0
𓈖𓌰𓅓	N35,T34,G17,A282	nmw	dwarf	0.0
𓈖𓈗	N35,N35A	nmw	dwarf	0.0
𓈖𓌰𓅓𓅪	N35,T34,G17,G37	nm	go wrong (of plans), rob (with), steal (with)	0.0
𓈖𓌰𓅓𓆛	N35,T34,G17,K1	nm	go wrong (of plans), rob (with), steal (with)	0.0
𓈖𓌰𓅓𓅱𓈘𓈅𓏥	N35,T34,G17,G43,N36,N21,Z2	nmw	vats	0.0
𓈖𓌰𓅓𓇋𓂻	N35,T34,G17,M17,D54	nmi	travel, traverse	0.0
𓈖𓉕𓅓𓊛	N35,O5,G17,P1	nmi	travel, traverse	0.0
𓈖𓌰𓅓𓂻	N35,T34,G17,D54	nmi	travel, traverse	0.0
𓈖𓌰𓅓𓇋𓂢	N35,T34,G17,M17,D41	nmi	travel, traverse	0.0
𓈖𓌰𓅓𓇋𓉕𓂝	N35,T34,G17,M17,O5,D36	nmi	travel, traverse	0.0
𓈖𓌰𓅓𓉕𓂝𓀀𓏪𓈙𓂝𓈒𓏥𓀀𓁐𓏥	N35,T34,G17,O5,D36,A1,Z3,N37,D36,N33,Z2,A1,B1,Z2	nmiw  Sa	Bedouin, Sandfarers	0.0
𓈖𓌰𓅓𓇋𓏲𓂢𓏥𓈙𓂝𓈒𓏥𓌙𓀀𓏥	N35,T34,G17,M17,Z7,D41,Z2,N37,D36,N33,Z2,T14,A1,Z2	nmiw  Sa	Bedouin, Sandfarers	0.0
𓈖𓌰𓅓𓇋𓏲𓂢𓌙𓀀𓏥𓈙𓂝𓈒𓏥	N35,T34,G17,M17,Z7,D41,T14,A1,Z2,N37,D36,N33,Z2	nmiw  Sa	Bedouin, Sandfarers	0.0
𓈖𓌰𓅓𓇋𓀁	N35,T34,G17,M17,A2	nmi	shout (of people), low (of cattle)	0.0
𓈖𓌰𓅓𓇋𓉕𓀁	N35,T34,G17,M17,O5,A2	nmi	shout (of people), low (of cattle)	0.0
𓈖𓌰𓅓𓂝𓀁	N35,T34,G17,D36,A2	nma	be one-sided, partial, question	0.0
𓈖𓌰𓅓𓂝𓊋	N35,T34,G17,D36,O38	nma	be one-sided, partial, question	0.0
𓈖𓌰𓅓𓂝𓃫𓀜	N35,T34,G17,D36,E21,A24	nma	be one-sided, partial, question	0.0
𓈖𓌰𓅓𓂝𓁀	N35,T34,G17,D36,A55	nma	go to sleep	0.0
𓈖𓏏𓅐	N35,X1,G14,T90	nmwt	net	0.0
𓈖𓌰𓅓𓈖𓌰𓅓𓂻	N35,T34,G17,N35,T34,G17,D54	nmnm	quake, quiver, go to and fro	0.0
𓈖𓌰𓅓𓎛𓀔𓅪	N35,T34,G17,V28,A17,G37	nmH	be poor	0.0
𓈖𓌰𓅓𓎛𓀔𓅪	N35,T34,G17,V28,A17,G37	nmH	deprive (of), deduct (from)	0.0
𓈖𓌰𓅓𓎛𓀔𓅪	N35,T34,G17,V28,A17,G37	nmH	poverty, humility	0.0
𓈖𓌰𓅓𓎛𓀔𓅪𓀀	N35,T34,G17,V28,A17,G37,A1	nmHy	orphan, private person, freeman (of low degree)	0.0
𓈖𓌰𓅓𓎛𓇋𓇋𓀔	N35,T34,G17,V28,M17,M17,A17	nmHy	orphan, private person, freeman	0.0
𓈖𓅓𓎛𓅱𓅪𓏥𓀀	N35,M170,G17,V28,G43,G37,Z2,A1	nmHy	orphan, private person, freeman	0.0
𓈖𓌰𓅓𓏏𓂻	N35,T34,G17,X1,D54	nmt	stride over, traverse	0.0
𓈖𓌰𓏏𓂻	N35,T34,X1,D54	nmt	stride over, traverse	0.0
𓈖𓌰𓅓𓏯𓏏𓂻	N35,T34,G17,Z5,X1,D54	nmt	stride over, traverse,	0.0
𓈖𓌰𓅓𓏏𓏏𓂻𓏥	N35,T34,G17,X1,X1,D54,Z2	nmtt	stride, journeys, movements, actions, (legal) procedure	0.0
𓈖𓌰𓅓𓏏𓅂𓆛𓂻	N35,T34,G17,X1,G4,K1,D54	nmytw	intruding ?	0.0
𓈖𓌰𓅓𓏏𓏏𓆛	N35,T34,G17,X1,X1,K1	nmytw	intruding ?	0.0
𓈖𓈖𓇋𓇋𓏲𓀉𓀀𓏥	N35,N35,M17,M17,Z7,A7,A1,Z2	nnyw	inert ones (the Dead)	0.0
𓈖𓈖𓏌𓏌𓏌𓅱	N35,N35,W24,W24,W24,G43	nnw	primaeval waters	0.0
𓈖𓇑𓇑𓏏	N35,M22,M22,X1,N50	nnt	lower heaven	0.0
𓈖𓈖𓌰𓅓𓅪	N35,N35,T34,G17,G37	nnm	err, go wrong (of plans), error	0.0
𓈖𓈖𓈙𓅓𓄹𓏤	N35,N35,N37,G17,F51,Z1	nnSm	spleen	0.0
𓈖𓈖𓎡	N35,N35,V31	nnk	belongs to me, on my part	0.0
𓈖𓂋𓏏𓅐	N35,D21,X1,G14	nrt	vulture	0.0
𓈖𓂋𓏏𓅭	N35,D21,X1,G39	nrt	vulture	0.0
𓈖𓏏𓂋𓏯𓅭	N35,X1,D21,Z5,G39	nrt	vulture	0.0
𓈖𓂋𓂡	N35,D21,D40	nri	fear (someone), overawe	0.0
𓈖𓂋𓇋𓇋𓆂𓂡	N35,D21,M17,M17,H4,D40	nri	fear (someone), overawe	0.0
𓈖𓂋𓆂𓂡	N35,D21,H4,D40	nri	fear (someone)	0.0
𓈖𓂋𓅱𓅐𓀜𓏪	N35,D21,G43,G14,A24,Z3	nrw	fear, dread, disturbance	0.0
𓈖𓂋𓅱𓆂𓂡𓏥	N35,D21,G43,H4,D40,Z2	nrw	fear, dread, disturbance ?	0.0
𓈖𓂋𓆂𓂡	N35,D21,H4,D40	nrw	fear, dread, disturbance	0.0
𓈖𓂋𓅐𓂝	N35,D21,G14,D36	nrw	fear, dread, disturbance	0.0
𓈖𓂋𓅱𓅐𓏪	N35,D21,G43,G14,Z3	nrw	fear, dread, disturbance	0.0
𓈖𓂋𓅱𓅐𓀜	N35,D21,G43,G14,A24	nrw	terrible one	0.0
𓈖𓂋𓂻	N35,D21,D54	nr	charge (after enemy)	0.0
𓈖𓂋𓂡	N35,D21,D40	nr	charge (after enemy)	0.0
𓈖𓂋𓆂𓂡	N35,D21,H4,D40	nri	protect	0.0
𓈖𓂋𓇋𓇋𓏏𓆂𓂡	N35,D21,M17,M17,X1,H4,D40	nrit	protect	0.0
𓈖𓂋𓅐𓃒𓏪	N35,D21,G14,E1,Z3	nr  iHw	ox herd	0.0
𓈖𓂋𓀀	N35,D21,A1	nr  iHw	ox - herd	0.0
𓈖𓂋𓇋𓆵𓇳	N35,D21,M17,M6,N5	nr	time, return of the year	0.0
𓈖𓂋𓇋𓆵𓇳𓂋𓇋𓆵𓇳	N35,D21,M17,M6,N5,D21,M17,M6,N5	nr  rr	periodically	0.0
𓈖𓉔𓅪	N35,O4,G37	nh	escape (death)	0.0
𓈖𓉔𓏏𓉐	N35,O4,X1,O1	nht	shelter, refuge	0.0
𓈖𓉔𓏏𓏛𓏥	N35,O4,X1,Y1,Z2	nht	(magical) protection	0.0
𓈖𓉔𓏏𓆭	N35,O4,X1,M1	nht	sycamore tree, tree (en general)	0.0
𓈖𓉔𓏭𓅪𓈒𓏥	N35,O4,Z4,G37,N33,Z2	nhy	some, a little, a few	0.0
𓈖𓉔𓅪𓈒𓏥	N35,O4,G37,N33,Z2	nhy	some, a little, a few	0.0
𓈖𓉔𓅱𓏭𓀀𓏥	N35,O4,G43,Z4,A1,Z2	nhy	some, a little, a few	0.0
𓈖𓉔𓅱𓅪	N35,O4,G43,G37	nhw	loss	0.0
𓈖𓉔𓅱𓏥	N35,O4,G43,Z2	nhw	loss	0.0
𓈖𓉔𓇋𓇋𓅪𓈒𓏥	N35,O4,M17,M17,G37,N33,Z2	nhw	loss	0.0
𓈖𓉔𓊪𓂻	N35,O4,Q3,D54	nhp	pulsate	0.0
𓈖𓉔𓊪𓂺	N35,O4,Q3,D53	nhp	copulate	0.0
𓈖𓉔𓊪𓇳	N35,O4,Q3,N5	nhp	rise early in the morning, early morning	0.0
𓈖𓉔𓊪𓅱𓇳	N35,O4,Q3,G43,N5	nhpw	early morning	0.0
𓈖𓉔𓊪𓇳	N35,O4,Q3,N5	nhpw	early morning	0.0
𓈖𓉔𓊪𓏛	N35,O4,Q3,Y1	nhp	mourn	0.0
𓈖𓉔𓊪𓀁	N35,O4,Q3,A2	nhp	care (for)	0.0
𓈖𓉔𓊪𓂻	N35,O4,Q3,D54	nhp	care (for)	0.0
𓈖𓉔𓅓𓀁	N35,O4,G17,A2	nhm	shout, thunder (of sky)	0.0
𓈖𓉔𓅓𓀟	N35,O4,G17,A27	nhm	shout	0.0
𓈖𓉔𓅓𓀜𓂻	N35,O4,G17,A24,D54	nhm	dance for joy ?	0.0
𓈖𓉔𓏭𓌴𓁹𓄿𓄿𓈒𓏥	N35,O4,Z4,U2,D4,G1,G1,N33,Z2	inhmn	pomegranate	0.0
𓈖𓉔𓅓𓉔𓅓	N35,O4,G17,O4,G17	nhmhm	roar, thunder	0.0
𓈖𓉔𓅓𓉔𓅓𓂡	N35,O4,G17,O4,G17,D40	nhmhm	thunder	0.0
𓈖𓉔𓈖𓉔𓄿	N35,O4,N35,O4,G1	nhnhA	quake	0.0
𓈖𓉔𓂋𓏭𓀘	N35,O4,D21,Z4,A20	nhry	noble of Nahrin	0.0
𓈖𓉔𓂋𓈖𓈉	N35,O4,D21,N35,N25	nhrn	Naharin	0.0
𓈖𓉔𓂋𓈖𓄿𓈘𓈉	N35,O4,D21,N35,G1,N36,N25	nhrn	Naharin	0.0
𓈖𓉔𓂋𓏭𓌙𓈉	N35,O4,D21,Z4,T14,N25	nhrn	Naharin	0.0
𓈖𓉔𓄿𓂋𓏭𓈖𓄿𓌙𓈉	N35,O4,G1,D21,Z4,N35,G1,T14,N25	nhrn	Naharin	0.0
𓈖𓉔𓊃	N35,O4,O34,A103	nhsi	wake	0.0
𓈖𓉔𓊃𓂡	N35,O4,O34,D40	nhsi	wake	0.0
𓈖𓉔𓋴𓍞𓁻	N35,O4,S29,U39,D6	nhsi	wake	0.0
𓈖𓉔𓊃𓇋	N35,O4,O34,M17,D77	nhsi	wake	0.0
𓈖𓉔𓋴𓃯	N35,O4,S29,E25	nhs	hippopotamus	0.0
𓈖𓉔𓂧𓉔𓂧𓀁	N35,O4,D46,O4,D46,A2	nhdhd	throb	0.0
𓈖𓎛𓀁	N35,V28,A2	nHi	pray for, prayer	0.0
𓈖𓇉𓄿𓀁	N35,M16,G1,A2	nHA	shake ?	0.0
𓈖𓇉𓄿𓏏𓀁	N35,M16,G1,X1,A2	nHAt	palpitations ? (of heart)	0.0
𓈖𓇉𓄿	N35,M16,G1,J2	nHA	contrary, perverse, alarming, terrible, abnormal	0.0
𓈖𓎛𓇉𓄿	N35,V28,M16,G1,J2	nHA	alarming	0.0
𓈖𓎛𓄿	N35,V28,G1,J2	nHA	abnormal ?	0.0
𓈖𓇉𓄿𓈖𓇋𓈖𓂋𓊌	N35,M16,G1,J2,N35,M17,N35,D21,O39	nHA  n  inr	dry rock ?	0.0
𓈖𓇉𓄿𓄣𓏤𓀀	N35,M16,G1,J2,F34,Z1,A1	nHA  ib	sad man	0.0
𓈖𓇉𓄿𓏏𓄣𓏤𓅪𓏥	N35,M16,G1,X1,J2,F34,Z1,G37,Z2	nHAt  ib	sadness, a sad matter	0.0
𓈖𓇉𓏏𓄣𓏤	N35,M16,J2,X1,F34,Z1	nHAt  ib	sadness	0.0
𓈖𓇉𓄿𓈗𓈘𓈇	N35,M16,G1,J2,N35A,N36,N23	nHA	dangerous waters	0.0
𓈖𓅘𓎛𓃀𓏏𓄹	N35,G21,V28,D58,X1,F51	nHbt	neck	0.0
𓈖𓅱𓎛𓃀𓅱𓃒	N35,G43,V28,D58,G43,E1	nHbw	yoke - oxen	0.0
𓈖𓅘𓎛𓃀𓅱𓂓𓂓𓂓𓂕	N35,G21,V28,D58,G43,D28,D28,D28,D30	nHbw  kAw	the god Nehebkau  and his Festival	0.0
𓈖𓅘𓃀𓏏	N35,G21,D58,X1,J51	nHbt	lotus - bud sceptre	0.0
𓈖𓎛𓃀𓏏	N35,V28,D58,X1,J51	nHbt	lotus - bud sceptre	0.0
𓈖𓈟𓅓𓀜	N35,N42,G17,A24	nHm	take away, carry off, assume (an office), save, rescue, withdraw (oneself)	0.0
𓈖𓈟𓅓𓂝𓈖	N35,N42,G17,D36,N35	nHmn	surely, assuredly	0.0
𓈖𓅘𓎛𓈖𓀁	N35,G21,V28,N35,A2	nHn	rejoice	0.0
𓈖𓎛𓁷𓂋	N35,V28,D2,D21	nHr	resemble	0.0
𓈖𓁷𓂋	N35,D2,D21,A478A	nHr	a loaf, a cake	0.0
𓈖𓎛𓇳𓎛	N35,V28,N5,V28	nHH	eternity, for ever	0.0
𓈖𓅘𓎛𓇳𓎛	N35,G21,V28,N5,V28	nHH	eternity, for ever	0.0
𓈖𓅲𓎛𓎛𓇳𓈇	N35,G43A,V28,V28,N5,N23	nHH	eternity, for ever	0.0
𓈖𓅘𓎛𓋴𓏭𓌙𓀀	N35,G21,V28,S29,Z4,T14,A1	nHsy	Nubian	0.0
𓈖𓅘𓎛𓋴𓀏	N35,G21,V28,S29,A13	nHsy	Nubian	0.0
𓈖𓎛𓋴𓏭𓌙𓀀	N35,V28,S29,Z4,T14,A1	nHsy	Nubian	0.0
𓈖𓅘𓎛𓆓𓏏𓄑	N35,G21,V28,I10,X1,F18	nHDt	tooth, tusk	0.0
𓈖𓆓𓎛𓏏𓄑	N35,I10,V28,X1,F18	nHDt	tusk	0.0
𓈖𓅘𓎛𓂧𓏏𓄑	N35,G21,V28,D46,X1,F18	nHDt	tooth	0.0
𓈖𓆓𓎛𓇋𓇋𓏏𓄑𓏥	N35,I10,V28,M17,M17,X1,F18,Z2	nHDwt	teeth, tusks	0.0
𓈖𓂡	N35,J1,D40	nx	succour, protect, protection	0.0
𓈖𓈇𓀁	N35,J1,A97,N23,A2	nx	succour, protect, protection	0.0
𓈖𓀁	N35,J1,A2	nx	miserable	0.0
𓈖𓅱𓏏𓀁	N35,J1,G43,X1,A2	nxwt	complaint, lamentation	0.0
𓈖𓅪	N35,J1,G37	nx	youthful, small ?, brief ? (of sufferings)	0.0
𓈖𓏏𓅪	N35,J1,X1,G37	nxt	youth (abstract)	0.0
𓈖𓆼	N35,J1,M12	nxA	pendulous	0.0
𓈖𓆼𓄿𓏲𓆛	N35,J1,M12,G1,Z7,K1	nxAw	fish - shaped pendant	0.0
𓈖𓆼𓄿𓌫𓏤	N35,J1,M12,G1,T31,Z1	nxA	knife	0.0
𓈖𓆼𓄿𓆼𓄿𓌅	N35,J1,M12,G1,J1,M12,G1,S45	nxAxA	flail,	0.0
𓈖𓅄	N35,J1,J1,G6	nxAxA	flail,	0.0
𓈖𓆼𓄿𓆼𓄿𓌅	N35,J1,M12,G1,J1,M12,G1,S45	nxAxA	pendulous	0.0
𓈖𓆼𓄿𓆼𓄿𓂻	N35,J1,M12,G1,J1,M12,G1,J1,D54	nxAxA	ruffle (hair)	0.0
𓈖𓃀𓏴	N35,J1,D58,Z9	nxb	open (a mine), assign (property to)	0.0
𓈖𓃀𓏴𓈅𓏤	N35,J1,D58,Z9,N21,Z1	nxb	fresh land	0.0
𓈖𓃀𓏴𓏛	N35,J1,D58,Z9,Y1	nxb	stipulation	0.0
𓈖𓃀𓏏𓏴𓏛𓏥	N35,J1,D58,X1,Z9,Y1,Z2	nxbt	titulary, to cover, overlaid	0.0
𓈖𓃀𓏏𓏛	N35,J1,D58,X1,Y1	nxbt	titulary,	0.0
𓈖𓃀𓏏𓏴𓍼	N35,J1,D58,X1,Z9,V12	nxbt	titulary,	0.0
𓈖𓃀𓃀𓏴	N35,J1,D58,J1,D58,Z9	nxbxb	draw back (door bolt), throw open (doors), crepitate (of broken bones)	0.0
𓈖𓃀𓈖𓃀𓏴	N35,J1,D58,N35,J1,D58,Z9	nxbxb	draw back (door bolt), throw open (doors), crepitate (of broken bones)	0.0
𓈖𓈖𓀔	N35,J1,N35,A17	nxn	young, youthful, ...the younger	0.0
𓈖𓈖𓅪	N35,J1,N35,G37	nxn	young, youthful,  ....the younger	0.0
𓈖𓈖𓅱𓀔	N35,J1,N35,G43,A17	nxnw	child	0.0
𓈖𓈖	N35,J1,N35,A17D	nxnw	child	0.0
𓈖𓈖𓀔𓀀	N35,J1,N35,A17,A1	nxnw	child	0.0
𓈖𓈖𓏌𓅱𓀔𓏪	N35,J1,N35,W24,G43,A17,Z3	nxnw	youth (abstract)	0.0
𓈖𓈖𓀔	N35,J1,N35,A17	nxnw	youth (abstract)	0.0
𓈖𓅄	N35,J1,J1,G6	nxx	flail	0.0
𓈖	N35,J1,J1,A21A	nxx	be old, old age	0.0
𓈖𓆱𓏏𓀜	N35,M3,J1,X1,A24	nxt	strong, victorious, stiff, hard	0.0
𓈖𓆱𓏏𓀜𓄣𓏤	N35,M3,J1,X1,A24,F34,Z1	nxt  ib	confident	0.0
𓈖𓆱𓏏𓀜𓂝𓏤	N35,M3,J1,X1,A24,D36,Z1	nxt  a	strong of arm, adult, champion	0.0
𓈖𓆱𓏏𓀜𓁷𓏤	N35,M3,J1,X1,A24,D2,Z1	nxt  Hr	violent	0.0
𓈖𓆱𓏏𓀜𓊤𓅱𓀁	N35,M3,J1,X1,A24,P8,G43,A2	nxt  xrw	reis ?	0.0
𓈖𓆱𓏏𓀜𓀀	N35,M3,J1,X1,A24,A1	nxt	strong man, champion	0.0
𓈖𓆱𓏏𓏏𓂡	N35,M3,J1,X1,X1,D40	nxtt	victory, stiffness	0.0
𓈖𓆱𓏏𓅱𓂡𓏥	N35,M3,J1,X1,G43,D40,Z2	nxtw	strength, victory, hostages	0.0
𓈖𓆱𓏏𓂡	N35,M3,J1,X1,D40	nxtw	strength, victory, hostages	0.0
𓈖𓄡𓂐𓂝	N35,F32,D26,D36	nX	(bodily) fluid	0.0
𓈖𓎸𓅓	N35,W9,G17	nXnm	(one of the seven sacred oils)	0.0
𓈖𓄓𓋴𓄻	N35,F20,S29,F51B	ns	tongue	0.0
𓈖𓄓𓏏𓎼	N35,F20,X1,W11	nst	seat, throne	0.0
𓈖𓄓𓋴𓊮	N35,F20,S29,Q7	ns	flame	0.0
𓈖𓋴𓄿	N35,S29,J17,G1,T30A	nsA	type of knife	0.0
𓈖𓄓𓋴𓏭𓅱𓏏𓆱𓏤	N35,F20,S29,Z4,G43,X1,M3,Z1	nsywt	javelin	0.0
𓈖𓄓𓊃𓅱𓏏𓈔	N35,F20,O34,G43,X1,N34	nsywt	javelin	0.0
𓈖𓄓𓊃𓅱𓏏𓆱	N35,F20,O34,G43,X1,M3	nsywt	javelin	0.0
𓈖𓄓𓋴𓏭𓅱𓏏𓈔𓏤	N35,F20,S29,Z4,G43,X1,N34,Z1	nsywt	javelin	0.0
𓈖𓄓𓋴𓅱𓏏𓊮	N35,F20,S29,G43,X1,Q7	nswt	flame	0.0
𓈖𓊃𓅱𓅆	N35,O34,G43,G7	nsw	King	0.0
𓈖𓄓𓋴𓃀𓀁	N35,F20,S29,D58,A2	nsb	lap up, lick	0.0
𓈖𓄓𓃀	N35,F20,D58	nsb	lap up, lick	0.0
𓈖𓄓𓊃𓊪𓅱𓏥	N35,F20,O34,Q3,G43,T30A,Z2	nspw	wounds	0.0
𓈖𓊃𓊪𓅱𓏥	N35,O34,Q3,G43,T30A,Z2	nspw	wounds	0.0
𓈖𓊃𓂋𓏏𓆘	N35,O34,D21,X1,I13	nsrt	royal serpent	0.0
𓈖𓋴𓂋𓏏𓆘	N35,S29,D21,X1,I13	nsrt	royal serpent	0.0
𓈖𓄓𓊃𓂋𓏏𓆗	N35,F20,O34,D21,X1,I12	nsrt	royal serpent	0.0
𓈖𓄓𓋴𓂋𓊮	N35,F20,S29,D21,Q7	nsr	flame	0.0
𓈖𓋴𓂋𓊮	N35,S29,D21,Q7	nsr	flame	0.0
𓈖𓄓𓋴𓊮	N35,F20,S29,Q7	nsr	flame	0.0
𓈖𓄓𓊃𓂋𓏏𓊮	N35,F20,O34,D21,X1,Q7	nsrt	flame	0.0
𓈖𓄓𓊃𓂋𓏭𓊮	N35,F20,O34,D21,Z4,Q7	nsry	flame (of Uraeus againt enemies), be inflamed (of wounds)	0.0
𓈖𓄓𓋴𓂋𓀁	N35,F20,S29,D21,A2	nsr	anger ?	0.0
𓈖𓄓𓊃𓂋𓂝	N35,F20,O34,D21,D36	nsr	anoint (injury)	0.0
𓈖𓋴𓋴	N35,S29,S29	nss	do damage (to)	0.0
𓈖𓄓𓊃𓅂𓆰𓏥	N35,F20,O34,G4,M2,Z2	nstyw	shrub (Alkanna Tinctoria)	0.0
𓈖𓈙𓂻	N35,N37,D54	nS	expel (from), divorce, drive apart (husband and wife), put away (a woman),	0.0
𓈖𓈙𓆛𓂻	N35,N37,K1,D54	nS	expel (from)	0.0
𓈖𓈙𓏲𓂐	N35,N37,Z7,D26	nSw	issue (from wound), pemphigus	0.0
𓈖𓈙𓏲𓏏𓂐	N35,N37,Z7,X1,D26	nSwt	mucus	0.0
𓈖𓈙𓏏𓁸	N35,N37,X1,D3	nSt	hairdresser	0.0
𓈖𓈙𓇋𓇋𓁸𓂡	N35,N37,M17,M17,D3,D40	nSy	dress (hair)	0.0
𓈖𓆷𓄿𓈒𓏥	N35,M8,G1,N33,Z2	nSA	grains (of sand)	0.0
𓈖𓈙𓅱𓏌𓏤	N35,N37,G43,W24,Z1	nSw	a vessel	0.0
𓈖𓈙𓊪𓂉𓀁	N35,N37,Q3,D19,A2	nSp	pant	0.0
𓈖𓈙𓅓𓏏	N35,N37,G17,X1,P36B	nSmt	sacred barque of Osiris	0.0
𓈖𓈙𓅓𓏏𓊌	N35,N37,G17,X1,O39	nSmt	green felspar	0.0
𓈖𓈙𓅓𓏏𓈒𓏥	N35,N37,G17,X1,N33,Z2	nSmt	green felspar	0.0
𓈖𓈙𓅓𓅱𓏏𓈒𓏥	N35,N37,G17,G43,X1,N33,Z2	nSmwt	scales (of fish)	0.0
𓈖𓈙𓅓𓇋𓇋𓏏𓆛𓏥	N35,N37,G17,M17,M17,X1,K1,Z2	nSmwt	scales (of fish)	0.0
𓈖𓈙𓈖𓃫	N35,N37,N35,E21	nSni	rage, storm, foul weather, disaster	0.0
𓈖𓈙𓈖𓀜	N35,N37,N35,A24	nSni	rage, storm, foul weather, disaster	0.0
𓈖𓈙𓈖	N35,N37,N35,N4G	nSni	rage, storm, foul weather, disaster	0.0
𓈖𓈙𓈖𓏭𓃫	N35,N37,N35,Z4,E21	nSni	rage, storm, foul weather, disaster	0.0
𓈖𓈙𓈖	N35,N37,N35,E244	nSni	rage, storm, foul weather, disaster	0.0
𓈖𓈙𓈖𓏏𓃫	N35,N37,N35,X1,E21,N4E	nSnt	the doomed ?	0.0
𓈖𓈙𓈖𓈙𓂡	N35,N37,N35,N37,D40	nSnS	tear up (documents)	0.0
𓈖𓈎𓂝𓏲𓏏𓂷𓈒𓏥	N35,N29,D36,Z7,X1,D51,N33,Z2	nqawt	notched sycamore figs	0.0
𓈖𓈎𓅱𓏏𓈒𓏥	N35,N29,G43,X1,N33,Z2	nqawt	notched sycamore figs	0.0
𓈖𓈎𓅱𓏏𓈗	N35,N29,G43,X1,N35A	nqwt	moisture	0.0
𓈖𓈎𓅓𓁸	N35,N29,G17,D3	nqm	be bald	0.0
𓈖𓈎𓅓𓁣	N35,N29,G17,C7	nqm	suffer, be afflicted	0.0
𓈖𓈎𓅓𓏏𓁣	N35,N29,G17,X1,C7	nqmt	affliction	0.0
𓈖𓈎𓂋𓂝	N35,N29,D21,D36	nqr	sift	0.0
𓈖𓈎𓂋𓏲𓎅𓏤	N35,N29,D21,Z7,V19,Z1	nqrw	sieve	0.0
𓈖𓎡𓂺	N35,V31,D53	nk	copulate	0.0
𓈖𓎡𓄿𓀁	N35,V31,G1,A2	nkA	meditate on, think about, take counsel	0.0
𓈖𓎡𓏭𓀁	N35,V31,Z4,A2	nkA	meditate on, think about	0.0
𓈖𓎡𓄿𓏭𓀁	N35,V31,G1,Z4,A2	nkA	meditate on, think about	0.0
𓈖𓎡𓄿𓏏𓀁	N35,V31,G1,X1,A2	nkAt	plot	0.0
𓈖𓎡𓈖𓌫𓏤	N35,V31,N35,T31,Z1	nkn	sword	0.0
𓈖𓎡𓈖𓂿	N35,V31,N35,D57	nkn	harm, injury, be injured	0.0
𓈖𓎡𓈖𓂿𓅪	N35,V31,N35,D57,G37	nkn	harm, injury	0.0
𓈖𓎡𓏏𓏲𓅪𓏥	N35,V31,X1,Z7,G37,Z2	nktw	some, a little	0.0
𓈖𓎼𓏴	N35,W11,Z9	ngi	break open, break up	0.0
𓈖𓎼𓄿𓏴𓀜	N35,W11,G1,Z9,A24	ngi	break open, break up	0.0
𓈖𓎤𓎤𓏴	N35,V33,V33,Z9	ngi	break open, break up	0.0
𓈖𓎼𓏏𓏴𓀜	N35,W11,X1,Z9,A24	ngt	breach (in dam)	0.0
𓈖𓎼𓇋𓇋𓏏	N35,W11,M17,M17,X1,J2	ngyt	breach ( of law), crime	0.0
𓈖𓎼𓅱𓅪	N35,W11,G43,J2,G37	ngw	loss	0.0
𓈖𓎼𓄿𓏲𓃒	N35,W11,G1,Z7,E1	ngAw	long horn bull	0.0
𓈖𓎼𓅱𓃒	N35,W11,G43,E1	ngAw	long horn bull	0.0
𓈖𓎼𓃀𓏴	N35,W11,D58,Z9	ngb	turn aside, divert	0.0
𓈖𓏏𓈖𓏏𓄹	N35,X1,N35,X1,F51	ntnt	diaphragm	0.0
𓈖𓏏𓈖𓏏𓄛	N35,X1,N35,X1,F27	ntnt	intracranial  diaphragm	0.0
𓈖𓅠𓅓𓊗𓏭	N35,G28,G17,O50,Z4	ngmgm	conspire	0.0
𓈖𓊃𓊃𓏛	N35,J15,O34,J15,O34,Y1	ngsgs	overflow	0.0
𓈖𓊃𓏥	N35,J15,O34,J15,Z2	ngsgs	overflow	0.0
𓈖𓎼𓎼𓀁	N35,W11,W11,A2	ngg	cackle (of goose), screech (of falcon)	0.0
𓈖𓏏𓇋𓏏𓇋𓂻	N35,X1,M17,X1,M17,D54	nitit	impede	0.0
𓈖𓏏𓂝𓏛𓏥	N35,X1,D36,Y1,Z2	nt  a	rite, ritual	0.0
𓈖𓏏𓊪𓏲	N35,X1,Q3,Z7	nt  pw	it is the fact that.......	0.0
𓈖𓏏𓃀𓄓	N35,X1,D58,F20	ntb	scorch, parch	0.0
𓈖𓏏𓆑𓈗𓀜	N35,X1,I9,N35A,A24	ntf	besprinkle	0.0
𓈖𓏏𓊃	N35,X1,O34	nts	she	0.0
𓈖𓏏𓋴𓈖𓏥	N35,X1,S29,N35,Z2	ntsn	they	0.0
𓈖𓏏𓊃𓈖	N35,X1,O34,N35	ntsn	they	0.0
𓈖𓏏𓈙𓈗𓀜	N35,X1,N37,N35A,A24	ntS	besprinkle	0.0
𓈖𓏏𓍿	N35,X1,V13	ntT	you	0.0
𓈖𓏏𓍿𓈖𓏥	N35,X1,V13,N35,Z2	ntTn	you	0.0
𓈖𓏏𓏏𓈖𓏥	N35,X1,X1,N35,Z2	ntTn	you	0.0
𓈖𓍿𓈖𓍿𓏏𓌗	N35,V13,N35,V13,X1,T12	nTnT	bladder	0.0
𓈖𓆵𓆵𓆵	N35,M6,M6,M6	nTrw	gods	0.0
𓈖𓍿𓍿𓅱𓍢𓏥	N35,V13,V13,G43,V1,Z2	nTTw	bonds	0.0
𓈖𓏏𓏏𓅱𓍢	N35,X1,X1,G43,V1	nTTw	bonds	0.0
𓈖𓂧𓃀	N35,D46,D58,D118	ndb	sip	0.0
𓈖𓆓𓃀𓀁	N35,I10,D58,A2	ndb	sip	0.0
𓈖𓂧𓃀𓏲𓂡	N35,D46,D58,Z7,D40	ndb	band (door with metal)	0.0
𓈖𓂧𓃀𓇋𓇋𓏏𓋳	N35,D46,D58,M17,M17,X1,S28	ndbyt	bunt ? (of sail)	0.0
𓈖𓂧𓃀𓅱𓏏𓈇𓏤𓏥	N35,D46,D58,G43,X1,N23,Z1,Z2	ndbwt	area, extent	0.0
𓈖𓂧𓃀𓏏𓈇𓈓	N35,D46,D58,X1,N23,N33A	ndbwt	area, extent	0.0
𓈖𓂧𓃀𓂧𓃀𓈎𓈎	N35,D46,D58,D46,D58,N29,N29,D82	ndbdb	sip	0.0
𓈖𓆓𓏏𓏤	N35,I10,X1,Z1	nDt	serf, serfs	0.0
𓈖𓆓𓏏𓀀𓁐𓏥	N35,I10,X1,A1,B1,Z2	nDt	serf, serfs	0.0
𓈖𓆓	N35,I10,J27	nD	grind	0.0
𓈖𓆓𓏌𓀁	N35,I10,J27,W24,A2	nD	take counsel, ask advice, consult, enquire about, call upon, utter	0.0
𓈖	N35,J27	nD	save, protect	0.0
𓈖𓆓𓏌𓏛	N35,I10,J27,W24,Y1	nD	save, protect	0.0
𓈖𓆓𓏌𓏛	N35,I10,J27,W24,Y1	nD	confer (office), appoint (someone)	0.0
𓈖𓆓	N35,I10,J27	nD	confer (office on)	0.0
𓈖𓆓𓏝𓂋𓏤	N35,I10,J27,Y2,D21,Z1	nD  r	greet	0.0
𓈖𓆓𓏌𓅱𓏏𓏛𓏥𓂋𓏤	N35,I10,J27,W24,G43,X1,Y1,Z2,D21,Z1	nDwt  r	counsel, consultation, oracle, greeting	0.0
𓈖𓆓𓀁𓁷𓏤	N35,I10,J27,A2,D2,Z1	nD  Hr	greet, protect, protection	0.0
𓈖𓆓𓏌𓀁𓂋𓏏𓏛	N35,I10,J27,W24,A2,J1,D21,X1,Y1	nD  xrt	greet, pay one''s respects, greeting !	0.0
𓈖𓆓𓍘	N35,I10,J27,U33	nDty	protector	0.0
𓈖𓆓	N35,I10,J27	nD	thread	0.0
𓈖𓍑𓄿𓄈𓀁	N35,U28,G1,F10,A2	nDA	parch (with thirst)	0.0
𓈖𓍑𓄿𓏴𓏥	N35,U28,G1,Z9,Z2	nDAw	chips (of stone)	0.0
𓈖𓍑𓄿𓊌	N35,U28,G1,O39	nDA	measure (for loaves and dates)	0.0
𓈖𓍑𓊌	N35,U28,O39	nDA	measure (for loaves and dates)	0.0
𓈖𓍑𓆰	N35,U28,M2	nDA	measure (for loaves and dates)	0.0
𓈖𓆓𓇋𓇋𓏏𓅪	N35,I10,M17,M17,X1,G37	nDyt	baseness	0.0
𓈖𓈋𓇋𓇋𓏏𓄃	N35,N26,M17,M17,X1,F5	nDyt	baseness	0.0
𓈖𓆓𓅓𓏛	N35,I10,G17,Y1	nDm	pleasant, pleasing	0.0
𓈖𓆓𓇛𓅓	N35,I10,M29,G17	nDm	well, hale, comfortable, joy	0.0
𓈖𓆓𓇛𓅓𓅓𓏏𓂺	N35,I10,M29,G17,G17,X1,D53	nDmmyt	passion	0.0
𓈖𓆓𓈖𓆓𓏌𓀁	N35,I10,N35,I10,J27,W24,A2	nDnD	confer, take advice, consult, advice, counsel	0.0
𓈖𓏌𓏛𓈖𓏌𓏛	N35,J27,W24,Y1,N35,J27,W24,Y1	nDnD	consult (someone)	0.0
𓈖𓇥𓂋𓀜	N35,M36,D21,A24	nDrw	grasp, hold fast, catch, arrest, take possession, observe (regulations)	0.0
𓈖𓇥𓂋𓀜	N35,M36,D21,A24	nDrw	grasp, hold to (orders), follow (journeys), draw tight (lips of wound)	0.0
𓈖𓇥𓂡	N35,M36,D40	nDrw	grasp, hold fast	0.0
𓈖𓇥𓂋𓏏𓀜	N35,M36,D21,X1,A24	nDrt	imprisonment, suppression (of wrong)	0.0
𓈖𓇥𓏏	N35,M36,X1	nDrt	imprisonment	0.0
𓈖𓆓𓎛𓏏𓄑	N35,I10,V28,X1,F18	nHDt	tooth	0.0
𓈖𓆓𓋴𓅪	N35,I10,S29,G37	nDs	little / small (of size), dim (of eyes), dull (of ears), poor (of appetite),	0.0
𓈖𓆓𓋴𓅪𓀀	N35,I10,S29,G37,A1	nDs	commoner, citizen, good fellow (in half contemptuous address)	0.0
𓈖𓆓𓋴𓅪𓀀	N35,I10,J27,S29,G37,A1	nDs	commoner, citizen	0.0
𓈖𓆓𓋴𓅱𓅪𓏥	N35,I10,S29,G43,G37,Z2	nDsw	low estate	0.0
𓈖𓆓𓊃𓆓𓊃𓊮	N35,I10,O34,I10,O34,Q7	nDsDs	burn	0.0
𓈖𓉔𓅱𓏥	N35,O4,G43,Z2	n  hAw	of the enviroment of	0.0
𓈖𓇉𓄿𓅱𓏛𓏥	N35,M16,G1,G43,Y1,Z2	n  HAw	excessive	0.0
𓈖𓁷𓂋𓅱𓇯	N35,D2,D21,G43,N1	n  Hrw	upward	0.0
𓈖𓌨𓂋𓅱𓈇𓏤	N35,T28,D21,G43,N23,Z1	n  Xrw	downwards	0.0
𓈖𓆷𓄿𓅱𓏛	N35,M8,G1,G43,Y1	n  SAw	apt to, fit for	0.0
𓈖𓆷𓄿𓅱𓏛𓈖	N35,M8,G1,G43,Y1,N35	n  SAw  n	in the capacity of	0.0
𓈖𓆓𓏏𓏤𓆓𓏏𓇿	N35,I10,X1,Z1,I10,X1,N17	n  Dt  Dt	for ever	0.0
𓈗𓃀𓈙𓍿𓀜	N35A,D58,N37,V13,A24	mw   bST	cataract, rapid	0.0
𓈗𓇋𓇋𓈗	N35A,M17,M17,N35A	mw	water	0.0
𓈗𓇋𓇋𓏏𓂺	N35A,M17,M17,X1,D53	mwyt	urine	0.0
𓈗𓇋𓇋𓏏𓈗	N35A,M17,M17,X1,N35A	mwyt	urine	0.0
𓈗𓇋𓇋𓏏𓂺𓂋𓏤	N35A,M17,M17,X1,D53,D21,Z1	mwyt   r	spittle	0.0
𓈗𓏲𓇋𓇋	N35A,Z7,M17,M17	mwy	be watery	0.0
𓈗𓇋𓇋𓈗	N35A,M17,M17,N35A	mwy	be watery	0.0
𓈗𓅱𓅱	N35A,G43,G43	mww	Muu         class of Ritual dancers	0.0
𓈘𓈇𓊪𓏲𓊖	N36,N23,Q3,Z7,O49	ipw	Akhmim	0.0
𓈘𓏤𓈇𓅱𓎛𓊤	N36,Z1,N23,G43,V28,P8	mawH	oar	0.0
𓈘𓈖𓃀𓈔	N36,N35,D58,N34	minb	axe	0.0
𓈘𓈖𓄣𓃀	N36,N35,F34,D58	minb	axe	0.0
𓈘𓈇𓈖𓃀𓈔	N36,N23,N35,D58,N34	minb	axe	0.0
𓈘𓏤𓊢𓂝𓏏𓉐	N36,Z1,P6,D36,X1,O1	maHat	tomb	0.0
𓈘𓈇𓋴𓏏𓄹	N36,N23,S29,X1,F51	mist	liver	0.0
𓈘𓏤𓈇𓅱𓎛𓊤	N36,Z1,N23,G43,V28,P8	mawH	oar	0.0
𓈘𓏤𓊢𓂝𓏏𓉐	N36,Z1,P6,D36,X1,O1	maHat	tomb, cenotaph (above ground level)	0.0
𓈘𓏤𓈅	N36,Z1,N21,R103	mr	libation trough	0.0
𓈘𓏤𓈅𓈔	N36,Z1,N21,N34	mr	libation trough	0.0
𓈘𓈇𓀀𓁐𓏥	N36,N23,A1,B1,Z2	mrw	weavers	0.0
𓈘𓈇𓀀𓁐𓏥	N36,N23,A1,B1,Z2	mrw	servants, underlings, partisans, supporters	0.0
𓈘𓈅𓀀𓁐𓏪	N36,N21,A1,B1,Z3	mrw	servants, underlings, partisans, supporters	0.0
𓈘𓈇𓏲𓀀𓁐𓏥	N36,N23,Z7,A1,B1,Z2	mrw	servants, underlings, partisans, supporters	0.0
𓈘𓏏𓏥	N36,X1,Z2	mrt	weavers, servants, underlings	0.0
𓈘𓈇𓃒𓏥	N36,N23,E1,Z2	mrw	bulls	0.0
𓈙𓃀𓏏𓂉𓂡	N37,D58,X1,D19,D40	bST	rebel (against)	0.0
𓈙𓈇𓁷𓂋𓏏𓇯	N37,N23,D2,D21,X1,N1	S  Hrt	tomb garden	0.0
𓈙𓎡𓂋𓇋𓇋𓀀	N37,V31,D21,M17,M17,J30,A1	Xqry	coiffeur	0.0
𓈙𓎡𓂋𓏥	N37,V31,D21,J30,Z2	Xkrw	ornaments	0.0
𓈙𓈙𓉐	N37,N37,O1	sSy	nest	0.0
𓈙𓈙𓅸	N37,N37,G48	sSy	nest	0.0
𓈙𓈙𓇋𓇋𓏏𓏣𓏥	N37,N37,M17,M17,X1,Y8,Z2	sSSwt	sistra	0.0
𓈙𓈙𓂧𓅭𓉐𓏥	N37,N37,D46,G39,O1,Z2	SSdw	windows	0.0
𓈙𓈇𓏤	N37,N23,Z1	S	lake, pool, garden, basin (for liquids), sea	0.0
𓈙𓏤𓈉	N37,Z1,N25	S	garden	0.0
𓈙𓂝	N37,D36,T30A	Sa	cut off, cut up, cut down, hew (ship)	0.0
𓈙𓂝𓏴𓌎	N37,D36,Z9,T7	Sa	cut off, cut up, cut down, hew (ship)	0.0
𓈙𓂝𓀜	N37,D36,A24	Sa	cut off, cut up, cut down, hew (ship)	0.0
𓈙𓂝𓀜	N37,D36,F37E,A24	Sa	cut off, cut up, cut down, hew (ship)	0.0
𓈙𓂝𓏏𓄬𓌪	N37,D36,X1,F41,T30	Sat	knife	0.0
𓈙𓂝𓏏𓄬𓏛𓌪	N37,D36,X1,F41,Y1,T30	Sat	knife	0.0
𓈙𓂝𓏏𓄬𓌪𓏥	N37,D36,X1,F41,T30,Z2	Sat	slaughtering, terror	0.0
𓈙𓂝𓏏𓌪𓏥	N37,D36,X1,T30,Z2	Sat	slaughtering, terror	0.0
𓈙𓏏𓄬𓌪𓏥	N37,X1,F41,T30,Z2	Sat	slaughtering, terror	0.0
𓈙𓂝𓏏𓄬𓈓	N37,D36,X1,F41,N33A	Sat	slaughtering, terror	0.0
𓈙𓂝𓏏𓄬	N37,D36,X1,F41	Sat	top of the Djed column	0.0
𓈙𓂝𓏏𓍼	N37,D36,X1,V12	Sat	document	0.0
𓈙𓂝𓏭𓈒𓏥	N37,D36,Z4,N33,Z2	Say	sand	0.0
𓈙𓂝𓈒𓏥	N37,D36,N33,Z2	Say	sand	0.0
𓈙𓂝𓇋𓇋𓏏𓏳	N37,D36,M17,M17,X1,Z8	Sayt	a type of cake or biscuit	0.0
𓈙𓂝𓏏𓏳	N37,D36,X1,Z8	Sayt	a type of cake or biscuit	0.0
𓈙𓂝𓏏𓏭𓋩𓏛𓏥	N37,D36,X1,Z4,S20,Y1,Z2	Saty	weight and value of a twelfth of one deben	0.0
𓈙𓂝𓂧𓌪𓀜	N37,D36,D46,T30,A24	Sad	cut, cut off, cut down	0.0
𓈙𓂝𓂧𓄬𓌪𓂡	N37,D36,D46,F41,T30,D40	Sad	cut, cut off, cut down	0.0
𓈙𓂝𓂧𓌪𓂡	N37,D36,D46,F37E,T30,D40	Sad	cut, cut off, cut down	0.0
𓈙𓆄𓅱	N37,H6,G43	Sw	ascend	0.0
𓈙𓍯𓄿𓅪	N37,V4,G1,G37	SwA	poor	0.0
𓈙𓍯𓄿𓅱𓅪𓀀	N37,V4,G1,G43,G37,A1	SwAw	poor man	0.0
𓈙𓍯𓀃	N37,V4,A4	SwAw	poor man	0.0
𓈙𓍯𓄿𓅱𓀢𓏛𓀀	N37,V4,G1,G43,A30,Y1,A1	SwAw	poor man	0.0
𓈙𓆄𓅱𓅱𓆰𓈓	N37,H6,G43,G43,M2,N33A	Sww	a type of vegetable	0.0
𓈙𓍯𓃀𓆭	N37,V4,D58,M1	Swb	persea tree	0.0
𓈙𓃀𓏴	N37,D58,Z9	Sbi	mix, mingle with, confuse (message, words)	0.0
𓈙𓃀𓀁	N37,D58,A2	Sbi	mix, mingle with, confuse (message, words)	0.0
𓈙𓃀𓏏𓏴𓏛𓏥	N37,D58,X1,Z9,Y1,Z2	Sbt	value, price	0.0
𓈙𓃀𓅱𓏳𓏥	N37,D58,G43,Z8,Z2	Sbw	food offerings	0.0
𓈙𓃀𓏴𓏳𓏥	N37,D58,Z9,Z8,Z2	Sbw	food offerings	0.0
𓈙𓃀𓈓	N37,D58,N33A	Sbw	food offerings	0.0
𓈙𓃀𓅱𓋝	N37,D58,G43,S11	Sbw	necklace	0.0
𓈙𓃀𓇋𓇋𓅱	N37,D58,M17,M17,G43,S84	Sbw	necklace	0.0
𓈙𓃀𓃀𓏴𓂝	N37,D58,D58,Z9,D36	Sbb	knead (bread in brewing)	0.0
𓈙𓃀𓃀𓏏𓏴𓏊𓏥	N37,D58,D58,X1,Z9,W22,Z2	Sbbt	kneaded bread - paste	0.0
𓈙𓃀𓃀𓏏𓏴𓏳𓏥	N37,D58,D58,X1,Z9,Z8,Z2	Sbbt	beer - mash (a drink)	0.0
𓈙𓃀𓃀𓄈𓄹	N37,D58,D58,F10,F51	Sbb	gullet	0.0
𓈙𓃀𓈖𓏴𓏛	N37,D58,N35,Z9,Y1	Sbn	mix (with), consort (with)	0.0
𓈙𓃀𓈙𓃀𓏴𓏛	N37,D58,N37,D58,Z9,Y1	SbSb	adjust, divide correctly, set out (design)	0.0
𓈙𓊪𓁹	N37,Q3,D4	Sp	be blind, make blind	0.0
𓈙𓊪𓁺	N37,Q3,D5	Sp	be blind, make blind	0.0
𓈙𓊪𓏏𓁹	N37,Q3,X1,D4	Spt	blindness	0.0
𓈙𓊪𓂐	N37,Q3,D26	Sp	flow out, depart (of morbid fluid, evil spirit)	0.0
𓈙𓊪𓈖𓏏𓏊	N37,Q3,N35,X1,W22	Spnt	a measure of beer	0.0
𓈙𓊪𓋴𓀻	N37,Q3,S29,A50	Spsy	noble, august (of gods), splendid (of buildings), valuable (of plants, minerals), costly	0.0
𓈙𓊪𓋴𓋴𓀻𓏥	N37,Q3,S29,S29,A50,Z2	Spssw	riches, wealth, precious things, dainties (to eat)	0.0
𓈙𓊪𓏏𓆡	N37,Q3,X1,K7	Spt	a Nile fish (Tetrodon fahaka)	0.0
𓈙𓊪𓏏𓆡	N37,Q3,X1,K7	Spt	be discontented, angry	0.0
𓈙𓊪𓏏𓆛𓀁	N37,Q3,X1,K1,A2	Spt	be discontented, angry	0.0
𓈙𓊪𓏏𓁺	N37,Q3,X1,D5	Spt	be discontented, angry	0.0
𓈙𓊪𓏏𓆡	N37,Q3,X1,K7	Spt	discontent, anger	0.0
𓈙𓊪𓏏	N37,Q3,X1,K18	Spt	discontent, anger	0.0
𓈙𓊪𓏏𓆡𓄣𓏤	N37,Q3,X1,K7,F34,Z1	Spt  ib	anger	0.0
𓈙𓊪𓏏𓇋𓇋𓄹𓏏	N37,Q3,X1,M17,M17,F51,X1	Sptyt	(urinary) bladder	0.0
𓈙𓆑𓏛𓏥	N37,I9,Y1,Z2	Sf	respect, honour	0.0
𓈙𓆑	N37,I9,J2	Sf	swell	0.0
𓈙𓆑𓏏𓄅	N37,I9,X1,F7	Sft	ram - headed figure (of Amun)	0.0
𓈙𓆑𓄅	N37,I9,F7	Sfi	respect	0.0
𓈙𓆑𓇋𓇋𓏏𓄅𓏪	N37,I9,M17,M17,X1,F7,Z3	Sfyt	majesty, respect	0.0
𓈙𓆑𓅱𓏏𓄅𓏤	N37,I9,G43,X1,F7,Z1	Sfyt	majesty, respect	0.0
𓈙𓆑𓇋𓇋𓏏𓏯𓏛𓏥	N37,I9,M17,M17,X1,Z5,Y1,Z2	Sfyt	majesty, respect	0.0
𓈙𓆑𓂝𓂡	N37,I9,D36,D40	Sfa	fight	0.0
𓈙𓆑𓈙𓆑𓏏𓄅	N37,I9,N37,I9,X1,F7	SfSft	ram''s head	0.0
𓈙𓆑𓈙𓆑𓏏𓄅	N37,I9,N37,I9,X1,F7	SfSft	respect, awe	0.0
𓈙𓆑𓈙𓆑𓏏𓄅𓀜	N37,I9,N37,I9,X1,F7,A24	SfSft	respect, awe	0.0
𓈙𓆑𓈙𓆑𓄆𓏛𓏥	N37,I9,N37,I9,F8,Y1,Z2	SfSft	respect, awe	0.0
𓈙𓆑𓈙𓆑𓏯𓏛𓏥	N37,I9,N37,I9,Z5,Y1,Z2	SfSft	respect, awe	0.0
𓈙𓆑𓈙𓆑𓇋𓇋𓏏𓏭𓄆	N37,I9,N37,I9,M17,M17,X1,Z4,F8	SfSfyty	one greatly respected	0.0
𓈙𓆑𓇣𓏏𓏤	N37,I9,M34,X1,Z1	Sf  tbt	the sixth month	0.0
𓈙𓆑𓂧𓇋𓇋𓏏	N37,I9,D46,M17,M17,X1,Q19	Sfdyt	bier	0.0
𓈙𓆑𓂧𓏏𓆱	N37,I9,D46,X1,M3	Sfdyt	bier	0.0
𓈙𓆑𓂧𓅱𓍼	N37,I9,D46,G43,V12	Sfdw	papyrus roll, register	0.0
𓈙𓆑𓂧𓍼	N37,I9,D46,V12	Sfdw	papyrus roll, register	0.0
𓈙𓆑𓂧𓅱𓈔	N37,I9,D46,G43,N34	Sfdw	metal object (used in ritual)	0.0
𓈙𓌳𓄿𓅓𓅱𓀦𓀀𓏥	N37,U1,G1,G17,G43,A33,A1,Z2	SmAw	foreigners	0.0
𓈙𓌳𓀦𓈉	N37,U1,A33,N25	SmAw	foreigners	0.0
𓈙𓌳𓄿𓅓𓅱𓀃𓀐𓏪	N37,U1,G1,G17,G43,A4,A14,Z3	SmAw	foreigners	0.0
𓈙𓌳𓄿𓅓𓅱𓄦𓏱𓏥	N37,U1,G1,G17,G43,F37,Z6,Z2	SmAw	disease - demons	0.0
𓈙𓌴𓅱𓅪𓏥	N37,U2,G43,G37,Z2	SmAw	distress, disease	0.0
𓈙𓌴𓄿𓏭𓀐	N37,U2,G1,Z4,A14	SmAw	distress, disease	0.0
𓈙𓅓𓇋𓇋𓏏𓆱	N37,G17,M17,M17,X1,M3	Smyt	walking - stick	0.0
𓈙𓅓𓂝	N37,G17,D36	Sma	make music	0.0
𓈙𓈗𓇳	N37,N35A,N5	Smw	summer	0.0
𓈙𓈗𓌽𓏥	N37,N35A,U9,Z2	Smw	harvest, harvest - tax	0.0
𓈙𓈗𓇳𓌽	N37,N35A,N5,U9	Smw	harvest, harvest - tax	0.0
𓈙𓅓𓅓𓏏𓊮	N37,G17,G17,X1,Q7	Smmt	fever, inflammation	0.0
𓈙𓋴𓌞	N37,S29,T18	Sms	follow, accompany, serve, bring, present	0.0
𓈙𓅓𓈙𓅓𓏏𓆰𓏥	N37,G17,N37,G17,X1,M2,Z2	SmSmt	hemp ?	0.0
𓈙𓈖𓍶	N37,N35,V9	Sn	ring	0.0
𓈙𓈖𓂝𓍁	N37,N35,D36,U13	Sna	turn back, repulse, repel, police (district), detain, dart about (of fish)	0.0
𓈙𓈖𓃀𓏏𓄹	N37,N35,D58,X1,F51	Snbt	breast	0.0
𓈙𓈖𓊪	N37,N35,Q3,J19	Snp	garment ? (worn by vizier)	0.0
𓈙𓈖𓋴𓅱𓈅	N37,N35,S29,G43,N21	Snsw	slab (for offerings)	0.0
𓈙𓈖𓈙𓏴𓂡	N37,N35,N37,Z9,D40	SnS	tear up (papers)	0.0
𓈙𓈖𓍿𓏏	N37,N35,V13,X1,D82	SnTt	strife, quarrel	0.0
𓈙𓈖𓆓𓏏	N37,N35,I10,X1,M174A	Sndt	Nile acacia tree	0.0
𓈙𓈖𓆓𓅱𓏏𓋯	N37,N35,I10,G43,X1,S26	SnDwt	kilt, apron	0.0
𓈙𓈖𓆓𓏏𓋯	N37,N35,I10,X1,S26	SnDwt	kilt, apron	0.0
𓈙𓂋𓏏𓂉	N37,D21,X1,D19	Srt	nose, nostril	0.0
𓈙𓂋𓏏𓂉𓄹	N37,D21,X1,D19,F51	Srt	nose, nostril	0.0
𓈙𓂋𓏏𓌽	N37,D21,X1,U9	Srt	type of grain	0.0
𓈙𓂋𓊅	N37,D21,O36	Sr	stop up, block	0.0
𓈙𓂋𓇋𓊅𓂡	N37,D21,M17,O36,D40	Sr	stop up, block	0.0
𓈙𓂋𓇋𓉐𓂡	N37,D21,M17,O1,D40	Sr	stop up, block	0.0
𓈙𓂋𓂋𓅪	N37,D21,D21,G37	Srr	little, meagre, younger, junior, short	0.0
𓈙𓂋𓂋𓀔	N37,D21,D21,A17	Srr	little	0.0
𓈙𓂋𓂋𓅪𓀀	N37,D21,D21,G37,A1	Srr	small, lowly man	0.0
𓈙𓂋𓇋𓅪𓀀	N37,D21,M17,G37,A1	Srr	small, lowly man	0.0
𓈙𓂋𓇋𓀔	N37,D21,M17,A17	Sri	lad, younger son	0.0
𓈙𓂋𓅪𓀀	N37,D21,G37,A1	Sri	lad, younger son	0.0
𓈙𓂋𓇋𓏏𓅪𓁐	N37,D21,M17,X1,G37,B1	Srit	daughter	0.0
𓈙𓂋𓈙𓂻	N37,D21,N37,D54	SrS	hurry ?, bolt (of horses) ?	0.0
𓈙𓋴𓍱𓎱	N37,S29,V6,W3	Ss	alabaster, vessels of alabaster	0.0
𓈙𓋴𓊌	N37,S29,O39	Ss	alabaster, vessels of alabaster	0.0
𓈙𓊃𓄿𓄃𓏛	N37,O34,J18,G1,F5,Y1	SsA	be wise, be converant (with), be skilled (in), know	0.0
𓈙𓊃𓄿𓄃𓏛	N37,O34,J18,G1,F5,Y1	SsA	wisdom, skill	0.0
𓈙𓊃𓄿𓏯𓏛	N37,O34,J18,G1,Z5,Y1	SsA	know	0.0
𓈙𓊃𓅱𓄃𓏛	N37,O34,J18,G43,F5,Y1	SsA	skill	0.0
𓈙𓋴𓄿𓏛	N37,S29,J17,G1,E103,Y1	SsA	wisdom	0.0
𓈙𓋴𓄿𓄃𓏏𓇰	N37,S29,J17,G1,F5,X1,N2	SsAt	nightfall, night sky	0.0
𓈙𓋴𓄿𓅱	N37,S29,J17,G1,G43,E103	SsAw	bubalis antelope	0.0
𓈙𓋴𓄿𓅱𓄓𓏤	N37,S29,J17,G1,G43,F20,Z1	SsAw	tongue	0.0
𓈙𓊃𓄿𓏲𓄃𓏛𓏥	N37,O34,J17,G1,Z7,F5,Y1,Z2	SsAw	(medical) prescription	0.0
𓈙𓊃𓊪𓊏	N37,O34,Q3,O42	Ssp	take, accept, receive, assume (crown), catch (fish), purchase, wear 9clothes)	0.0
𓈙𓋴𓅓𓈗𓄛	N37,S29,G17,N35A,F27	Ssm	leather roll ?, baton	0.0
𓈙𓊃𓅓𓏏𓋦	N37,O34,G17,X1,S17A	Ssmt	sacred girdle	0.0
𓈙𓊃𓋣𓅓𓏏𓈓	N37,O34,S15,G17,X1,N33A	Ssmt	malachite	0.0
𓈙𓋦𓊃𓏏𓈓	N37,S17A,O34,X1,N33A	Ssmt	malachite	0.0
𓈙𓊃𓂋𓌕	N37,O34,D21,T11	Ssr	arrow	0.0
𓈙𓏭𓈙𓊮	N37,Z4,N37,Q7	SSi	refine ? (gold)	0.0
𓈙𓎡𓂋𓆭𓏪	N37,V31,D21,M1,Z3	Skrw	panoply	0.0
𓈙𓎡𓂋𓇋𓇋𓆭𓀀	N37,V31,D21,M17,M17,M1,A1	Skry	coiffeur	0.0
𓈙𓏏𓏴𓂡	N37,X1,Z9,D40	St	assessment (of taxes)	0.0
𓈙𓏏𓏴𓀜𓀀𓏥	N37,X1,Z9,A24,A1,Z2	St	tax - payers	0.0
𓈙𓏏𓍔𓄿𓏛	N37,X1,U30,G1,Y1	StA	mysterious, secret, hidden, difficult	0.0
𓈙𓏏𓍔𓄿𓇋𓇋𓏛	N37,X1,U30,G1,M17,M17,Y1	StA	mysterious, secret, hidden, difficult	0.0
𓈙𓇾𓍔𓄿𓏴𓏛	N37,N16,U30,G1,Z9,Y1	StA	mysterious, secret, hidden, difficult	0.0
𓈙𓏏𓍔𓄿𓏏𓏛𓏥	N37,X1,U30,G1,X1,Y1,Z2	StAt	secrets	0.0
𓈙𓏏𓇋𓇋𓏏	N37,X1,M17,M17,X1	StAt	secrets	0.0
𓈙𓏏𓍔𓏏𓏛	N37,X1,U30,X1,Y1	StAt	secrets	0.0
𓈙𓏏𓍔𓄿𓏛𓏥	N37,X1,U30,G1,Y1,Z2	StAw	secrets, (religious) mysteries	0.0
𓈙𓏏𓍔𓏛	N37,X1,U30,Y1	StAw	secrets	0.0
𓈙𓏏𓍔𓄿𓏴𓏛	N37,X1,U30,G1,Z9,Y1	StAw	secrets	0.0
𓈙𓏏𓍔𓄿𓅱𓏛𓏥	N37,X1,U30,G1,G43,Y1,Z2	StAw	(religious) mysteries	0.0
𓈙𓏏𓍔𓄿𓆭	N37,X1,U30,G1,M1	StA	copse, scrub, brushwood ?	0.0
𓈙𓏏𓍔𓄿𓇋𓇋𓏏𓉐	N37,X1,U30,G1,M17,M17,X1,O1	sTyt	sanctuary of Sokar	0.0
𓈙𓏏𓍔𓄿𓇋𓇋𓏏𓉐	N37,X1,U30,G1,M17,M17,X1,O1	STyt	sanctuary of Sokar	0.0
𓈙𓏏𓍘𓇋𓇋𓏏𓉗	N37,X1,U33,M17,M17,X1,O6	Styt	chamber	0.0
𓈙𓏏𓍘𓇋𓇋𓏏𓁐	N37,X1,U33,M17,M17,X1,B1	Styt	leader, stroke (of bank of oars-women)	0.0
𓈙𓅂𓆱𓏤	N37,G4,M3,Z1	Styw	stroke - oar ?	0.0
𓈙𓏏𓅂𓆉	N37,X1,G4,I2	Styw	tortoise	0.0
𓈙𓏏𓇋𓇋𓅱	N37,X1,M17,M17,G43	Styw	an offering - loaf	0.0
𓈙𓏏𓃀𓏏𓎅	N37,X1,D58,X1,V19	Stbt	crate	0.0
𓈙𓏏𓍃𓅓𓅯𓀁	N37,X1,U15,G17,G41,A2	Stm	be quarrelsome	0.0
𓈙𓍃𓅓𓀁	N37,U15,G17,A2	Stm	be quarrelsome	0.0
𓈙𓏏𓍃𓅓𓅯𓀁	N37,X1,U15,G17,G41,A2	Stm	hostility	0.0
𓈙𓏏𓍃𓅓𓅯𓀜	N37,X1,U15,G17,G41,A24	Stm	hostility	0.0
𓈙𓍿	N37,V13,J19	ST	equip	0.0
𓈙𓍿	N37,V13,J19	ST	satchel	0.0
𓈙𓏏𓋳	N37,X1,J19,S28	ST	satchel	0.0
𓈙𓍿𓇋𓇋𓏏𓎅	N37,V13,M17,M17,X1,V19	STyt	sanctuary of Sokar	0.0
𓈙𓍿𓏏𓉐	N37,V13,X1,O1	STyt	sanctuary of Sokar	0.0
𓈙𓍿𓍘𓇋𓇋𓏏𓎅	N37,V13,U33,M17,M17,X1,V19	STyt	sanctuary of Sokar	0.0
𓈙𓇋𓆓𓏏𓈓	N37,M17,I10,X1,N33A	Sdt	dough	0.0
𓈙𓂧𓈖𓏲𓂡	N37,D46,N35,Z7,D40	Sdn	be closed (of eyes)	0.0
𓈙𓏤𓈇𓏫𓈎𓂝𓎛𓏲𓂢𓂻𓏪	N37,Z1,N23,Z3A,N29,D36,V28,Z7,D41,D54,Z3	Sw  qaHw	fish - ponds	0.0
𓈝𓅓𓂻𓂋𓏤	N40,G17,D54,D21,Z1	Sm  r	babble	0.0
𓈝𓅓𓏏𓂻𓏥	N40,G17,X1,D54,Z2	Smt	walking, gait, movements, actions, business	0.0
𓈝𓅓𓏲𓂻𓀀	N40,G17,Z7,D54,A1	Smw	traveller	0.0
𓈝𓅓𓏲𓀁	N40,G17,Z7,A2	Smw	a class of incantations ?	0.0
𓈞𓏏𓃒	N41,X1,E1	idt	cow	0.0
𓈞𓏏𓄰	N41,X1,F45	idt	cow	0.0
𓈞𓏏𓍕	N41,X1,U31	idt	cow	0.0
𓈞𓏏𓏯	N41,X1,Z5	idt	cow	0.0
𓈞𓏏𓄰	N41,X1,F45	idt	womb, vulva, uterus	0.0
𓈞𓃀𓊌	N41,D58,O39	biA	a mineral (not metal)	0.0
𓈞𓃀𓇼	N41,D58,N14	biA	a mineral  (not metal)	0.0
𓈞𓃀𓄑𓇼	N41,D58,F18,N14	biA	a mineral  (not metal)	0.0
𓈞𓈞𓈞	N41,N41,N41	pHww	the far north	0.0
𓈞𓈞𓈞𓈘𓏥	N41,N41,N41,N36,Z2	pHww	marshlands	0.0
𓈞𓏏𓄰	N41,X1,F45	idt	womb, uterus	0.0
𓈞𓏏𓃒	N41,X1,E1	idt	womb, uterus	0.0
𓈞𓅓𓂝	N41,G17,D36	Hm	assuredly, indeed	0.0
𓈞𓅓𓀜	N41,G17,A24	Hm	assuredly, indeed	0.0
𓈞𓅓𓂺	N41,G17,D53	Hm	coward	0.0
𓈞𓅓𓏏𓏭𓂺	N41,G17,X1,Z4,D53	Hmty	homosexual	0.0
𓈞𓅓𓂽	N41,G17,D55	Hm	retire, retreat	0.0
𓈞𓅓𓂽𓇉𓄿𓁶𓎡	N41,G17,D55,M16,G1,D1,V31	Hm  HA  tp  .k	turn back !	0.0
𓈞𓅓𓆱𓏏𓂽	N41,G17,M3,J1,X1,D55	Hm  xt	retreat	0.0
𓈞𓅓𓏲𓊦	N41,G17,Z7,P10	Hmw	steering oar	0.0
𓈞𓅓𓇋𓇋𓊦𓀀	N41,G17,M17,M17,P10,A1	Hmy	helmsman	0.0
𓈞𓅓𓋴𓁒	N41,G17,S29,B3	Hmsi	dwell (in)	0.0
𓈞𓊃𓏏𓀼	N41,O34,X1,A51	Hmst	session	0.0
𓈞𓋴𓏏𓀂	N41,S29,X1,A3	Hmst	seat (in sense of Rank, Position)	0.0
𓈞𓊃𓀔𓀀𓏥	N41,O34,A17,A1,Z2	Hmsw	sloth	0.0
𓈞𓊃𓇋𓇋𓀉𓏛𓀀	N41,O34,M17,M17,A7,Y1,A1	Hmsy	guest	0.0
𓈞𓅓𓋴𓁒𓀀𓁐𓏥	N41,G17,S29,B3,A1,B1,Z2	Hmsyw	guests	0.0
𓈟𓏏𓁐	N42,X1,B1	Hmt	woman, wife	0.0
𓈟𓅓𓆱𓏏𓂽	N42,G17,M3,J1,X1,D55	Hm  xt	retreat	0.0
𓅡	N46,G29	wbA	open	0.0
𓇳𓏤𓈖𓄟𓋴𓅱𓏏𓏥𓉠𓁐	N5,Z1,N35,F31,S29,G43,X1,Z2,O9,B1	sw  n  mswt  nbt  Hwt	birthday of Nephthys	0.0
𓇳𓏤𓀭	N5,Z1,A40	ra	Re	0.0
𓇴𓏤	N6,Z1	ra	Re	0.0
𓀭	N62A,A40	iaH	moon god	0.0
𓎆𓏥𓏮𓈖𓏏𓎱𓇳	N63,V20,Z2,Z4A,N35,X1,W3,N5	15  nt  Hb   ???	festival of the 15th of the month	0.0
𓀭	N76A,A40	HA	the desert god	0.0
𓈈	N76A,N24	HA	the desert - god	0.0
𓇶𓅆	N8,G7	Axw	sunlight, sunshine	0.0
𓇶𓅱𓀭	N8,G43,A40	Axw	sunlight, sunshine	0.0
𓇶𓅱𓀭	N8,G43,A40	iAxw	radiance (as a god)	0.0
𓇶𓄻	N8,F51B	wbnw	wound	0.0
𓇶𓏌𓏲𓂐	N8,W24,Z7,D26	wbnw	wound	0.0
𓇶𓏏𓏥	N8,X1,Z2	Hnmmt	the sun-folk of Heliopolis, mankind	0.0
𓇶𓅓𓅓𓏏𓀀𓁐𓏥	N8,G17,G17,X1,A1,B1,Z2	Hnmmt	the sun-folk of Heliopolis, mankind	0.0
𓇶𓀀𓁐𓏥	N8,A1,B1,Z2	Hnmmt	the sun-folk of Heliopolis, mankind	0.0
𓇷𓏏𓊹𓊹𓊹𓀭𓏪	N9,X1,R8,R8,R8,A40,Z3	psDt	Ennead (of gods)	0.0
𓇷𓏏𓀭𓏥	N9,X1,A40,Z2	psDt	Ennead (of gods)	0.0
𓇷𓏏𓊹𓏪	N9,X1,R8,Z3	psDt	Ennead (of gods)	0.0
𓇷𓏏𓏥𓊹	N9,X1,Z2,R8	psDt	Ennead (of gods)	0.0
𓇷𓈖𓅂𓏒	N9,N35,G4,X4	psDntyw	the new moon and its festival	0.0
𓇷𓅂𓎱	N9,G4,W3	psDntyw	the new moon and its festival	0.0
𓇷𓈖𓎱	N9,N35,W3	psDntyw	the new moon and its festival	0.0
𓇷𓈖𓅂𓎱𓇳	N9,N35,G4,W3,N5	psDntyw	the new moon and its festival	0.0
𓇷𓈖𓏏𓅂𓎱	N9,N35,X1,G4,W3	psDntyw	the new moon and its festival	0.0
𓉐𓂋𓂻𓅓𓅱𓋴𓉐	O1,D21,D54,G17,G43,S29,O1	pr  n  ws	height (of pyramid)	0.0
𓉐𓏤𓀀𓁐𓏥	O1,Z1,A1,B1,Z2	pr	household	0.0
𓉐𓋹𓉐	O1,S34,O1	pr  anx	House of Life (Temple Scriptorium, School)	0.0
𓉐𓅨	O1,G36,O157	pr  wr	National shrine of Upper Egypt at El-Kab	0.0
𓉐𓏤𓅨𓂋𓉐𓏤	O1,Z1,G36,D21,O1,Z1	pr  wr	National Shrine of Upper Egypt at El-Kab	0.0
𓉐𓏤𓆤𓏏	O1,Z1,L2,X1,A301	pr  bity	Palace of King of Lower Egypt	0.0
𓉐𓏌𓉯	O1,W24,O20	pr  nw	National shrine of Lower Egypt at Dep	0.0
𓉐𓏌𓉐	O1,W24,O1	pr  nw	National Shrine of Lower Egypt at Dep	0.0
𓉐𓏤𓋞𓈓	O1,Z1,S12,N33A	pr  nbw	House of Gold (Treasury)	0.0
𓉐𓏤𓄤𓆑𓂋	O1,Z1,F35,I9,D21	pr  nfr	funerary workshop	0.0
𓉐𓏤𓇓𓏏𓈖	O1,Z1,M23,X1,N35	pr  nsw	Temple	0.0
𓉐𓏤𓈖𓊃𓂋𓉯	O1,Z1,N35,O34,D21,O20	pr  nsr	National shrine of Lower Egypt at Pe	0.0
𓉐𓏤𓈖𓊃𓂋𓊮𓉐	O1,Z1,N35,O34,D21,Q7,O1	pr  nsr	National Shrine of Lower Egypt at Pe	0.0
𓉐𓏤𓁷𓂋𓇯	O1,Z1,D2,D21,N1	pr  Hry	upper part of building	0.0
𓉐𓏤𓏅𓈖𓏏𓏭𓂉𓉐𓁐𓏥	O1,Z1,W18,N35,X1,Z4,D19,O1,B1,Z2	pr  xnty	harem	0.0
𓉐𓂉𓉐	O1,D19,O1	pr  xnty	harem	0.0
𓉐𓏤𓍕𓏏𓏥	O1,Z1,U31,X1,Z2	pr  xnty	harem	0.0
𓉐𓏤𓌨𓂋𓏭	O1,Z1,T28,D21,Z4	pr  Xry	ground floor	0.0
𓉐𓍁𓀀𓁐	O1,U13,A1,B1	pr  Sna	labour establishment	0.0
𓉐𓏤𓂧𓍯𓇼𓏏𓉐	O1,Z1,D46,V4,N14,X1,O1	pr  dwAt	robing room	0.0
𓉐𓅟	O1,G27	pr  dSr	Red House (Treasury of Lower Egypt)	0.0
𓉐𓏤𓆓𓏏𓇾	O1,Z1,I10,X1,N16	pr  Dt	estate, foundation	0.0
𓉐𓏤𓈖𓆓𓏏𓇾	O1,Z1,N35,I10,X1,N16	pr  Dt	estate, foundation	0.0
𓉐𓏤𓈖𓆓𓏏𓈖	O1,Z1,N35,I10,X1,N35	pr  Dt	estate, foundation	0.0
𓉐𓂋𓇋𓇋𓏏𓉐𓏥	O1,D21,M17,M17,X1,O1,Z2	pryt	houses	0.0
𓉐𓂋𓂻𓅧𓈎𓂻	O1,D21,D54,G35,N29,D54	pr  aq	come in  and go out, come and go	0.0
𓉐𓂋𓂻𓂋	O1,D21,D54,D21	pr  r	advance against (a position in war)	0.0
𓉐𓂋𓂻𓉔𓄿𓂻	O1,D21,D54,O4,G1,D54	pr  hA	ascend and descend	0.0
𓉐𓂻	O1,D54	pr	go up, ascend,         be subtracted (mathematical)	0.0
𓉐𓂋𓏏𓏒	O1,D21,X1,X4	prt	(ritual) procession	0.0
𓉐𓂋𓏏𓂻𓅓𓂋	O1,D21,X1,D54,G17,D21	prt  m.......r	from.......to	0.0
𓉐𓂋𓏏𓂻𓇮𓏏𓇼	O1,D21,X1,D54,M44,X1,N14	prt  spdt	(heliacal) rising of Sothis - Sirius	0.0
𓉐𓂋𓇋𓇋𓂻𓀀	O1,D21,M17,M17,D54,A1	pry	hero, champion	0.0
𓉐𓂋𓇋𓇋𓂻𓃓	O1,D21,M17,M17,D54,E2	pry	ferocious bull	0.0
𓉐𓂋𓇋𓇋𓏏𓁣	O1,D21,M17,M17,X1,C7	pryt	crisis ?	0.0
𓉐𓂋𓅱𓂻	O1,D21,G43,D54	prw	motion, procession, outcome, result	0.0
𓉐𓂻𓏥	O1,D54,Z2	prw	outcome, result	0.0
𓉐𓂋𓅱𓂻𓈖𓂋𓏤	O1,D21,G43,D54,N35,D21,Z1	prw  n  r	utterance	0.0
𓉐𓅱𓂻	O1,G43,D54	prw	motion, procession, outcome, result	0.0
𓉐𓂋𓅱𓀁𓈖𓂋𓏤	O1,D21,G43,A2,N35,D21,Z1	prw  n  r	utterance	0.0
𓉐𓂋𓅱𓏛𓏥	O1,D21,G43,Y1,Z2	prw	excess, surplus	0.0
𓉐𓂋𓅱𓂻𓏥	O1,D21,G43,D54,Z2	prw	excess, surplus	0.0
𓉐𓂋𓅱𓏛𓏥𓁷𓏤	O1,D21,G43,Y1,Z2,D2,Z1	prw  Hr	more than	0.0
𓉐𓂋𓅱𓇿𓏥	O1,D21,G43,N17,Z2	prw	land emerged from inundation	0.0
𓉐𓂋𓂻𓂝𓏤	O1,D21,D54,D36,Z1	pr  a	be active	0.0
𓉐𓂋𓂻𓂝𓏤𓎡	O1,D21,D54,D36,Z1,V31	pr  a .k	get on with your work !	0.0
𓉐𓂋𓏏𓂝𓂡	O1,D21,X1,D36,D40	prt  a	activity	0.0
𓉐𓂋𓏏𓂻𓂋𓊤𓅱𓏳𓏥	O1,D21,X1,D54,D21,P8,G43,Z8,Z2	prt  r  xrw	invocation offerings	0.0
𓉐𓂋𓏏𓍁𓈓	O1,D21,X1,U13,N33A	prt	fruit, seed, (in sense of offspring, prosperity)	0.0
𓉐𓂋𓏏𓂺𓈓	O1,D21,X1,D53,N33A	prt	fruit, seed,  (in sense of offspring, posterity)	0.0
𓉐𓂋𓏏𓏯𓌾𓏥	O1,D21,X1,Z5,U10,Z2	prt	fruit, seed,  (in sense of offspring, posterity)	0.0
𓉐𓊃𓈖𓏒	O1,O34,N35,X4	psn	loaf	0.0
𓉐𓊃𓈖𓏑	O1,O34,N35,X3	psn	a loaf	0.0
𓉐𓂋𓂻𓉔𓄿𓂻	O1,D21,D54,O4,G1,D54	pr  hAi	ascend and descend, come and go	0.0
𓉐𓂋𓂻𓉔𓄿𓂻𓆑	O1,D21,D54,O4,G1,D54,I9	pr  hA  .f	a popular resort, thronging crowds	0.0
𓉐𓂉𓉐	O1,D19,O1	xnr	harem	0.0
𓉐𓍕𓉐	O1,U31,O1	xnr	harem	0.0
𓉐𓏤𓇼𓄿𓇋𓇋𓏏𓇳	O1,Z1,N14,G1,M17,M17,X1,N5	pr  dwAt	robing room	0.0
𓉥𓂝𓉐	O11,D36,O1	aH	palace, temple	0.0
𓉥𓉐	O11,O1	aH	palace, temple	0.0
𓉦𓉐	O12,O1	aH	palace, temple	0.0
𓉧𓏏𓉐	O13,X1,O1	wsxt	hall, court	0.0
𓉨𓏏	O14,X1	sbx	portal	0.0
𓉩	O15	wsxt	hall, court	0.0
𓉪𓏏𓏤𓋳	O16,X1,Z1,S28	tAyt	shroud	0.0
𓉪𓏏𓏏	O16,X1,X1	tAyty	the shrouded one (of Osiris)(title of Vizier)	0.0
𓉫𓅨	O17,G36	tA  wr	larboard	0.0
𓉫	O17	tAyty	the shrouded one (of Osiris)	0.0
𓇋𓇋𓇳	O180,M17,M17,N5	arqy	last day of the month	0.0
	O206	wAD	papyriform column	0.0
𓉲𓏛	O22,Y1	sH	counsel	0.0
𓉲𓇋𓇋𓀀	O22,M17,M17,A1	sHy	man of good counsel	0.0
𓉳𓎳	O23,W4	Hb  sd	jubilee	0.0
𓉶	O25	txn	obelisk	0.0
𓉹	O27	xA	office, bureau	0.0
𓉹	O27	xAwy	night	0.0
𓉺𓏤	O28,Z1	iwn	pillar	0.0
𓉺𓉺𓉺𓏏𓉐	O28,O28,O28,X1,O1	iwnyt	pillared hall	0.0
𓉺𓏌𓇋𓇋𓏏𓉐	O28,W24,M17,M17,X1,O1	iwnyt	pillared hall	0.0
𓉺𓏏𓏤	O28,X1,Z1	iwnt	bow	0.0
𓉺𓏏𓌔	O28,X1,T10	iwnt	bow	0.0
𓉺𓏤𓏥𓌙𓀏𓏥	O28,Z1,Z2,T14,A13,Z2	iwntyw	tribesmen	0.0
𓉺𓏏𓏤𓏪	O28,X1,Z1,Z3	iwntyw	tribesmen	0.0
𓉺𓉺𓉺	O28,O28,O28	iwntyw	tribesmen	0.0
𓉺𓉺𓉺	O28,A462,O28,A462,O28,A462	iwntyw	tribesmen	0.0
𓉺𓈖𓏏𓊖	O28,N35,X1,O49	iwnt	Denderah	0.0
𓉺𓈖𓇋𓊖	O28,N35,M17,O49	iwni	Hermonthis	0.0
𓉺𓈖𓏭𓊖	O28,N35,Z4,O49	iwni	Hermonthis	0.0
𓉺𓇋𓇋𓏏𓊖	O28,M17,M17,X1,O49	iwnyt	Latopolis, Esna	0.0
𓏏𓉐𓃒𓏥	O289,X1,O1,E1,Z2	mDt	stalled cattle	0.0
𓉻𓏤𓆱	O29,Z1,M3	aA	column, pillar	0.0
𓉻𓂝𓆱	O29,D36,M3	aA	column, pillar	0.0
𓉻𓂝𓄿𓀀	O29,D36,G1,A1	aA	elder son	0.0
𓉻𓂝𓄿𓏏𓏛	O29,D36,G1,X1,Y1	aAt	a great thing	0.0
𓉻𓂝𓄿𓅱𓏛	O29,D36,G1,G43,Y1	aAw	greatly	0.0
𓉻𓉻𓉻	O29,O29,O29	aAy	excess (over), difference (in mathematical)	0.0
𓉻𓂝𓇋𓇋𓏛𓏥	O29,D36,M17,M17,Y1,Z2	aAy	excess (over), difference (in mathematical)	0.0
𓉻𓂝𓄿𓈐	O29,D36,G1,N31	aA	here, there, yonder	0.0
𓉻𓂝𓈐	O29,D36,N31	aA	here, there, yonder	0.0
𓉻𓂝𓄿𓇋𓇋𓈐	O29,D36,G1,M17,M17,N31	aA	here, there, yonder	0.0
𓉻𓂝𓉿𓏤𓆱	O29,D36,O31,Z1,M3	aA	door	0.0
𓉻𓉿	O29,O31	aA	door	0.0
𓉻𓂝𓉿	O29,D36,O31	aA	door	0.0
𓉻𓉿𓏤𓆱	O29,O31,Z1,M3	aA	door	0.0
𓉻𓂝𓅱𓏭𓉿𓉿𓂋𓏤	O29,D36,G43,Z4,O31,O31,D21,Z1	aAwy  r	the two leaves of the door	0.0
𓉻𓂝𓅱𓏭𓉿𓉿𓂋𓏮𓇋𓇋𓆱	O29,D36,G43,Z4,O31,O31,D21,Z4A,M17,M17,M3	aAwy  rwy	the two leaves of the door	0.0
𓉻𓂸𓃘	O29,D52,E7	aA	ass, donkey	0.0
𓉻𓂝𓂸𓄛	O29,D36,D52,F27	aA	ass, donkey	0.0
𓉻𓂸𓈞𓏏𓃘	O29,D52,N41,X1,E7	aAt	female ass, female donkey	0.0
𓉻𓏏𓈒	O29,X1,N33	aAt	costly stone, metal	0.0
𓉻𓏏𓊌	O29,X1,O39	aAt	metal	0.0
𓉻𓏏𓆇	O29,X1,H8	aAt	stone vessel	0.0
𓉻𓏏𓎺	O29,X1,W10	aAt	stone vessel	0.0
𓉻𓏏𓈒𓎰𓎸𓎶	O29,X1,N33,W2,W9,W7	aAwt	stone vessels	0.0
𓉻𓏏𓏯𓍢	O29,X1,Z5,V1	aAt	linen cloth	0.0
𓉻𓂝𓄿𓂝𓂺	O29,D36,G1,D36,D53	aAa	evil influence (causing disease)	0.0
𓉻𓂝𓄿𓂝𓂺	O29,D36,G1,D36,D53	aAa	divine seed (sperm)	0.0
𓉻𓂝𓄿𓃀𓇭𓏛	O29,D36,G1,D58,M43,Y1	aAb	pleasing, desirable, (of things)	0.0
𓉻𓂝𓃀𓇎	O29,D36,D58,M19	aAb	pleasant (of persons)	0.0
𓉻𓂝𓃀𓇎	O29,D36,D58,M19	aAb	selfish	0.0
𓉻𓂝𓄿𓃀𓏏𓇭𓏛𓏥	O29,D36,G1,D58,X1,M43,Y1,Z2	aAbt	selfishness	0.0
𓉻𓂝𓄿𓃀𓏏𓇭𓏒𓏥	O29,D36,G1,D58,X1,M43,X4,Z2	aAbt	food, provisions, offerings	0.0
𓉻𓂝𓃀𓏏𓇎𓏛𓏥	O29,D36,D58,X1,M19,Y1,Z2	aAbt	offerings	0.0
𓉻𓂝𓄿𓃀𓏏𓇎𓏛𓈓	O29,D36,G1,D58,X1,M19,Y1,N33A	aAbt	food, provisions	0.0
𓉻𓊪𓊪	O29,Q3,Q3,I103	aApp	Apep	0.0
𓉻𓂝𓅓𓌙𓀏	O29,D36,G17,T14,A13	aAm	Asiatic	0.0
𓉻𓂝𓄿𓅓𓌙𓀀	O29,D36,G1,G17,T14,A1	aAm	Asiatic	0.0
𓉻𓂝𓄿𓅓𓌙𓀀	O29,D36,G1,G17,T14,A1	aAm	Asiatic	0.0
𓉻𓂝𓄿𓎼𓏏𓂾	O29,D36,G1,W11,X1,D56	aAgt	hoof, claw, foot	0.0
𓉻𓄿𓎼𓏏	O29,G1,W11,X1,F123	aAgt	hoof	0.0
𓉻𓂝𓄿𓎼𓂝	O29,D36,G1,W11,D36	aAg	thrash	0.0
𓉻𓂝𓄿𓎼𓂾	O29,D36,G1,W11,D56	aAg	thrash	0.0
𓉻𓂝𓄿𓎼𓂾𓂝	O29,D36,G1,W11,D56,D36	aAg	thrash	0.0
𓉻𓂝𓄿𓂧𓏏𓏐	O29,D36,G1,D46,X1,X2	aAdt	type of bread ?	0.0
𓉻𓂝𓄿𓇳𓆓	O29,D36,G1,N5,I10	aAd	be pale, pallid	0.0
𓉻𓂝𓄿𓂧𓏲𓏛𓀜	O29,D36,G1,D46,Z7,Y1,A24	aAd	be pale, pallid	0.0
𓉻𓂝𓍯𓄿𓀜	O29,D36,V4,G1,A24	awAi	steal (goods), rob (someone)	0.0
𓉻𓏏𓏯𓈙𓏥	O29,X1,Z5,N37,Z2	aSAt	many, numerous	0.0
	O292	pr  dwAt	robing room	0.0
	O29V	aA	column, pillar (as part of ship)	0.0
𓄿	O29V,G1,Y1V	aA(i)	great (of quality)	0.0
𓄿𓀀	O29V,G1,Y1V,A1	aA	magnate, elder son	0.0
𓄿𓀀𓈖𓉐𓏤	O29V,G1,Y1V,A1,N35,O1,Z1	aA   n   pr	majordomo	0.0
𓉽𓉽𓉽𓉽	O30,O30,O30,O30	sxnt	(the four) posts (of the sky)	0.0
	O307	wsxt	hall, court	0.0
𓏤𓅪𓏥	O30U,Z1,G37,Z2	sDb	impediment, obstacle, (verbal) opposition, guilt, ill-will	0.0
𓏤	O30U,Z1	sDb	guilt	0.0
𓉿𓉿𓂋𓏤	O31,O31,D21,Z1	aAwy  r	the two leaves of the door	0.0
𓉿𓅓𓀭	O31,G17,A40	aAm	Asiatic	0.0
𓉿𓅓𓏏𓁐	O31,G17,X1,B1	aAmt	Asiatic woman	0.0
𓊃𓈖𓏭𓏕𓂻𓏠𓈖𓏏𓅪𓏪	O34,N35,Z4,X5,D54,Y5,N35,X1,G37,Z3	sny  mnt	distress, calamity	0.0
𓊃𓎡𓏏𓏏𓊛	O34,V31,X1,X1,P1	msktt	night-barque (of sun god)	0.0
𓊃𓀀𓏤𓎟	O34,A1,Z1,V30	s  nb	everyone, everybody	0.0
𓊃𓏏𓁐𓈞𓏏𓁐	O34,X1,B1,N41,X1,B1	st  Hmt	woman, wife	0.0
𓊃𓏤𓆱	O34,Z1,M3	s	doorbolt	0.0
𓊃	O34,T49	s	sheaf (of arrows)	0.0
𓊃𓀀𓏤𓎟	O34,A1,Z1,V30	s  nb	everyone, each one, each	0.0
𓊃𓇋𓏤	O34,M17,Z1	s	man, someone, anyone, (no)-one, man of rank	0.0
𓊃𓆰𓏤	O34,M2,Z1	s	man, someone, anyone, (no)-one, man of rank	0.0
𓊃𓏏𓁐	O34,X1,B1	st	woman, wife	0.0
𓊃𓏏𓈟𓏏𓁐	O34,X1,N42,X1,B1	st  Hmt	woman, wife	0.0
𓊃𓏏𓅭	O34,X1,G39	st	pin-tail duck	0.0
𓊃𓏏𓍢	O34,X1,V1	stAw	injury	0.0
𓊃𓅭𓏏𓆱	O34,G39,X1,M3	sAtw	ground	0.0
𓊃𓅭𓄿𓂻	O34,G39,G1,D54	sA	betake oneself (to)	0.0
𓊃𓉐𓏤	O34,O1,Z1	sA	byre	0.0
𓊃𓅭𓄿𓏲𓀸𓀜	O34,G39,G1,Z7,A47,A24	sAw	guard, ward off, restrain, heed	0.0
𓊃𓄿𓅱	O34,D96,G1,G43	sAw	guard, ward off, restrain, heed	0.0
𓊃𓅭𓄿𓇋𓇋𓅱𓂡𓏥	O34,G39,G1,M17,M17,G43,D40,Z2	sAww	guardians, wardens	0.0
𓊃𓅭𓄿𓅱𓏏𓀸𓏪	O34,G39,G1,G43,X1,A47,Z3	sAwt	watch and ward, warding off (evil)	0.0
𓊃𓅭𓄿𓏏𓊅𓈇𓏤	O34,G39,G1,X1,O36,N23,Z1	sAt	wall	0.0
𓊃𓅭𓄿𓂻	O34,G39,G1,D54	sAi	creep	0.0
𓊃𓅭𓄿𓀸𓂻	O34,G39,G1,A47,D54	sAi	linger, await, creep	0.0
𓊃𓅭𓄿𓂻𓇍𓏏𓆑	O34,G39,G1,D54,M18,X1,I9	sAi  iit  .f	one whose coming is awaited	0.0
𓊃𓅭𓄿𓀁	O34,G39,G1,A2	sAi	be wise, prudent	0.0
𓊃𓀁	O34,J18,A2	sAt	prudence, wisdom	0.0
𓊃𓅭𓄿𓅪	O34,G39,G1,G37	sA	weak	0.0
𓊃𓅭𓄿𓅱𓆱	O34,G39,G1,G43,M3	sAw	beam, baulk	0.0
𓊃𓅭𓇋𓇋𓅱𓆱𓏥	O34,G39,M17,M17,G43,M3,Z2	sAw	beam, baulk	0.0
𓊃𓅭𓄿𓏲𓊖	O34,G39,G1,Z7,O49	sAw	Sais	0.0
𓊃𓅭𓅱𓏏𓄹𓏥	O34,G39,G43,X1,F51,Z2	sAwt	loins ?	0.0
𓊃𓅭𓄿𓅱𓏏𓏭𓊖	O34,G39,G1,G43,X1,Z4,O49	sAwty	Asyut (Lycopolis)	0.0
𓊃𓅭𓅱𓏏𓊖	O34,G39,G43,X1,O49	sAwty	Asyut (Lycopolis)	0.0
𓊃𓄿𓃀𓈒𓈒𓈒𓈒	O34,G1,D58,N33,N33,N33,N33	sAb	drip	0.0
𓊃𓄿𓃀𓃥	O34,G1,D58,E17	sAb	jackal	0.0
𓊃𓍋𓃀𓏛	O34,U23,D58,Y1	sAb	make to tarry	0.0
𓊃𓈙𓂋𓏏𓏳	O34,N37,D21,X1,Z8	sASrt	cake, loaf	0.0
𓊃𓅭𓄿𓏏𓅱𓈇𓏥	O34,G39,G1,X1,G43,N23,Z2	sAtw	ground, earth, soil, floor	0.0
𓊃𓅭𓏏𓆱	O34,G39,X1,M3	sAtw	ground, earth, soil, floor	0.0
𓊃𓅭𓄿𓏏𓆱𓏥	O34,G39,G1,X1,M3,Z2	sAtw	floor boards, flooring	0.0
𓊃𓄿𓍿	O34,G1,V13,W57	sAT	make libation, pour out (water)	0.0
𓊃𓍿	O34,V13,A4B,A135C	sAT	make libation, pour out (water)	0.0
𓊃𓍿	O34,V13,W57	sAT	make libation, pour out (water)	0.0
𓊃𓍿𓊌	O34,V13,W54,A4B,O39	sAT	libation stone	0.0
𓊃𓍿	O34,V13,W54,A4B	sAT	libation stone	0.0
𓊃𓍿	O34,V13,D126	sAT	libation stone	0.0
𓊃𓆛𓍢𓅱𓏥	O34,K1,V1,G43,Z2	sinw	ropes	0.0
𓊃𓇋𓈖𓂝	O34,M17,N35,D36	sin	rub, rub out, obliterate, rub together	0.0
𓊃𓆛𓈖	O34,K1,N35	sin	rub out, obliterate	0.0
𓊃𓇋𓆛𓈖𓂝	O34,M17,K1,N35,D36	sin	rub out, obliterate	0.0
𓊃𓂝𓃀𓏛	O34,D36,D58,Y1	sab	be equipped (with)	0.0
𓊃𓂝𓃀𓏛𓌂	O34,D36,D58,Y1,S42	sab	be equipped (with)	0.0
𓊃𓂝𓎛𓀭	O34,D36,V28,A40	saH	noble, dignitary	0.0
𓊃𓂝𓎛𓃶𓀽	O34,D36,V28,E31,A52	saH	noble, dignitary	0.0
𓊃𓂝𓎛𓋩𓏛	O34,D36,V28,S20,Y1	saH	be noble	0.0
𓊃𓂝𓎛𓀾	O34,D36,V28,A53	saH	mummy (mummified person)	0.0
𓊃𓂝𓎛𓋩𓀻	O34,D36,V28,S20,A50	saH	mummy (mummified person)	0.0
𓊃𓂝𓎛𓋩	O34,D36,V28,S20	saH	mummy (mummified person)	0.0
𓊃𓂝𓊃𓂝𓅪	O34,D36,O34,D36,G37	sasa	deface	0.0
𓊃𓍯𓄿𓏴𓂡	O34,V4,G1,Z9,D40	swA	break, cut (throat), cut off, cut down	0.0
𓊃𓍯𓄿𓈙𓀢𓏛	O34,V4,G1,N37,A30,Y1	swAS	pay honour to, applaud	0.0
𓊃𓃹𓈖𓏏𓌕	O34,E34,N35,X1,T11	swnt	arrow	0.0
𓊃𓏌𓅱	O34,W81,W24,G43	swn	perish	0.0
𓊃𓅨𓂋	O34,G36,D21,D118	swr	drink	0.0
𓊃𓅨𓂋𓏊	O34,G36,D21,W22	swr	drink	0.0
𓊃𓅨𓂋𓏏	O34,G36,D21,X1,A116	swrt	drink - supply ?	0.0
𓊃𓏲𓆼𓄿𓅪	O34,Z7,M12,G1,G37	swxA	befool (someone)	0.0
𓊃𓅱𓏏𓇠	O34,G43,X1,M33	swt	wheat	0.0
𓊃𓅡𓎼𓇋𓇋	O34,G29,W11,M17,M17	sbAgy	make weary	0.0
𓊃𓃀𓇋𓀁	O34,D58,M17,A2	sbi	drink	0.0
𓊃𓃀𓈖	O34,D58,N35	sbn	glide away (of snakes), steer off course, diverge	0.0
𓊃𓃀𓎛𓄑𓏏	O34,D58,V28,F18,X1	sbHt	requisition	0.0
𓊃𓊪𓏏𓊗	O34,Q3,X1,O50	spt	threshing - floor	0.0
𓊃𓊪𓊗𓈖𓂜𓏏𓏏𓅪𓏥	O34,Q3,O50,N35,D35,X1,X1,G37,Z2	sp  n  iwtt	in vain	0.0
𓊃𓊪𓊗𓅪	O34,Q3,O50,G37	sp	misdeed, fault	0.0
𓊃𓊪𓊗𓁶𓊪𓏭	O34,Q3,O50,D1,Q3,Z4	sp  tpy	the creation	0.0
𓊃𓊪𓊗𓏛	O34,Q3,O50,Y1	spi	remain over, be left out, excluded, abandoned	0.0
𓊃𓊪𓊗𓇋𓇋𓏏𓏥	O34,Q3,O50,M17,M17,X1,Z2	spyt	remnant	0.0
𓊃𓊪𓏏𓂂	O34,Q3,X1,D12	spyt	remnant	0.0
𓊃𓊪𓏲𓈒𓏥	O34,Q3,Z7,N33,Z2	spw	fragments, bundles	0.0
𓊃𓊪𓏏𓂎𓈅𓏤	O34,Q3,X1,D24,N21,Z1	spt	bank (of waterway), shore, gunwale ?, edge (of horizon)	0.0
𓊃𓊪𓏏𓈅	O34,Q3,X1,N21	spt	shore	0.0
𓊃𓊪𓅮𓄿𓆨	O34,Q3,G40,G1,L5	spA	centipede	0.0
𓊃𓉐𓂋𓂻	O34,O1,D21,D54	spri	make to miss (of missiles), expel (rebel)	0.0
𓊃𓉐𓂋𓂻𓏛	O34,O1,D21,D54,Y1	spri	make to miss (of missiles), expel (rebel)	0.0
𓊃𓊪𓏛	O34,Q3,J1,Y1	spxA	purge (the body), make sleek (of skin)	0.0
𓊃𓊪𓆼𓄿𓏯𓏛	O34,Q3,M12,G1,Z5,Y1	spxA	purge (the body), make sleek (of skin)	0.0
𓊃𓊪𓊃	O34,Q3,O34,A88	sps	be tousled	0.0
𓊃𓆑𓌪	O34,I9,T30	sf	cut up, cut off	0.0
𓊃𓆑𓂉𓀁	O34,I9,D19,A2	sf	be mild, merciful	0.0
𓊃𓆑𓂉𓀁	O34,I9,D19,A2	sf	mercy, gentleness	0.0
𓊃𓆑𓄿𓅪	O34,I9,G1,G37	sfA	hatred ?	0.0
𓊃𓆑𓄿𓅭𓀁	O34,I9,G1,G39,A2	sfA	be sluggish	0.0
𓊃𓆑𓅱𓏮𓏮𓏥	O34,I9,J1,G43,Z4A,Z4A,Z2	sfxw	seven	0.0
𓊃𓆑𓍿𓌪	O34,I9,V13,T30	sfT	slaughter (animals), make sacrifice	0.0
𓊃𓆑𓏏𓌪𓀜	O34,I9,X1,T30,A24	sfT	slaughter (animals), make sacrifice	0.0
𓊃𓌳𓄥	O34,U1,F36	smA	unite, join (a company), associate (with), arrive (in), partake (of), make ready (a boat),	0.0
𓊃𓌳𓏏𓄥	O34,U1,X1,F36	smAt	union	0.0
𓊃𓌳𓄥𓅱𓄹𓄹𓄹	O34,U1,F36,G43,F51,F51,F51	smAw	lungs ?	0.0
𓊃𓌳𓄿𓌎	O34,U1,G1,T7	smA	kill, destroy	0.0
𓊃𓌳𓄿𓌰	O34,U1,G1,T34	smA	kill, destroy	0.0
𓊃𓂝	O34,J11,D36	smAa	put in order, correct, present, survey (region)	0.0
𓊃𓌳𓄿𓅱	O34,U1,G1,G43	smAwy	renovate, renew	0.0
𓊃𓅁𓇋𓌗𓅪	O34,G3,M17,T12,G37	smAr	impoverish	0.0
𓊃𓅓𓏏𓈉	O34,G17,X1,N25	smyt	desert, necropolis	0.0
𓊃𓅓𓇋𓇋𓏏𓈉	O34,G17,M17,M17,X1,N25	smyt	desert, necropolis	0.0
𓊃𓏏𓈉𓀀𓏤	O34,X1,N25,A1,Z1	smyty	necropolis worker	0.0
𓊃𓅓𓏏𓈉𓏥	O34,G17,X1,N25,Z2	smytyw	owners of a desert tomb	0.0
𓊃𓏠𓈖𓏠𓈖𓂻	O34,Y5,N35,Y5,N35,D54	smnmn	shift (boundary)	0.0
𓊃𓎔𓎛𓏭𓊛	O34,V22,V28,Z4,P1	smHy	sink (ship)	0.0
𓊃𓎔𓎛𓏭𓊛	O34,V22,V28,Z4,P1	smHy	canoe	0.0
𓊃𓎔𓎛𓊛	O34,V22,V28,P1	smHy	canoe	0.0
𓊃𓂸𓏏𓂸𓏏𓄔	O34,D52,X1,D52,X1,F21	smtmt	eavesdrop	0.0
𓊃𓈖𓏠𓏏	O34,N35,Y5,X1	snt	Senet (a board game)	0.0
𓊃𓈖𓊌𓉿	O34,N35,O39,O31	sn	open	0.0
𓊃𓈖𓇿	O34,N35,N17	sn	open	0.0
𓊃𓈖𓊌𓂡	O34,N35,O39,D40	sn	open	0.0
𓊃𓊌𓈖𓏴𓂻	O34,O39,N35,Z9,D54	sn	open	0.0
𓊃𓈖𓊌𓉿𓂡	O34,N35,O39,O31,D40	sn	open	0.0
𓊃𓈖𓈀𓏛	O34,N35,N18,Y1	sn	reveal	0.0
𓊃𓈖𓈀𓂻	O34,N35,N18,D54	sni	pass, pass by, surpass, transgress	0.0
𓊃𓈖𓏕	O34,N35,X5	sni	pass, pass by, surpass, transgress	0.0
𓊃𓈖𓏴𓂻	O34,N35,Z9,D54	sni	pass, pass by, surpass, transgress	0.0
𓊃𓈖𓏭𓏕𓂻𓏠𓈖𓏏𓅪𓏥	O34,N35,Z4,X5,D54,Y5,N35,X1,G37,Z2	sny  mnt	distress, calamity	0.0
𓊃𓈖𓏕	O34,N35,X5	sni	be like, resemble, copy, imitate, conform	0.0
𓊃𓈖𓌪	O34,N35,T30	sni	cut off (heads), sever (necks)	0.0
𓊃𓈖𓏌𓅱𓏳𓏥	O34,N35,W24,G43,Z8,Z2	snw	offerings	0.0
𓊃𓈖𓏌𓂉𓏳	O34,N35,W24,D19,Z8	snw	offerings	0.0
𓊃𓈖𓃀𓀨	O34,N35,D58,A35	snb	overstep (boundary etc), overthrow (landmark)	0.0
𓊃𓈖𓃀𓊅𓂻	O34,N35,D58,O36,D54	snb	overstep (boundary etc), overthrow (landmark)	0.0
𓊃𓈖𓃀	O34,N35,D58,M184	snb	overstep (boundaries etc), overthrow (landmark)	0.0
𓊃𓈖𓃀𓏏𓊇	O34,N35,D58,X1,O36B	snbt	rampart	0.0
𓊃𓈖𓃀𓏏𓈇𓊅	O34,N35,D58,X1,N23,O36	snbt	rampart	0.0
𓊃𓈖𓃀𓏏	O34,N35,D58,X1,M184	snbt	rampart	0.0
𓊃𓈖𓃀𓅱	O34,N35,D58,G43,M184,M184,M184	snbw	battlements	0.0
𓊃𓈖𓃀𓏏𓎿	O34,N35,D58,X1,W14	snbt	jar	0.0
𓊃𓈖𓃀𓏏𓏁	O34,N35,D58,X1,W15	snbt	jar	0.0
𓊃𓈖𓆑𓏭𓊡	O34,N35,I9,Z4,P5	snf	make to breathe, succour, unload (ships), empty out (contents)	0.0
𓊃𓈖𓆑𓂐𓏥	O34,N35,I9,D26,Z2	snfw	blood	0.0
𓊃𓈖𓆑𓅱𓂐	O34,N35,I9,G43,D26	snfw	blood	0.0
𓊃𓈖𓆑𓆑𓍼𓂻	O34,N35,I9,J1,I9,J1,V12,D54	snfxfx	loosen, release	0.0
𓊃𓈖𓌰𓅓𓅯𓀁	O34,N35,T34,G17,G41,A2	snm	feed (someone), consume (food), supply (necessities)	0.0
𓊃𓈖𓌰𓅓𓅻	O34,N35,T34,G17,G51	snm	feed (someone), consume (food), supply (necessities)	0.0
𓊃𓌰𓅓𓀁	O34,T34,G17,A2	snm	feed (someone), consume (food), supply (necessities)	0.0
𓊃𓌰𓅓𓅠𓏛	O34,T34,G17,G28,Y1	snm	feed (someone), consume (food), supply (necessities)	0.0
𓊃𓈖𓌰𓅓𓅠𓏳𓈓	O34,N35,T34,G17,G28,Z8,N33A	snmw	food - supply	0.0
𓊃𓈖𓌰𓅓𓅯𓏛	O34,N35,T34,G17,G41,Y1	snmw	food - supply	0.0
𓊃𓈖𓌰𓅓𓂉𓀁	O34,N35,T34,G17,D19,A2	snm	greed ?	0.0
𓊃𓈖𓌰𓅓𓅯𓀁	O34,N35,T34,G17,G41,A2	snm	greed ?	0.0
𓊃𓈖𓌰𓅓𓅯𓅪	O34,N35,T34,G17,G41,G37	snm	be sad	0.0
𓊃𓈖𓌰𓅓𓏛	O34,N35,T34,G17,Y1	snm	pray (to), beg (from)	0.0
𓊃𓈖𓌰𓅓𓅯𓀁	O34,N35,T34,G17,G41,A2	snm	supplicate (someone)	0.0
𓊃𓈖𓌰𓅓𓀢𓏛	O34,N35,T34,G17,A30,Y1	snm	prayer	0.0
𓊃𓈖𓌰𓅓𓅱𓃫𓇲𓈗𓏥	O34,N35,T34,G17,G43,E21,N4,N35A,Z2	snmw	squalls (of rain)	0.0
𓊃𓈖𓌰𓅓𓎛𓀔𓀁	O34,N35,T34,G17,V28,A17,A2	snmH	pray, make supplication	0.0
𓊃𓈖𓌰𓅓𓎛𓀞𓏪	O34,N35,T34,G17,V28,A26,Z3	snmH	pray, make supplication	0.0
𓊃𓈖𓌰𓅓𓎛𓀢𓏛	O34,N35,T34,G17,V28,A30,Y1	snmH	pray, make supplication	0.0
𓊃𓇑𓇑𓀾	O34,M22,M22,A53	snn	likeness, image, figure	0.0
𓊃𓈖𓈖𓍼𓏤	O34,N35,N35,V12,Z1	snn	copy (of document)	0.0
𓊃𓈖𓈖𓅱𓀉	O34,N35,N35,G43,A7	snnw	suffer, be distorted	0.0
𓊃𓈖𓈖𓇋𓅪	O34,N35,N35,M17,G37	snnw	suffer, be distorted	0.0
𓊃𓈖𓈖𓇋𓅱𓂢𓅪	O34,N35,N35,M17,G43,D41,G37	snnw	suffer, be distorted	0.0
𓊃𓈖𓈖𓏭𓌕𓂡𓀀	O34,N35,N35,Z4,T11,D40,A1	snny	chariot - soldier	0.0
𓊃𓈖𓈖𓏕	O34,N35,N35,X5	snny	chariot - soldier	0.0
𓊃𓈖𓂋𓆂	O34,N35,D21,H4	snr	take care of	0.0
𓊃𓈖𓉔𓇋𓇋𓀁	O34,N35,O4,M17,M17,A2	snhy	register, record, muster (troops), drive (birds)	0.0
𓊃𓈖𓉔𓏭𓂻	O34,N35,O4,Z4,D54	snhy	register, record, muster (troops), drive (birds)	0.0
𓊃𓈖𓉔𓋴𓍟𓁺	O34,N35,O4,S29,U40,D5	snhs	awaken	0.0
𓊃𓈖𓇉𓄿	O34,N35,M16,G1,J2	snHA	frustrate	0.0
𓊃𓈖𓎛𓅓𓆧	O34,N35,V28,G17,L4	snHm	locust	0.0
𓊃𓈖𓈟𓅓𓆧	O34,N35,N42,G17,L4	snHm	locust	0.0
𓊃𓈖𓄡𓏏𓂐	O34,N35,F32,X1,D26	snXt	phlegm	0.0
𓊃𓈖𓋴𓏭𓀁	O34,N35,S29,Z4,A2	snsy	worship	0.0
𓊃𓈖𓋴𓀢	O34,N35,S29,A30	snsy	worship	0.0
𓊃𓈖𓋴𓅱𓀁𓏥	O34,N35,S29,G43,A2,Z2	snsw	worship	0.0
𓊃𓈖𓋴𓏮𓅱	O34,N35,S29,Z4A,G43	snsw	worship	0.0
𓊃𓈖𓈙𓅓𓈙𓅓𓌪	O34,N35,N37,G17,N37,G17,T30	snSmSm	sharpen	0.0
𓊃𓈖𓎡𓄣𓏤	O34,N35,V31,F34,Z1	snk  ib	haughtiness	0.0
𓊃𓈖𓎡𓄓	O34,N35,V31,F20	snk	tongue	0.0
𓊃𓈖𓎡𓆊	O34,N35,V31,I3	snk	be greedy	0.0
𓊃𓈖𓎡𓆊	O34,N35,V31,I3	snk	greed	0.0
𓊃𓈖𓎡𓏏𓆊𓏥	O34,N35,V31,X1,I3,Z2	snkt	longing	0.0
𓊃𓈖𓏏𓏭𓀾𓏛	O34,N35,X1,Z4,A53,Y1	snty	likeness	0.0
𓊃𓈖𓏏𓏭𓏯𓏛	O34,N35,X1,Z4,Z5,Y1	snty	likeness	0.0
𓊃𓈖𓏏𓏯𓏛	O34,N35,X1,Z5,Y1	snT	measure out (land), found (a house etc)	0.0
𓊃𓈖𓏏𓏏𓍰	O34,N35,X1,X1,V5	sntt	foundation, plan	0.0
𓊃𓈖𓂧	O34,N35,D46,T12A	snd	a garment	0.0
𓊃𓈖𓆓𓏏𓅾	O34,N35,I10,X1,G54	snDt	fear	0.0
𓊃𓂋𓃝	O34,D21,E10	sr	ram, sheep	0.0
𓊃𓂋𓇋𓏏𓃝	O34,D21,M17,X1,E10	srit	ewe	0.0
𓊃𓂋𓅱𓅾	O34,D21,G43,G54	srw	goose	0.0
𓊃𓂋𓅱𓂧𓌗	O34,D21,G43,D46,T12	srwD	strengthen, maintain, perpetuate, make to flourish, restore (buildings)	0.0
𓊃𓂋𓅱𓂧𓌗	O34,D21,G43,D46,T12	srwD	make secure, provide, set right (a wrong), fulfil (contract)	0.0
𓊃𓂋𓅓𓏏𓏋	O34,D21,G17,X1,W23	srmt	foodstuff, beverage	0.0
𓊃𓂋𓇋𓇋𓀁	O34,D21,J1,M17,M17,A2	srxw	accuser, complainer, evil spirit	0.0
𓊃𓂋𓇋𓇋𓀁	O34,D21,J1,M17,M17,A2	srxy	accusation, reproach	0.0
𓊃𓂋𓅱𓂧𓌗	O34,D21,G43,D46,T12	srd	make grow, plant (trees), erect (monuments)	0.0
𓊃𓉔𓄿𓀜	O34,O4,G1,A24	shA	hostility	0.0
𓊃𓉔𓂋𓅱𓏏𓏛	O34,O4,D21,G43,X1,Y1	shri	make content, make peace	0.0
𓊃𓉔𓂋𓏏𓊛	O34,O4,D21,X1,P1	shrt	ship	0.0
𓊃𓎛𓉲𓉐	O34,V28,O22,O1	sH	booth, hall	0.0
𓊃𓎛𓉲𓏛	O34,V28,O22,Y1	sH	council	0.0
𓊃𓎛𓇋𓇋𓏏𓊛	O34,V28,M17,M17,X1,P1	sHyt	boat (with cabin ?)	0.0
𓊃𓎳	O34,W4	sHb	make festive, adorn	0.0
𓊃𓎛𓃀𓎱𓏛	O34,V28,D58,W3,Y1	sHb	make festive, adorn	0.0
𓊃𓎛𓍖	O34,V28,U32	sHm	crush, pound, trituration	0.0
𓊃𓎛𓊃𓎛𓅥	O34,V28,O34,V28,G33	sHsH	screech (of bird)	0.0
𓊃𓄔	O34,J1,F21	sxi	be deaf	0.0
𓊃𓂬	O34,J1,D49	sxi	hit, smite, beat	0.0
𓊃𓌪	O34,J1,T30	sx	chop off (limbs)	0.0
𓊃𓅱𓊃𓏛	O34,J1,G43,O34,Y1	sxws	make prosperous, deck out (tomb)	0.0
𓊃𓊃𓏛	O34,J1,O34,Y1	sxws	make prosperous, deck out (tomb)	0.0
𓊃𓅓𓂜𓉐	O34,J1,G17,D35,O1	sxm	fane	0.0
𓊃𓈖𓂘	O34,J1,N35,D32	sxn	embrace, seek out, meet, occupy (a place)	0.0
𓊃𓈖𓂻	O34,J1,N35,D54	sxn	embrace, seek out, meet, occupy (a place)	0.0
𓊃𓈖𓄹	O34,J1,N35,F51	sxn	kidney fat ?	0.0
𓊃𓈖𓂘𓏌𓄹	O34,J1,N35,D32,W24,F51	sxn	kidney fat ?	0.0
𓊃𓈖	O34,J1,N35,J2	sxn	swelling ?, gathering ?	0.0
𓊃𓈖𓍈	O34,J1,N35,U20	sxn	bind together ?	0.0
𓊃𓈖𓏏	O34,J1,N35,X1,M195	sxnt	post	0.0
𓊃𓈖𓅯	O34,J1,N35,G41	sxn	resting - place	0.0
𓊃𓈖𓈙𓆛	O34,J1,N35,N37,K1	sxnS	make to stink	0.0
𓊃𓂋𓀒𓂝	O34,J1,D21,A15,D36	sxr	overthrow, throw down, force into place (dislocated bone)	0.0
𓊃𓂋𓌕𓀜	O34,J1,D21,T11,A24	sxr	sweep	0.0
𓊃𓊃𓂻	O34,J1,O34,D54	sxs	run, hurry, flee	0.0
𓊃𓊃𓀟	O34,J1,O34,A27	sxs	run, hurry, flee	0.0
𓊃𓄡𓄔	O34,F32,F21	sXi	be deaf	0.0
𓊃𓄡𓏭𓄔	O34,F32,Z4,F21	sXi	be deaf	0.0
𓊃𓄡𓄔𓁷𓏤	O34,F32,F21,D2,Z1	sXi  Hr	be neglectful	0.0
𓊃𓄡𓅓𓂻	O34,F32,G17,D54	sXm	be hasty, impetuous	0.0
𓊃𓄡𓅓𓀜	O34,F32,G17,A24	sXm	be hasty, impetuous	0.0
𓊃𓄡𓅓𓂷𓂡	O34,F32,G17,D51,D40	sXm	comb (flax)	0.0
𓊃𓂋𓌕𓀜	O34,J1,D21,T11,A24	sXr	sweep, brush over, overlay (with), stroke	0.0
𓊃𓄡𓂋𓂒	O34,F32,D21,D27A	sXr	milk	0.0
𓊃𓄡𓂋𓂒𓂡	O34,F32,D21,D27A,D40	sXr	milk	0.0
𓊃𓄡𓂋𓅱𓋳𓏪	O34,F32,D21,G43,S28,Z3	sXrw	a linen fabric	0.0
𓊃𓊃𓊮	O34,O34,Q7	ss	ashes	0.0
𓊃𓊄𓃀𓂻	O34,O35,D58,D54	ssbi	despatch (army)	0.0
𓊃𓊃𓆑𓂉	O34,O34,I9,D19	ssf	soothe	0.0
𓊃𓊃𓆑𓅱𓋳𓏥	O34,O34,I9,G43,S28,Z2	ssfw	garments	0.0
𓊃𓊃𓅓𓃗	O34,O34,G17,E6	ssm	horse	0.0
𓊃𓊃𓅐𓏏𓃗	O34,O34,G14,X1,E6	ssmt	horse, mare	0.0
𓊃𓊃𓈖𓈀	O34,O34,N35,N18	ssn	cause to pass	0.0
𓊃𓈙𓉿	O34,N37,O31	sS	open	0.0
𓊃𓈙𓏴𓂻	O34,N37,Z9,D54	sS	open	0.0
𓊃𓈙𓏴𓏛	O34,N37,Z9,Y1	sS	open	0.0
𓊃𓈙𓏴𓂻	O34,N37,Z9,D54	sS	pass, spread, spread out, strew, post (sentries)	0.0
𓊃𓈙𓂻	O34,N37,D54	sS	pass, spread, spread out, strew, post (sentries)	0.0
𓊃𓈙𓇶	O34,N37,N8	sS	pass, spread, spread out, strew, post (sentries)	0.0
𓊃𓈙𓂡	O34,N37,D40	sS	pass, spread, spread out, strew, post (sentries)	0.0
𓊃𓈙𓌪	O34,N37,T30	sS	cut (linen)	0.0
𓊃𓈙𓏴𓉐	O34,N37,Z9,O1	sS	threshold	0.0
𓊃𓈙𓏴𓂻	O34,N37,Z9,D54	sS	threshold	0.0
𓊃𓈙𓏭	O34,N37,Z4,G48A	sSy	nest	0.0
𓊃𓈙	O34,N37,G48A	sSy	nest	0.0
𓊃𓈙𓈙𓅹	O34,N37,N37,G49	sSy	nest	0.0
𓊃𓈙𓏭𓅹	O34,N37,Z4,G49	sSy	nest	0.0
𓊃𓈙𓏞𓏝	O34,N37,Y3,Y2	sS	write, inscribe, paint, draw, enrol (troops)	0.0
𓊃𓆷𓄿𓂻	O34,M8,G1,D54	sSA	make progress	0.0
𓊃𓆷𓀁	O34,M8,A2	sSA	beseech (from)	0.0
𓊃𓈙𓄿𓏭𓀁	O34,N37,G1,Z4,A2	sSA	pray (to)	0.0
𓊃𓆷𓄿𓄃𓏛	O34,M8,G1,F5,Y1	sSA	prayer	0.0
𓊃𓈙𓏴𓅱𓈒	O34,N37,Z9,G43,N33	sSw	disk (of metal)	0.0
𓊃𓌬𓅓𓂻	O34,T32,G17,D54	sSm	lead, guide	0.0
𓊃𓈙𓈖𓆸	O34,N37,N35,M9	sSn	lotus	0.0
𓊃𓈙𓈙𓈖𓆸	O34,N37,N37,N35,M9	sSn	lotus	0.0
𓊃𓈙𓈖𓆰	O34,N37,N35,M2	sSn	lotus	0.0
𓊃𓈙𓈖	O34,N37,N35,M9B	sSn	lotus - shaped cuo	0.0
𓊃𓈙𓈖𓏴𓀜	O34,N37,N35,Z9,A24	sSn	weave	0.0
𓊃𓈙𓈖𓏴𓍢𓏥	O34,N37,N35,Z9,V1,Z2	sSnw	ropes, cordage	0.0
𓊃𓈙𓂋𓌕	O34,N37,D21,T11	sSr	arrow	0.0
𓊃𓈙𓂋𓏏𓏳	O34,N37,D21,X1,Z8	sSrt	cake	0.0
𓊃𓈙𓂋𓂋𓅪	O34,N37,D21,D21,G37	sSrr	lessen	0.0
𓊃𓈙𓋴𓄿𓄃𓏛	O34,N37,S29,J17,G1,F5,Y1	sSsA	make wise	0.0
𓊃𓈙𓈙𓏏𓏣	O34,N37,N37,X1,Y8	sSSt	sistrum	0.0
𓊃𓈙𓈙	O34,N37,N37,Y18B	sSSt	sistrum	0.0
𓊃𓈙𓏏𓍔𓄿𓏴𓏛	O34,N37,X1,U30,G1,Z9,Y1	SstA	make secret, mysterious	0.0
𓊃𓈙𓇾𓏛	O34,N37,N16,Y1	SstA	secret	0.0
𓊃𓈙𓏏𓍔𓄿𓅱𓏛	O34,N37,X1,U30,G1,G43,Y1	SstAw	secretly	0.0
𓊃𓄞𓂧𓏏𓉐	O34,F30,D46,X1,O1	sSdt	shrine (of falcon)	0.0
𓊃𓈙𓂧𓅱𓂐𓏥	O34,N37,D46,G43,D26,Z2	sSdw	drops (of moisture)	0.0
𓊃𓈎𓄿𓀏𓋹	O34,N29,G1,A13,S34	sqr  anx	captive, living prisoner	0.0
𓊃𓎡𓊪𓀜	O34,V31,Q3,A24	skp	strain (medicament)	0.0
𓊃𓎡𓈖𓀁	O34,V31,N35,A2	skn	embroil (in quarrels)	0.0
𓊃𓎡𓂋	O34,V31,D21,P59	skr	Sokar (god)	0.0
𓊃𓎡𓂋𓀭	O34,V31,D21,A40	skr	Sokar (god)	0.0
𓊃𓎡𓂋𓏭	O34,V31,D21,Z4,G7C	skr	Sokar (god)	0.0
𓊃𓎡𓂋𓆭𓂸	O34,V31,D21,M1,D52	skr	adorn, decorate	0.0
𓊃𓎡𓂋𓀓𓂢𓅪	O34,V31,D21,A16,D41,G37	sksi	make to bow down	0.0
𓊃𓎡𓋴𓎝𓎡	O34,V31,S29,V29,V31	sksk	destroy	0.0
𓊃𓎼𓀟	O34,W11,A27	sg	command (ship)	0.0
𓊃𓅠𓅓𓎛𓁹	O34,G28,G17,V28,D4	sgmH	cause to see, glimpse (someone)	0.0
𓊃𓏏𓁐𓈞𓏏𓁐	O34,X1,B1,N41,X1,B1	st  Hmt	wife	0.0
𓊃𓍉𓏏𓊪𓄘𓄘𓄘	O34,U21,X1,Q3,F24,F24,F24	stpt	choice things (of food)	0.0
𓊃𓏏𓊪𓍉𓋳𓏤	O34,X1,Q3,U21,S28,Z1	stp	strip (of cloth), rag	0.0
𓊃𓏏𓈖𓏭	O34,X1,N35,Z4	stny	crown (king)	0.0
𓊃𓏏𓄡𓀭	O34,X1,F32,A40	stX	Seth (god)	0.0
𓊃𓍿𓊃𓌙	O34,V13,O34,T14	sTs	staff, props (plural), clouds (figuratively)	0.0
𓊃𓍿𓊃𓍞𓁺𓆱𓏥	O34,V13,O34,U39,D5,M3,Z2	sTs	staff, props (plural), clouds (figuratively)	0.0
𓊃𓍿𓊃𓆱	O34,V13,O34,M3	sTs	staff, props (plural), clouds (figuratively)	0.0
𓊃𓍿𓊃𓅱𓍞𓏪	O34,V13,O34,G43,U39,Z3	sTsw	raising up	0.0
𓊃𓍿𓊃𓌙𓏥	O34,V13,O34,T14,Z2	sTsw	raising up	0.0
𓊃𓍿𓊃𓅱𓍞𓀁𓏪	O34,V13,O34,G43,U39,A2,Z3	sTsw	praises	0.0
𓊃𓂧𓋳𓂝	O34,D46,S28,D36	sd	clothe	0.0
𓊃𓂧𓄿𓅯𓅪	O34,D46,G1,G41,G37	sdAw	trembling	0.0
𓊃𓂧𓅓𓄔𓁹	O34,D46,G17,F21,D4	sdm	eyepaint	0.0
𓊃𓂧𓎛𓂢𓅪	O34,D46,V28,D41,G37	sdH	punish	0.0
𓊃𓂧𓎛𓂢𓅪	O34,D46,V28,D41,G37	sdH	bring low (the arm of the evil-doer)	0.0
𓊃𓂧𓎛𓀁	O34,D46,V28,A2	sdH	ease (misery)	0.0
𓊃𓂧𓏴	O34,D46,Z9	sD	break, break into, invade, breach (wall), break open (way)	0.0
𓊃𓂧𓏴	O34,D46,Z9	sD	break up (hailstorm), rupture (cist), inflict (wound), fracture, rupture	0.0
𓊃𓍑𓄿𓇋𓇋𓏏𓏴𓁷	O34,U28,G1,M17,M17,X1,Z9,D2	sDAy  Hr	amuse oneself, take recreation	0.0
𓊃𓈋𓅱𓅪	O34,N26,G43,G37	sDwy	slander	0.0
𓊃𓆓𓆑𓄿𓅰𓏛	O34,I10,I9,G1,G42,Y1	sDfAy	foundation, endowment	0.0
𓊃𓆓𓆑𓄿𓅰𓏛	O34,I10,I9,G1,G42,Y1	sDfAy	endow (altars), provide (for someone)	0.0
𓊃𓆓𓅓𓄔	O34,I10,G17,F21	sDm	hear (voice etc), hear of (something), listen (to), obey, understand, judge, satisfy (conditions)	0.0
𓊃𓇥𓂋𓏲𓁀𓀀	O34,M36,D21,Z7,A55,A1	sDrw	sleeper	0.0
𓊃𓇥𓂋𓇋𓇋𓏏𓁀	O34,M36,D21,M17,M17,X1,A55	sDryt	sleeping - place	0.0
𓊃𓇥𓂋𓉐	O34,M36,D21,O1	sDr	department (of the Residence)	0.0
𓊃𓂧𓏏𓏭𓍘	O34,D46,X1,Z4,U33	sDty	child, foster - child (of king)	0.0
𓊃𓆓𓂧𓅓𓀁	O34,I10,D46,G17,A2	sDdm	make envious	0.0
𓊃𓈙𓄿𓏛	O34,N37,G1,Y1	SsA	know	0.0
𓊃𓈙𓇋𓇋𓏏𓇰𓇳	O34,N37,M17,M17,X1,N2,N5	SsAt	nightfall, night sky	0.0
𓊄𓇋𓇋	O35,M17,M17	sy	who ?, what ?	0.0
𓊄𓏭𓏛	O35,Z4,Y1	sy	who ?, what ?	0.0
𓊄𓅱𓇳𓏥	O35,G43,N5,Z2	sww	day, dates (in time)	0.0
𓊄𓃀𓏭𓂻	O35,D58,Z4,D54	sbi	go, travel, attain, watch over, send, conduct (to), spend, pass (time), attain (good repute), approach	0.0
𓊄𓅪	O35,G37	sbi	be faint, perish	0.0
𓊄𓏭𓂻	O35,Z4,D54	sbi	be faint, perish	0.0
𓊄𓅪𓈖𓇾𓈇𓏤	O35,G37,N35,N16,N23,Z1	sb  n  tA	crumble to dust	0.0
𓊄𓃀𓏏𓂻𓏛𓏥	O35,D58,X1,D54,Y1,Z2	sbt	burden, cargo	0.0
𓊄𓃀𓏏𓏛𓏥	O35,D58,X1,Y1,Z2	sbt	burden, cargo	0.0
𓊄𓃀𓏏𓅪𓏥	O35,D58,X1,G37,Z2	sbt	wrong, evil	0.0
𓊄𓏏𓅪	O35,X1,G37	sbt	wrong, evil	0.0
𓊄𓃀𓇋𓇋𓆗	O35,D58,M17,M17,I12	sby	uraeus	0.0
𓊄𓅱𓇳𓏥	O35,G43,N5,Z2	see entry under sww	dates	0.0
𓊄𓅱𓂡𓏥	O35,G43,D40,Z2	sbw	spoils (of army)	0.0
𓊄𓃀𓏲𓏥	O35,D58,Z7,J2,Z2	sbw	squalor	0.0
𓊄𓏛𓏏𓅱	O35,Y1,X1,G43	sb .tw	in quest of	0.0
𓊅𓈅𓏤	O36,N21,Z1	sbty	rampart	0.0
𓊆𓏤	O36A,Z1	inb	wall	0.0
𓊆𓏪	O36A,Z3	inbt	fence, stockade	0.0
𓊋𓏏𓀀𓏥	O38,X1,A1,Z2	qnbt	Court (of magistrates)	0.0
𓊋𓏏𓀘𓏪	O38,X1,A20,Z3	qnbt	Court (of magistrates)	0.0
𓊋𓏏𓏭𓀀	O38,X1,Z4,A1	qnbty	magistrate, official, councillor	0.0
𓉔𓇋𓅓𓂝	O4,M17,G17,D36	ihm	restrain	0.0
𓉔𓂋𓅱𓇳𓏤𓄤𓆑𓂋	O4,D21,G43,N5,Z1,F35,I9,D21	hrw  nfr	holiday, happy day	0.0
𓉔𓏤	O4,Z1	h	courtyard ?	0.0
𓉔𓉐	O4,O1	h	courtyard ?	0.0
𓉔𓂸	O4,D52	hi	husband	0.0
𓉔𓏏𓇯	O4,X1,N1	ht	portal	0.0
𓉔𓏏𓉹	O4,X1,O27	ht	portal	0.0
𓉔𓄿𓂻	O4,G1,D54	hA	Ha ! Ho!	0.0
𓉔𓄿𓂻	O4,G1,D54	hAi	come down, go down, descend, fall, befall (of age), drip, drop	0.0
𓉔𓄿𓂻	O4,G1,D54	hAi	accede (to office), grasp the meaning of	0.0
𓉔𓄿𓂻	O4,G1,D54	hAi	charge down upon (enemy), tackle (dangerous animal)	0.0
𓉔𓄿𓂻𓂋𓇾𓏤𓈅	O4,G1,D54,D21,N16,Z1,N21	hA  r  tA	flag, fail, cease	0.0
𓉔𓂻	O4,D54	hAi	come down, descend tackle etc........	0.0
𓉔𓄿𓏏𓇯	O4,G1,X1,N1	hAt	ceiling	0.0
𓉔𓄿𓅱𓏏𓇲𓏫	O4,G1,G43,X1,N4,Z3A	hAwt	ceilings	0.0
𓉔𓄿𓇋𓇋𓏏𓉐	O4,G1,M17,M17,X1,O1	hAyt	portal, stable	0.0
𓉔𓏏𓇯	O4,X1,N1	hAyt	portal	0.0
𓉔𓏏𓉹	O4,X1,O27	hAyt	portal	0.0
𓉔𓇋𓇋𓏏𓇯	O4,M17,M17,X1,N1	hAyt	portal	0.0
𓉔𓄿𓅱𓀜	O4,G1,G43,A24	hAw	corvee	0.0
𓉔𓄿𓀋	O4,G1,A9	hAw	corvee	0.0
𓉔𓄿𓅱𓏛𓏥	O4,G1,G43,Y1,Z2	hAw	time, life-time, neighbourhood, environment, belongings, circumstances, affairs	0.0
𓉔𓄿𓏛𓏥	O4,G1,Y1,Z2	hAw	time	0.0
𓉔𓄿𓇳𓏥	O4,G1,N5,Z2	hAw	life-time	0.0
𓉔𓏛𓏥	O4,Y1,Z2	hAw	neighbourhood, enviroment	0.0
𓉔𓄿𓅱𓀀𓁐𓏥	O4,G1,G43,A1,B1,Z2	hAw	kindred, relatives	0.0
𓉔𓅱𓀀𓁐𓏥	O4,G43,A1,B1,Z2	hAw	kindred	0.0
𓉔𓄿𓀀𓁐𓏥	O4,G1,A1,B1,Z2	hAw	kindred	0.0
𓉔𓄿𓇋𓇋𓀀𓁐𓏥	O4,G1,M17,M17,A1,B1,Z2	hAw	kindred	0.0
𓉔𓄿𓏲𓂻𓅭𓏥	O4,G1,Z7,D54,G39,Z2	hAw	species of wild fowl	0.0
𓉔𓃀𓂻	O4,D58,D54	hAb	send (someone, something)	0.0
𓉔𓃀𓂻𓈖	O4,D58,D54,N35	hAb  n	send to (someone)	0.0
𓉔𓃀𓂻𓂋	O4,D58,D54,D21	hAb  r	send to (a place), send for	0.0
𓉔𓄿𓃀𓍁𓂻	O4,G1,D58,U13,D54	hb	tread	0.0
𓉔𓄿𓃀𓏏𓍁𓀤𓂻	O4,G1,D58,X1,U13,A32,D54	hAbt	dance ?	0.0
𓉔𓄿𓃀𓇋𓇋𓏏𓍁𓂻	O4,G1,D58,M17,M17,X1,U13,D54	hAbyt	treading under foot ?	0.0
𓉔𓄿𓂋𓏏𓄜𓏥	O4,G1,D21,X1,F28,Z2	hArt	herds (of game)	0.0
𓉔𓄿𓎡𓂋𓎱	O4,G1,V31,D21,W3	hAkr	a religious festival	0.0
𓉔𓎡𓏳	O4,V31,Z8	hAkr	a religious festival	0.0
𓉔𓄿𓎡𓎳	O4,G1,V31,W4	hAkr	a religious festival	0.0
𓉔𓄿𓎡𓇋𓂋𓎱	O4,G1,V31,M17,D21,W3	hAkr	a religious festival	0.0
𓉔𓄿𓍿𓋴𓏋	O4,G1,V13,S29,W23	hATs	kind of jar	0.0
𓉔𓍿𓋴𓎿	O4,V13,S29,W14	hATs	a type of jar	0.0
𓉔𓇋𓂸𓀀	O4,M17,D52,A1	hi	husband	0.0
𓉔𓂸	O4,D52	hi	husband	0.0
𓉔𓇋𓇋𓂸𓀀	O4,M17,M17,D52,A1	hi	husband	0.0
𓉔𓇋𓇋𓀁	O4,M17,M17,A2	hy	hail !, shout	0.0
𓉔𓇋𓇋𓀥	O4,M17,M17,A32A	hy	Hail !,  shout	0.0
𓉔𓇋𓇋𓉔𓈖𓏌𓅱𓀤	O4,M17,M17,O4,N35,W24,G43,A32	hy  hnw	jubilate	0.0
𓉔𓄿𓈖𓂢𓀜𓀀𓏥	O4,G1,N35,D41,A24,A1,Z2	hAn	rely on	0.0
𓉔𓇋𓇋𓊗𓏮	O4,M17,M17,O50,Z4A	hyhy	make acclamation	0.0
𓉔𓏲𓉔𓏲𓂻	O4,Z7,O4,Z7,D54	hwhw	scurry	0.0
𓉔𓅱𓏏𓊮	O4,G43,X1,Q7	hwt	be burnt	0.0
𓉔𓃀𓍁	O4,D58,U13	hb	plough	0.0
𓉔𓃀𓍁𓂻	O4,D58,U13,D54	hbi	tread out (grain), tread (a place), travel (to), enter (into someone)	0.0
𓉔𓃀𓂻	O4,D58,D54	hbi	tread (a place)	0.0
𓉔𓄿𓃀𓍁𓂻	O4,G1,D58,U13,D54	hbi	travel (to)	0.0
𓉔𓃀𓍁𓂻𓄣𓏤	O4,D58,U13,D54,F34,Z1	hb  ib	far-ranging of desire ?	0.0
𓉔𓃀𓍁	O4,D58,U13	hb	humiliate ?	0.0
𓉔𓃀𓏭𓅞	O4,D58,Z4,G26A	hby	ibis	0.0
𓉔𓃀𓅝	O4,D58,G26	hby	ibis	0.0
𓉔𓃀𓈖𓏭𓆱𓏥	O4,D58,N35,Z4,M3,Z2	hbny	ebony	0.0
𓉔𓃀𓈖𓍁𓆱	O4,D58,N35,U13,M3	hbny	ebony	0.0
𓉔𓃀𓈖𓏏𓏌	O4,D58,N35,X1,W24	hbnt	a jar, measure of capacity	0.0
𓉔𓃀𓉔𓃀𓂻	O4,D58,O4,D58,D54	hbhb	traverse (country)	0.0
𓉔𓃀𓉔𓃀𓍁𓂻	O4,D58,O4,D58,U13,D54	hbhb	traverse (county)	0.0
𓉔𓃀𓉔𓃀𓍁𓀜	O4,D58,O4,D58,U13,A24	hbhb	drive out (pain)	0.0
𓉔𓃀𓈎𓂝	O4,D58,N29,D36	hbq	beat up, triturate	0.0
𓉔𓄿𓃀𓈎𓂝	O4,G1,D58,N29,D36	hbq	beat up, triturate	0.0
𓉔𓊪𓏛	O4,Q3,Y1	hp	law, ordinance	0.0
𓉔𓅓𓊮	O4,G17,Q7	hm	be burning	0.0
𓉔𓅓𓏏𓏒𓏥	O4,G17,X1,X4,Z2	hmt	fare (for conveyance)	0.0
𓉔𓅓𓏲𓏐𓏊𓏥	O4,G17,Z7,X2,W22,Z2	hmw	emolument	0.0
𓉔𓅓𓉔𓅓𓏏𓀁	O4,G17,O4,G17,X1,A2	hmhmt	war - cry, quacking (of wild-fowl)	0.0
𓉔𓅓𓉔𓅓𓏏𓃫𓂡𓏥	O4,G17,O4,G17,X1,E21,D40,Z2	hmhmt	war - cry	0.0
𓉔𓅓𓉔𓅓𓏥	O4,G17,O4,G17,Z2	hmhmt	war-shout, quacking (of wild-fowl)	0.0
𓉔𓈖𓊬	O4,N35,Q5	hn	box, chest	0.0
𓉔𓈖𓊩	O4,N35,Q2	hn	box, chest	0.0
𓉔𓈖	O4,N35,Q6E	hn	box, chest	0.0
𓉔𓈖𓆱	O4,N35,Q6E,M3	hn	box, chest	0.0
𓉔𓈖𓉬	O4,N35,O18	hn	box, chest	0.0
𓉔𓈖𓏛	O4,N35,Y1	hn	halt, cease	0.0
𓉔𓈖𓏌𓅱𓏌	O4,N35,W24,G43,W24	hnw	jar, measure of about half litre	0.0
𓉔𓏌	O4,W24,A73	hnw	praise (of god or king)	0.0
𓉔𓈖𓇋𓇋𓀠	O4,N35,M17,M17,A28	hny	praise (of god or king)	0.0
𓉔𓇋𓇋𓉔𓈖𓏌𓅱𓀥	O4,M17,M17,O4,N35,W24,G43,A32A	hy  hnw	jubilation	0.0
𓉔𓈖𓏌𓏲𓀀𓁐𓏥	O4,N35,W24,Z7,A1,B1,Z2	hnw	associates, family, relatives	0.0
𓉔𓈖𓏌𓏲𓈗𓏪	O4,N35,W24,Z7,N35A,Z3	hnw	waves	0.0
𓉔𓈖𓈖𓄃	O4,N35,N35,F5	hnn	deer	0.0
𓉔𓈖𓈖𓄛	O4,N35,N35,F27	hnn	deer	0.0
𓉔𓈖𓈖𓁶	O4,N35,N35,D1	hnn	attend to, consider, trust (in), assent (to), approve( document), cajole ?	0.0
𓉔𓈖𓈖𓏝	O4,N35,N35,Y2	hnn	attend to, consider	0.0
𓉔𓈖𓈖𓁶𓀁	O4,N35,N35,D1,A2	hnn	attend to, consider	0.0
𓉔𓈖𓈖𓂢𓂡	O4,N35,N35,D41,D40	hnn	assent (to)	0.0
𓉔𓂋𓂡	O4,D21,D40	hr	milk	0.0
𓉔𓂋𓏛	O4,D21,Y1	hrw	be pleased, satisfied, content, be quiet, at peace	0.0
𓉔𓂋𓏛	O4,D21,Y1	hrw	pleasing	0.0
𓉔𓂋𓀁	O4,D21,A2	hrw	be quiet, at peace	0.0
𓉔𓂋𓄣𓏤	O4,D21,Y1V,F34,Z1	hr  ib	contented	0.0
𓉔𓂋𓏏𓏛	O4,D21,X1,Y1	hrt	peace, pleasantness	0.0
𓉔𓂋𓏏𓀁	O4,D21,X1,A2	hrt	peace, pleasantness	0.0
𓉔𓂋𓅱𓇳𓏤𓄤𓆑𓂋	O4,D21,G43,N5,Z1,F35,I9,D21	hrw  nfr	holiday, happy day	0.0
𓉔𓂋𓅱𓇋𓇋𓏏𓍼𓏤	O4,D21,G43,M17,M17,X1,V12,Z1	hrwyt	journal	0.0
𓉔𓂋𓊪𓈗	O4,D21,Q3,N35A	hrp	sink, be immersed, suppress (one''s desires), downhearted	0.0
𓉔𓂋𓊪𓏛	O4,D21,Q3,Y1	hrp	suppress (one''s desires)	0.0
𓉔𓂋𓈗𓉐	O4,D21,N35A,O1	hrmw	poultry pen	0.0
𓉔𓉔𓏭𓊮	O4,O4,Z4,Q7	hh	blast (of fire, of heat of sun, of disease)	0.0
𓉔𓋴𓂞𓈎𓂻	O4,S29,D37,N29,D54	hsmq	wade	0.0
𓉔𓈎𓋴𓅪	O4,N29,S29,G37	hqs	steal, be deficient, scanty	0.0
𓉔𓏏𓀁	O4,X1,A2	ht	call out ?	0.0
𓉔𓏏𓏏	O4,X1,X1,E51	htt	adoration	0.0
𓉔𓏏𓏲𓄛	O4,X1,Z7,F27	htw	ape	0.0
𓉔𓏏𓏏𓄛	O4,X1,X1,F27	htt	female ape	0.0
𓉔𓍿𓏏	O4,V13,X1	htt	female ape	0.0
𓉔𓂧𓂢𓂡	O4,D46,D41,D40	hd	attack, punish, dismiss (appellant), obstruct (someone), prevail over, excavate (stone)	0.0
𓉔𓂧𓂢𓂡	O4,D46,D41,D40	hd	assault	0.0
𓉔𓂧𓂝	O4,D46,D36	hd	attack	0.0
𓉔𓂧𓈗𓆱	O4,D46,N35A,M3	hdmw	footstool	0.0
𓉔𓂧𓈖𓆰	O4,D46,N35,M2	hdn	a plant	0.0
𓉔𓂧𓉔𓂧𓂻	O4,D46,O4,D46,D54	hdhd	charge (of army)	0.0
𓉔𓂧𓀁	O4,D46,A2	hd	bregma (front of the head)	0.0
	O40A	rdw	stairway	0.0
𓊏𓊪𓇹	O42,Q3,N11	Ssp	palm (of hand)	0.0
𓊏𓊪𓂧	O42,Q3,D46	Ssp	palm (of hand)	0.0
𓊏𓊪𓇹	O42,Q3,N11	Ssp	one seventh of a cubit (measurement)	0.0
𓊏𓊪𓀾	O42,Q3,A53	Ssp	statue, image	0.0
𓊏𓊪	O42,Q3,E154	Ssp	statue, image	0.0
𓊏𓊪	O42,Q3,E152	Ssp	statue, image	0.0
𓊏𓊪𓅱	O42,Q3,G43,E151	Sspw	sphinx	0.0
𓊏𓊪𓇶	O42,Q3,N8	Ssp	white, bright	0.0
𓊏𓊪𓇶	O42,Q3,N8	Ssp	dawn, light	0.0
𓊏𓊪𓇳	O42,Q3,N5	Ssp	white, bright	0.0
𓊏𓊪𓏏𓈒𓏥	O42,Q3,X1,N33,Z2	Ssp	cucumber (cucumis melo)	0.0
𓊏𓊪𓏏𓆰𓏥	O42,Q3,X1,M2,Z2	Ssp	cucumber (cucumis melo)	0.0
𓊏𓊪𓏏𓉐	O42,Q3,X1,O1	Sspt	chapel, summer - house, bedroom	0.0
𓊏𓏏𓂧𓈖	O42,X1,D46,J1,N35	Sspt  dxn	chorus	0.0
𓊏𓏏𓈖𓏏𓂧𓈖𓂢	O42,X1,N35,X1,D46,J1,N35,D41	Sspt  nt  dxn	chorus of singers	0.0
𓊔𓏏𓈒𓏥	O47,X1,N33,Z2	mxnmt	carnelian ?, jasper ?	0.0
𓊔𓈖𓅐𓏏𓈓	O47,N35,G14,X1,N33A	mxnmt	carnelian ?, jasper ?	0.0
𓊔𓊖	O47,O49	nxn	Nekhen (Hieraconpolis)	0.0
𓊔𓏤	O47,Z1	nxn	Nekhen (Hieraconpolis)	0.0
𓊔𓈖𓊖𓏏𓏤	O47,N35,O49,X1,Z1	nxn	Nekhen	0.0
𓊔𓏤𓅱	O47,Z1,G43	nxny	(someone from) Nekhen, a Nekhenite	0.0
𓊔𓈖𓅐𓏏𓈓	O47,N35,G14,X1,N33A	mxnmt	carnelian	0.0
𓊕𓈖𓏏𓈒𓏥	O48,N35,X1,N33,Z2	mxnmt	carnelian ?, jasper ?	0.0
𓊕𓊖	O48,O49	nxn	Nekhen (Hieraconpolis)	0.0
𓊕𓈖𓉐	O48,N35,O1	nxn	Nekhen (Hieraconpolis)	0.0
𓊕𓊖𓇋𓇋	O48,O49,M17,M17	nxny	(someone from) Nekhen, a Nekhenite	0.0
𓊕𓊖𓅱	O48,O49,G43	nxny	(someone from) Nekhen, a Nekhenite	0.0
𓊕𓅌	O48,G11	nxny	(someone from) Nekhen, Nekhenite	0.0
𓊕𓉐	O48,O1	nxn	shrine	0.0
𓊕𓈖𓏏𓈒𓏥	O48,N35,X1,N33,Z2	mxnmt	carnelian	0.0
𓊖𓏏𓏤𓆗	O49,X1,Z1,N50,I12	niwt	lower heaven	0.0
𓊖𓅂	O49,G4	niwty	local (of gods)	0.0
𓊖𓏏𓅂𓏪	O49,X1,G4,Z3	niwty	local (of gods)	0.0
𓊖𓏏𓅂𓀀𓏥	O49,X1,G4,A1,Z2	niwtyw	citizens, townsmen	0.0
𓊖𓏏𓏥𓀀𓁐𓏥	O49,X1,Z2,A1,B1,Z2	niwtyw	citizens, townsmen	0.0
𓊖𓏏𓏤𓀀𓏦	O49,X1,Z1,A1,Z2A	niwtyw	citizens, townsmen	0.0
𓉕𓅨𓀭	O5,G36,A40	mr  wr	Mnevis Bull	0.0
𓉕𓅨𓂋𓃒	O5,G36,D21,E1	mr  wr	Mnevis Bull	0.0
𓊚𓏏𓉐	O51,X1,O1	Snwt	granary	0.0
	O54	pr  anx	House of Life (Temple Scriptorium, School)	0.0
𓉗𓏲𓏏𓉐𓏥𓅨𓂋𓇋𓇋𓏏𓉐𓏪	O6,Z7,X1,O1,Z2,G36,D21,M17,M17,X1,O1,Z3	Hwt  wryt	the Great Mansions (Law Courts)	0.0
𓉗𓏏𓉐𓊪𓂝𓏏𓉐𓀀𓏥	O6,X1,O1,Q3,D36,X1,O1,A1,Z2	Hwt  pat	Mansion of the Patricians (a shrine)	0.0
𓉗𓉗𓉗𓈖𓏏𓋕	O6,O6,O6,N35,X1,S4	Hwwt  nt	Mansions of the Red Crown	0.0
𓉗𓋞𓈒𓏥	O6,S12,N33,Z2	Hwt  nbw	Mansion of Gold (a temple at Abydos), alabaster quarries (in Hare Nome), sculptor''s workshop)	0.0
𓉗𓋞	O6,S12	Hwt  nbw	Mansion of Gold (temple at Abydos)	0.0
𓉗𓁷𓂋𓁥	O6,D2,D21,C9	Hwt  Hr	Hathor (goddess)	0.0
𓉗𓁷𓂋𓁥	O6,D2,D21,C9	Hwt  Hr	(name of) the Fourth month	0.0
𓉗𓏏𓉐𓂓𓏤𓊪𓏏𓎛𓀭	O6,X1,O1,D28,Z1,Q3,X1,V28,A40	Hwt  kA  ptH	Memphis	0.0
𓉗𓏏𓏏𓈉	O6,X1,X1,N25	Htt	a mine	0.0
𓉗𓏏𓏏𓈉	O6,X1,X1,N25	Htt	mine, quarry	0.0
	O62	pr  nfr	funerary workshop	0.0
	O64	pr  nsw	Temple	0.0
𓉜	O6E	Hwt  nbw	Mansion of Gold, Goldsmith''s workshop	0.0
𓉜	O6E	Hwt  nbw	Mansion of Gold, Goldsmith''s workshop	0.0
𓉝𓏏𓉐	O6F,X1,O1	Hwt  anx	Mansion of Life (Royal living Quarters)	0.0
	O6G	Hwt  nt	Mansion of the Red Crown (a Temple)	0.0
𓉞𓂓	O7,D28	Hwt  kA	chapel (in tomb, temple)	0.0
𓉞𓏏𓂓𓉐	O7,X1,D28,O1	Hwt  kA	chapel (in tomb, in temple)	0.0
𓏏𓉐	O90A,X1,O1	Hwt  aAt	palace, administrative centre, temple, tomb-chapel	0.0
	P36	nSmt	sacred barque of Osiris	0.0
𓊠𓂝𓍢𓂝	P4,D36,V1,D36	wHa	loose (fetters), release, return (from), go home	0.0
𓊠𓂝𓀁𓄣𓏤	P4,D36,A2,F34,Z1	wHa  ib	capable, skilled	0.0
𓊠𓂝𓂻	P4,D36,D54	wHa	investigate	0.0
𓊠𓂝𓏏𓆛	P4,D36,X1,K1	wHa	fish (synodontis schall)	0.0
𓊠𓂝𓆛𓏥𓀀	P4,D36,K1,Z2,A1	wHa	fisherman, fowler	0.0
𓊠𓏥	P4,Z2	wHaw	fishermen, fowlers	0.0
𓊠𓅱𓏧	P4,G43,Z2B	wHaw	fowlers	0.0
𓊠𓂝𓏲𓅱𓅭𓆛𓂡𓀀𓏪	P4,D36,Z7,G43,G39,K1,D40,A1,Z3	wHaw	fishermen, fowlers	0.0
𓊠𓂝𓏲𓅱𓆛𓏥	P4,D36,Z7,G43,K1,Z2	wHaw	fishermen, fowlers	0.0
𓊠𓂝𓏒𓏥	P4,D36,X4,Z2	wHa	distribute rations ?	0.0
𓊡𓈖𓆑𓇋𓇋𓏏	P5,N35,I9,M17,M17,X1	nfyt	fan	0.0
𓊡𓅱𓀜𓀀	P5,G43,A24,A1	nfw	skipper (of boat), sailor	0.0
𓊡𓅨𓂋𓊖	P5,G36,D21,O49	tA  wr	the Thinite nome	0.0
𓊡𓅱	P5,G43	TAw	wind, air, breath	0.0
𓊡𓅱𓈒𓏥	P5,G43,N33,Z2	TAw	air	0.0
𓊡𓅨𓂋𓊖	P5,G36,D21,O49	TA  wr	Thinite nome	0.0
𓊡𓅨𓈘	P5,G36,N36	TAw  wr	an outlying district of Egypt ?	0.0
𓊢𓂝𓅱𓂻𓏥	P6,D36,G43,D54,Z2	aHaw	positions (of things), (ceremonial) stations (of persons)	0.0
𓊢𓂻𓏥	P6,D54,Z2	aHaw	(proper) positions (of things)	0.0
𓊢𓂝𓅱𓏛𓏥	P6,D36,G43,Y1,Z2	aHaw	attendance, service	0.0
𓊢𓇋𓇋𓏏	P6,M17,M17,X1	aHat	Female Attendant	0.0
𓊢𓂝𓇤	P6,D36,M35	aHa	heap, portion, allotment, quantity (mathematics), wealth, riches	0.0
𓊢𓏤𓊌	P6,Z1,O39	aHa	stela	0.0
𓊢𓏌𓏤	P6,W24,Z1	aHa	measure for beer	0.0
𓊢𓏏𓏤𓄹	P6,X1,Z1,F51	aHat	spinal ridge	0.0
𓊢𓂝𓏏𓉐	P6,D36,X1,O1	maHat	tomb	0.0
𓊢𓏛𓏥	P6,Y1,Z2	aHaw	tombs	0.0
𓊢𓂝𓅱𓊛𓏤𓏥	P6,D36,G43,P1,Z1,Z2	aHaw	ships	0.0
𓊢𓂝𓏏𓏥	P6,D36,X1,Z2	aHat	ships	0.0
𓊢𓂝𓅱𓇳𓏤	P6,D36,G43,N5,Z1	aHaw	lifetime, period, space of time	0.0
𓊢	P6,I114	aHaw	lifetime, period, space (of time)	0.0
𓊢𓅱𓇳𓈘	P6,G43,N5,N36	aHaw	lifetime, period, space (of time)	0.0
𓊢𓅱𓇳𓈇𓏤	P6,G43,N5,N23,Z1	aHaw	lifetime, period, space (of time)	0.0
𓊢𓂝𓏏𓉐	P6,D36,X1,O1	maHat	tomb, cenotaph (above ground level)	0.0
𓊣𓅱𓀭	P7,G43,A40	aHaw	stand - by, helper	0.0
𓊣𓏳𓏥	P7,Z8,Z2	aHaw	portions, allotments	0.0
𓊣𓅱𓊝𓏥	P7,G43,P2,Z2	aHaw	ships	0.0
𓊤𓅱𓀁	P8,G43,A2	xrw	voice, noise	0.0
𓊤𓅱𓏝𓋴𓈖𓏥	P8,G43,Y2,S29,N35,Z2	xrw  .sn	so say they	0.0
𓊤𓆑𓏭	P8,I9,Z4	xrw .fy	says	0.0
𓊤𓅱𓀐	P8,G43,A14	xrwy	enemy	0.0
𓊤𓅱𓂡	P8,G43,D40	xrwy	enemy	0.0
𓊤𓇋𓇋𓀜𓀏	P8,M17,M17,A24,A13	xrwy	enemy	0.0
𓊤𓏲𓇋𓇋𓀜𓏱	P8,Z7,M17,M17,A24,Z6	xrwy	enemy	0.0
𓊤𓅱𓇋𓇋𓅱𓂡𓏥	P8,G43,M17,M17,G43,D40,Z2	xrwyw	war	0.0
𓊤𓏲𓇋𓇋𓏱	P8,Z7,M17,M17,Z6	xrwyw	war	0.0
𓊤𓅱𓇋𓇋𓏏𓂡𓏥	P8,G43,M17,M17,X1,D40,Z2	xrwyt	war	0.0
𓊥𓏭	P9,Z4	xrw .fy	says	0.0
𓊨𓏏𓁐	Q1,X1,B1	Ast	Isis	0.0
𓊨𓏏𓅆	Q1,X1,G7	Ast	Isis (goddess)	0.0
𓊨𓏏𓂝𓏛	Q1,X1,D36,Y1	st  a	Place of Records	0.0
𓊨𓏏𓉐𓂝𓏝	Q1,X1,O1,D36,Y2	st  a	place of records (archive)	0.0
𓊨𓏏𓉐𓄓𓄻𓏤	Q1,X1,O1,F20,F51B,Z1	st  ns	speech	0.0
𓊨𓏏𓉐𓂾𓏤	Q1,X1,O1,D56,Z1	st  rd	rank, station	0.0
𓊨𓏏𓉐𓄣𓏤	Q1,X1,O1,F34,Z1	st  ib	favourite, favourite place, wish, affection	0.0
𓊨𓏏𓂝𓏤𓅪𓏥	Q1,X1,D36,Z1,G37,Z2	st  a	stroke (of malignant beings)	0.0
𓊨𓏏𓉐𓏠𓈖𓇋𓏭𓌙𓏱	Q1,X1,O1,Y5,N35,M17,Z4,T14,Z6	st  mni	(the state of) dying	0.0
𓊨𓏏𓉐𓄓𓏤𓄹	Q1,X1,O1,F20,Z1,F51	st  ns	speech	0.0
𓊨𓏏𓉐𓂋𓏤	Q1,X1,O1,D21,Z1	st  r	utterance	0.0
𓊨𓏏𓉐𓂾𓏤	Q1,X1,O1,D56,Z1	st  rd	rank, station	0.0
𓊨𓏏𓉐𓂋𓂧𓂾𓂾	Q1,X1,O1,D21,D46,D56,D56	st  rdwy	rank, station	0.0
𓊨𓏏𓉐𓊹𓇋𓇋𓏏	Q1,X1,O1,R8,M17,M17,X1	st  nTryt	divine state	0.0
𓊨𓉔𓄿𓀋	Q1,O4,G1,A9	st  hA	liability to corvee	0.0
𓊨𓏤𓏏𓏐𓏊𓏳	Q1,J1,Z1,X1,X2,W22,Z8	st  xt	meal	0.0
𓊨𓏏𓉐𓋴𓃂𓈗	Q1,X1,O1,S29,D60,N35A	st  swab	cleanliness	0.0
𓊨𓋴𓂓𓍁	Q1,S29,D28,U13	st  skA	ploughing	0.0
𓊨𓏏𓉐𓄥𓄿𓏛𓇾𓈇𓏤	Q1,X1,O1,F36,G1,Y1,N16,N23,Z1	st  smA  tA	interment	0.0
𓊨𓏏𓉐𓈎𓃀𓏏𓏁𓈗	Q1,X1,O1,N29,D58,X1,W15,N35A	st  qbt	entertainment	0.0
𓊨𓏏𓉐𓈎𓂋𓋴𓊭𓂡	Q1,X1,O1,N29,D21,S29,Q6,D40	st  qrs	(the state of ) being coffined	0.0
𓊨𓏏𓉐𓌟𓈖𓏏𓅪𓏥	Q1,X1,O1,T19,N35,X1,G37,Z2	st  qsnt	evil - case	0.0
𓊨𓏏𓉐𓊩	Q1,X1,O1,Q2	st  qsnt	evil case	0.0
𓊨𓍘𓇋	Q1,U33,M17	sti	successor	0.0
𓊨𓏏𓏏𓉐	Q1,X1,X1,O1	stt	successor	0.0
𓊨𓏏𓉐𓋴𓅱𓏏𓅱𓏏𓂻	Q1,X1,O1,S29,G43,X1,G43,X1,D54	st  swtwt	avenue, promenade	0.0
𓊨𓏏𓉐𓈖𓏏𓋴𓇛𓅓𓀔	Q1,X1,O1,N35,X1,S29,M29,G17,A17	st  nt  snDm	dwelling - place	0.0
𓊨𓏏𓉐𓈎𓂋𓋴𓌟𓀜	Q1,X1,O1,N29,D21,S29,T19,A24	st  qrs	(the state of) being buried	0.0
𓊩𓁹	Q2,D4,C98A	wsir	Osiris	0.0
𓊪𓂝𓈖𓈖𓏏𓆙	Q3,D36,N35,N35,X1,I14	apnnt	slug	0.0
𓊪𓊌	Q3,O39	p	base (for statue)	0.0
𓊪𓊖	Q3,O49	p	Pe	0.0
𓊪𓊖	Q3,O49	py	belonging to Pe	0.0
𓊪𓏤𓅱𓊖	Q3,Z1,G43,O49	pyw  nTrw	gods of Pe	0.0
𓊪𓏏𓇯𓎡𓏏𓈖	Q3,X1,N1,V31,X1,N35	pt  .k  tn	your Queen	0.0
𓊪𓅮𓄿𓆃	Q3,G40,G1,H5	pA	fly, fly up	0.0
𓊪𓅮𓏏𓏖	Q3,G40,X1,X6	pAt	cake, loaf (used in offerings)	0.0
𓊪𓅮𓄿𓇋𓇋𓏏𓆱	Q3,G40,G1,M17,M17,X1,M3	pAyt	lock ? (on door)	0.0
𓊪𓂝𓏏𓈇	Q3,D36,X1,N23	pAat	irrigable land ?	0.0
𓊪𓅯𓂝𓏏𓅭	Q3,G41,D36,X1,G39	pAat	quail ?	0.0
𓊪𓅮𓄿𓏏𓏭𓏖	Q3,G40,G1,X1,Z4,X6	pAwty	primaeval god, man of ancient family	0.0
𓊪𓅮𓄿𓏏𓏭𓏖	Q3,G40,G1,X1,Z4,X6	pAwty	primaeval	0.0
𓊪𓅮𓄿𓅱𓏏𓏖𓀭𓏥	Q3,G40,G1,G43,X1,X6,A40,Z2	pAwty	primaeval god	0.0
𓊪𓅮𓄿𓅱𓀁	Q3,G40,G1,G43,A2	pAw	falsehood ?, gossip ?	0.0
𓊪𓅮	Q3,G40,J1	pAx	scratch	0.0
𓊪𓅮𓏏𓃭	Q3,G40,J1,X1,E23	pAxt	She who scratches (a lion goddess)	0.0
𓊪𓏏𓃭	Q3,J1,X1,E23	pAxt	Pakhet (She who scratches [a lion goddess] )	0.0
𓊪𓂧𓀡	Q3,J1,D46,A29	pAxd	be turned over (of dislocation of collar-bone)	0.0
𓊪𓅮𓄿𓈎𓏏𓂂	Q3,G40,G1,N29,X1,D12	pAqt	thin part of bone in skull	0.0
𓊪𓅮𓊃𓏋	Q3,G40,O34,W23	pAs	water pot	0.0
𓊪𓊃𓎺	Q3,O34,W10	pAs	water pot	0.0
𓊪𓈎𓏖	Q3,N29,X6	pAq	a flat thin cake or biscuit	0.0
𓊪𓈎𓏏𓋳	Q3,N29,X1,S28	pAqt	fine linen	0.0
𓊪𓈎𓏏𓏯𓏫	Q3,N29,X1,Z5,Z3A	pAqt	fine linen	0.0
𓊪𓈎𓏏𓆀𓋳𓏥	Q3,N29,X1,H2,S28,Z2	pAqt	fine linen	0.0
𓊪𓈎𓏏𓂂	Q3,N29,X1,D12	pAqyt	shell (of turtle, of skull)	0.0
𓊪𓅮𓄿𓈎𓏏𓂂	Q3,G40,G1,N29,X1,D12	pAqyt	shell (of turtle, of skull)	0.0
𓊪𓈎𓇋𓇋𓏏𓊌	Q3,N29,M17,M17,X1,O39	pAqyt	potsherd	0.0
𓊪𓅮𓄿𓈎𓏏𓆁𓂂	Q3,G40,G1,N29,X1,H3,D12	pAqyt	potsherd	0.0
𓊪𓅯𓄿𓎼𓀉	Q3,G41,G1,W11,A7	pAg	squat ?	0.0
𓊪𓅮𓆓𓏐	Q3,G40,I10,X2	pAD	a loaf	0.0
𓊪𓅮𓄿𓂧𓏒	Q3,G40,G1,D46,X4	pAD	a loaf	0.0
𓊪𓇋𓇋𓏯	Q3,M17,M17,Z5	py	a flea	0.0
𓊪𓇋𓋴	Q3,M17,S29	pis	tread in ? (seed)	0.0
𓊪𓂝𓏏𓀀𓁐𓏥	Q3,D36,X1,A1,B1,Z2	pat	patricians, mankind	0.0
𓊪𓂝𓏏𓄹𓀀𓏥	Q3,D36,X1,F51,A1,Z2	pat	patricians, mankind	0.0
𓊪𓂝𓏏𓆇𓀀𓁐𓏥	Q3,D36,X1,H8,A1,B1,Z2	pat	patricians, mankind	0.0
𓊪𓂝𓏏𓏒	Q3,D36,X1,X4	pat	a cake or loaf	0.0
𓊪𓂝𓅱𓊮𓏪	Q3,D36,G43,Q7,Z3	paw	flames ?	0.0
𓊪𓂝𓈖𓈖𓏏𓆙	Q3,D36,N35,N35,X1,I14	apnnt	slug ?	0.0
𓊪𓅱𓇋𓇋	Q3,G43,M17,M17	pwy	this, that	0.0
𓊪𓃹𓈖𓏏𓈉	Q3,E34,N35,X1,N25	pwnt	Punt	0.0
𓊪𓃹𓈖𓅂𓌙𓀭𓀭𓀭	Q3,E34,N35,G4,T14,A40,A40,A40	pwntyw	the people of Punt	0.0
𓊪𓆑𓄿𓈐	Q3,I9,G1,N31	pfA	that (yonder)	0.0
𓊪𓈖𓂝𓊛	Q3,N35,D36,P1	pna	turn upside down, turn (the eyes against someone)	0.0
𓊪𓈖𓂝𓇋𓇋	Q3,N35,D36,M17,M17	pnay	reversal ?	0.0
𓊪𓈖𓂝𓇋𓇋𓏏𓈘	Q3,N35,D36,M17,M17,X1,N36	pnayt	cataract	0.0
𓊪𓈖𓂝𓈖𓂝𓊜	Q3,N35,D36,N35,D36,P1A	pnana	turn over and over	0.0
𓊪𓈖𓏌𓅱𓄛	Q3,N35,W24,G43,F27	pnw	mouse	0.0
𓊪𓈖𓋴𓏴𓂡	Q3,N35,S29,Z9,D40	pns	cut off (a joint), pull out (hair)	0.0
𓊪𓈖𓋴𓈇	Q3,N35,S29,N23	pns	clay	0.0
𓊪𓈖𓋴𓏏𓈒𓏥	Q3,N35,S29,X1,N33,Z2	pnst	scum ?	0.0
𓊪𓈖𓈎𓂝	Q3,N35,N29,D36	pnq	bale out (a boat, water), swab up (blood), poke (at someone), expend (provisions)	0.0
𓊪𓈖𓈎	Q3,N35,N29,W33,W57	pnq	bale out (a boat)	0.0
𓊪𓈖𓈎	Q3,N35,N29,D105	pnq	bale out (a boat)	0.0
𓊪𓈖𓈎𓈗𓂝	Q3,N35,N29,N35A,D36	pnq	bale out (water)	0.0
𓊪𓂋𓇋𓆴𓂡	Q3,D21,M17,M5,D40	pri	battlefield	0.0
𓊪𓂋𓇋𓂡𓏥	Q3,D21,M17,D40,Z2	pri	battlefield	0.0
𓊪𓏏𓂋𓇋𓆴𓂡𓏥	Q3,X1,D21,M17,M5,D40,Z2	pri	battlefield	0.0
𓊪𓂋𓈙𓈒𓏥	Q3,D21,N37,N33,Z2	prS	minium (red oxide of lead)	0.0
𓊪𓉔𓍘𓇋	Q3,O4,U33,M17	phti	magic word	0.0
𓊪𓎛𓄖𓂻	Q3,V28,F22,D54	pHwy	reach, attain, finish, end by, attack, contest, spear, hit, surround, caught	0.0
𓊪𓎛𓂋𓏏𓂻	Q3,V28,D21,X1,D54	pHrt	course (of runner)	0.0
𓊪𓏏𓎛𓄇	Q3,X1,V28,F9	pHty	(physical) strength, power (of god,king)	0.0
𓊪𓎛𓏏𓄇𓄇	Q3,V28,X1,F9,F9	pHty	(physical) strength, power (of god,king)	0.0
𓊪𓎛𓏏𓏭𓄇𓄇	Q3,V28,X1,Z4,F9,F9	pHty	(physical) strength, power (of god,king)	0.0
𓊪𓎛𓄖𓏏𓏭𓀜	Q3,V28,F22,X1,Z4,A24	pHty	(physical) strength, power (of god,king)	0.0
𓊪𓎛𓆓𓏴	Q3,V28,I10,Z9	pHD	cut up, cut open, sever	0.0
𓊪𓎛𓆓𓏴	Q3,V28,I10,Z9	pHD	burst open (of cist)	0.0
𓊪𓌉𓆓𓅱	Q3,T3,I10,G43,Q16	pHDw	chair	0.0
𓊪𓏏𓃭	Q3,J1,X1,E23	pAxt	lion goddess	0.0
𓊪𓄿𓈒𓈒𓈒	Q3,J1,G1,N33,N33,N33	pxA	type of grain	0.0
𓊪𓄿𓎺	Q3,J1,G1,W10	pxA	a type of drink	0.0
𓊪𓎺	Q3,J1,W10	pxA	a type of drink	0.0
𓊪𓆼𓄿𓍸𓏛	Q3,J1,M12,G1,V11,Y1	pxA	purge, reveal (a secret)	0.0
𓊪𓆼𓄿𓏛	Q3,J1,M12,G1,Y1	pxA	purge, reveal (a secret)	0.0
𓊪𓏛	Q3,J1,Y1	pxA	purge, reveal (a secret)	0.0
𓊪𓆼	Q3,J1,M12,Y1V	pxA	purge, reveal (a secret)	0.0
𓊪𓏛𓄣𓏤	Q3,J1,Y1,F34,Z1	pxA  ib	clean of heart	0.0
𓊪𓆼𓄿𓊌	Q3,J1,M12,G1,O39	pxA	pavement	0.0
𓊪𓆼𓄿𓍸𓆱	Q3,J1,M12,G1,V11,M3	pxA	decking (of ship)	0.0
𓊪𓂧𓀡	Q3,J1,D46,A29	pAxd	be turned upside down	0.0
𓊪𓄴𓂋	Q3,F47,D21	pXr	turn, turn about	0.0
𓊪𓈙𓄲	Q3,N37,F46	pXr	turn, turn about	0.0
𓊪𓄡𓂋𓄲	Q3,F32,D21,F46	pXr	surround, enclose	0.0
𓊪𓄡𓄲𓂻𓈖	Q3,F32,F46,D54,N35	pXr  n	serve, pass  to, revert to	0.0
𓊪𓄡𓂋𓏏𓄲𓏛𓏥	Q3,F32,D21,X1,F46,Y1,Z2	pXrt	prescription, remedy	0.0
𓊪𓄡𓂋𓏏𓄲𓇳	Q3,F32,D21,X1,F46,N5	pXrt	transitory state (description of life)	0.0
𓊪𓄡𓄲𓏏𓀎𓏥	Q3,F32,F46,X1,A12,Z2	pXrt	frontier patrol	0.0
𓊪𓄡𓂋𓏏𓀀𓏥	Q3,F32,D21,X1,A1,Z2	pXrt	frontier patrol	0.0
𓊪𓄡𓄡𓏛	Q3,F32,F32,Y1	pXX	control ? (horses)	0.0
𓊪𓊃𓎺	Q3,O34,W10	pAs	water pot	0.0
𓊪𓋴𓊮	Q3,S29,Q7	psi	cook	0.0
𓊪𓊃𓊮	Q3,O34,Q7	psi	cook	0.0
𓊪𓆑𓋴𓊮	Q3,I9,S29,Q7	psi	cook	0.0
𓊪𓆑𓊃𓊮	Q3,I9,O34,Q7	psi	cook	0.0
𓊪𓊃𓆑𓊮	Q3,O34,I9,Q7	psi	cook	0.0
𓊪𓆑𓋴𓏏𓊮	Q3,I9,S29,X1,Q7	pst	mode of cooking	0.0
𓊪𓆑𓋴𓅱𓊮	Q3,I9,S29,G43,Q7	psw	preparation (of food and drink)	0.0
𓊪𓊃𓈖𓏒	Q3,O34,N35,X4	psn	a loaf	0.0
𓊪𓊃𓈖𓏖	Q3,O34,N35,X6	psn	a loaf	0.0
𓊪𓊃𓎛𓄑𓀁	Q3,O34,V28,F18,A2	psH	bite, sting	0.0
𓊪𓊃𓂻	Q3,O34,J1,D54	psx	disarray (one''s hair)	0.0
𓊪𓊃𓂻	Q3,O34,J1,D54	psx	be distraught, be strewn (with)	0.0
𓊪𓊃𓏴	Q3,O34,J1,Z9	psx	be distraught	0.0
𓊪𓊃𓈙𓏴	Q3,O34,N37,Z9	psS	divide, share (with)	0.0
𓊪𓋴𓈙	Q3,S29,N37	psS	divide	0.0
𓊪𓈙𓊃𓏴𓏛	Q3,N37,O34,Z9,Y1	psS	divide	0.0
𓊪𓊃𓈙𓏴𓅓𓊤𓅱𓀀	Q3,O34,N37,Z9,G17,P8,G43,A1	psS  m  xrw	break silence	0.0
𓊪𓊃𓈙𓏴𓏛𓏥	Q3,O34,N37,Z9,Y1,Z2	psS	division	0.0
𓊪𓊃𓈙𓏴𓏛𓏥𓈖𓎼𓂋𓎛𓇰	Q3,O34,N37,Z9,Y1,Z2,N35,W11,D21,V28,N2	psS  n  grH	midnight	0.0
𓊪𓊃𓈙𓏏𓏴𓏛𓏥	Q3,O34,N37,X1,Z9,Y1,Z2	psSt	sharing out, share, portion	0.0
𓊪𓊃𓈙𓅱𓏴𓏛𓏥𓀀	Q3,O34,N37,G43,Z9,Y1,Z2,A1	psSw	arbitrator	0.0
𓊪𓊃𓈙𓏏𓏴𓎅	Q3,O34,N37,X1,Z9,V19	psSt	carpet, matting (of reeds)	0.0
𓊪𓊃𓈙𓏏𓏭𓏴𓏛	Q3,O34,N37,X1,Z4,Z9,Y1	psSty	part, division	0.0
𓊪𓋴𓈙𓎡𓆑𓇿	Q3,S29,N37,T106,V31,I9,N17	psS	ritual instrument (made from kfA - Obsidian)	0.0
𓊪𓋴𓈙	Q3,S29,N37,T106	psS	ritual instument (for Opening of the mouth)	0.0
𓊪𓋴𓈙	Q3,S29,N37,T106	psS	ritual instument (for Opening of the Mouth ceremony)	0.0
𓊪𓋴𓎼𓂐	Q3,S29,W11,D26	psg	spit on, spit at	0.0
𓊪𓊃𓎼𓄑𓀁	Q3,O34,W11,F18,A2	psg	spit on, spit at	0.0
𓊪𓋴𓎼𓂐	Q3,S29,W11,D26	psg	spital	0.0
𓊪𓊃𓂧𓄦𓄹	Q3,O34,D46,F37,F51	psd	upper back	0.0
𓊪𓋴𓆓𓏥𓏥𓏥	Q3,S29,I10,Z2,Z2,Z2	psD	nine	0.0
𓊪𓋴𓆓𓈒𓏏𓏥𓏥𓏥	Q3,S29,I10,N33,X1,Z2,Z2,Z2	psDt	group of nine	0.0
𓊪𓋴𓆓𓏏𓏫𓏫𓏫	Q3,S29,I10,X1,Z3A,Z3A,Z3A	psDt	group of nine	0.0
𓊪𓋴𓆓𓇶	Q3,S29,I10,N8	psD	shine	0.0
𓊪𓊃𓂧𓇳	Q3,O34,D46,N5	psD	shine	0.0
𓊪𓋴𓆓𓄪𓄪𓄪	Q3,S29,I10,F39,F39,F39	psDw	back, spine	0.0
𓊪𓊃𓂧𓄩	Q3,O34,D46,F38A	psDw	back, spine	0.0
𓊪𓊃𓂧	Q3,O34,D46,F36C	psDw	back, spine	0.0
𓊪𓂧𓋴𓅱𓏤	Q3,D46,S29,G43,F39A,Z1	psDw	back, spine	0.0
𓊪𓊃𓂧𓄻	Q3,O34,D46,F51B	psDw	back, spine	0.0
𓊪𓊃𓂧	Q3,O34,D46,F39A	psDw	back, spine	0.0
𓊪𓊃𓂧𓄻	Q3,O34,D46,F37J,F51B	psDw	back, spine	0.0
𓊪𓊃𓂧𓈖𓇷	Q3,O34,D46,N35,N9	psDntyw	the new moon and its festival	0.0
𓊪𓈙𓈖𓌫𓆱	Q3,N37,N35,T31,M3	pSn	split (metal)	0.0
𓊪𓈙𓈙𓂻	Q3,N37,N37,D54	pSS	straddle, spread (oneself over), spread out (awnings)	0.0
𓊪𓈙𓈙𓏴	Q3,N37,N37,Z9	pSS	straddle	0.0
𓊪𓈙𓈙	Q3,N37,N37,D291	pSS	spread (oneself over)	0.0
𓊪𓎼𓄿𓂘𓂡	Q3,W11,G1,D32,D40	pgA	open, reveal, be open (of wounds)	0.0
𓊪𓎼𓂘	Q3,W11,D32	pgA	open	0.0
𓊪𓎼𓇷𓂡	Q3,W11,N9,D40	pgA	open	0.0
𓊪𓎼𓇋𓇋𓂐	Q3,W11,M17,M17,D26	pgA	be open (of wounds)	0.0
𓊪𓎼𓄿𓂘𓂡𓄣𓏤	Q3,W11,G1,D32,D40,F34,Z1	pgA  ib	open hearted	0.0
𓊪𓎼𓄿𓏴𓄣𓏤	Q3,W11,G1,Z9,F34,Z1	pgA  ib	open hearted	0.0
𓊪𓎼𓄿𓂘𓂡𓁷𓏤	Q3,W11,G1,D32,D40,D2,Z1	pgA  Hr	honest	0.0
𓊪𓎼𓄿𓂘𓏛𓁷𓏤	Q3,W11,G1,D32,Y1,D2,Z1	pgA  Hr	honest	0.0
𓊪𓎼𓄿𓏴𓁷𓏤	Q3,W11,G1,Z9,D2,Z1	pgA  Hr	honest	0.0
𓊪𓎼𓄿𓂘	Q3,W11,G1,D32	pgA	entrance (of building, of horizon), mouth (of valley), arena, battlefield	0.0
𓊪𓎼𓄿𓈇𓏤	Q3,W11,G1,N23,Z1	pgA	entrance (of horizon)	0.0
𓊪𓎼𓂘𓈅𓏤	Q3,W11,D32,N21,Z1	pgA	mouth (of valley)	0.0
𓊪𓎼𓈄𓏤	Q3,W11,Y24,N20,Z1	pgA	battlefield	0.0
𓊪𓎼𓎺	Q3,W11,W10	pgA	bowl	0.0
𓊪𓎼𓄿𓎺	Q3,W11,G1,W10	pgA	bowl	0.0
𓊪𓎼𓎼𓏏𓄛	Q3,W11,W11,X1,F27	psst	toad or frog	0.0
𓊪𓏏𓊪𓏏𓂻	Q3,X1,Q3,X1,D54	ptpt	tread (roads), trample (enemies)	0.0
𓊪𓏏𓊪𓏏𓀜	Q3,X1,Q3,X1,A24	ptpt	trample (enemies)	0.0
𓊪𓏏𓊪𓏏𓏴𓂡	Q3,X1,Q3,X1,Z9,D40	ptpt	trample (enemies)	0.0
𓊪𓏏𓂋𓁻	Q3,X1,D21,D6	ptr	see, behold	0.0
𓊪𓏏𓂋	Q3,X1,D21,M4B	ptr	see, behold	0.0
𓊪𓏏𓁼	Q3,X1,M4B,D7	ptr	see, behold	0.0
𓊪𓏏𓂋𓇋𓁻	Q3,X1,D21,M17,D6	ptr	see, behold	0.0
𓊪𓏏𓂋𓇋𓆵𓁹	Q3,X1,D21,M17,M6,D4	ptr	see, behold	0.0
𓊪𓏏𓂋𓇋𓆵𓂡𓏥	Q3,X1,D21,M17,M6,D40,Z2	pri	battlefield	0.0
𓊪𓏏𓎛𓀭	Q3,X1,V28,A40	ptH	Ptah	0.0
𓊪𓏏𓂻	Q3,X1,J1,D54	ptx	cast (to the ground), put down (someone carried), be stretched out (in obeisance)	0.0
𓊪𓏏	Q3,X1,J1,D77	ptx	cast (to the ground)	0.0
𓊪𓂧𓂾𓄹	Q3,D46,D56,F51	pd	knee	0.0
𓊪𓂧𓊃	Q3,D46,O34,R3I	pds	box, casket	0.0
𓊪𓂧𓋴𓂾	Q3,D46,S29,D56	pds	stamp flat, flatten	0.0
𓊪𓂧𓋴𓀜	Q3,D46,S29,A24	pds	stamp flat, flatten	0.0
𓊪𓂧𓋴𓏏𓈒	Q3,D46,S29,X1,N33	pdst	pellet	0.0
𓊪𓂧𓋴𓅱𓄪𓏤	Q3,D46,S29,G43,F39,Z1	psDw	back	0.0
𓊪𓂧𓋴𓏲𓏏𓂾𓈇𓏥	Q3,D46,S29,Z7,X1,D56,N23,Z2	pdswt	sand dunes ?	0.0
𓊪𓆓𓌒	Q3,I10,T9	pD	stretch (cord in foundation ceremony), stretch out (arms), stretch out (man on ground)	0.0
𓊪𓆓𓌒	Q3,I10,T9	pD	extend (oneself in effort), draw (bow), diffuse (perfume)	0.0
𓊪𓂧𓌒	Q3,D46,T9	pD	stretch (cord in foundation ceremony)	0.0
𓊪𓆓𓂻	Q3,I10,D54	pD	stretch out (man on ground)	0.0
𓊪𓆓𓌒𓄣𓏤	Q3,I10,T9,F34,Z1	pD  ib	be glad	0.0
𓊪𓆓𓌒𓁷𓏤	Q3,I10,T9,D2,Z1	pD  Hr	unwrinkled, far - sighted, prescient	0.0
𓊪𓂧𓏏𓌒𓌙𓀀𓏥	Q3,D46,X1,T9,T14,A1,Z2	pDt	foreigners	0.0
𓊪𓂧𓌒𓈒𓏥	Q3,D46,T9,N33,Z2	pD	measure (for pigment)	0.0
𓊪𓏏𓎛𓉞𓂓	Q3,X1,V28,O7,D28	Hwt  kA  ptH	chapel (in tomb, temple)	0.0
𓊭𓏏	Q6,X1	qrst	burial	0.0
𓊭𓂝𓊃𓏏	Q6,D36,O34,X1	qrst	burial	0.0
𓊻𓂋𓈉	R10,D21,N25	Xrt  nTr	necropolis	0.0
𓊿	R13	imn	right (-hand), right - side, the West	0.0
𓊿𓊡	R13,P5	imnty	the west wind	0.0
𓊿𓏏𓊡	R13,X1,P5	imnty	the west wind	0.0
𓊿𓅂	R13,G4	imntyw	Westerners	0.0
𓋀𓏤	R14,Z1	imn	right (hand), right side, the west	0.0
𓋀𓏏𓏭𓈉	R14,X1,Z4,N25	imnty	right (hand), western, the West	0.0
𓋀𓏏𓏭𓊡	R14,X1,Z4,P5	imnty	the west wind	0.0
𓋀𓅂𓏥	R14,G4,Z2	imntyw	Westerners	0.0
𓋀𓅓𓏭𓂢	R14,G17,Z4,D41	wnmy	right - hand, right side of, right	0.0
𓋀𓂢	R14,D41	wnmy	right - hand side, right, right side of	0.0
𓋀𓅓𓂢	R14,G17,D41	wnmy	right - hand side, right, right side of	0.0
𓋁𓃀𓅱𓈓𓌟	R15,D58,G43,N33A,T19	Abw	ivory	0.0
𓋁𓃀𓈋𓅱𓆛	R15,D58,N26,G43,K1	AbDw	a fish	0.0
𓋁𓃀𓏭𓂢	R15,D58,Z4,D41	iAby	left (hand), east, eastern, left-side of	0.0
𓋁𓃀𓈉	R15,D58,N25	iAby	left (hand), east, eastern, the left side of	0.0
𓋁𓃀𓂢	R15,D58,D41	iAby	left (hand), east, eastern, the left side of	0.0
𓋁𓏏𓃀𓊖𓏏𓏤	R15,X1,D58,O49,X1,Z1	iAbt	the East	0.0
𓋁𓃀𓌟𓄹𓏥	R15,D58,T19,F51,Z2	iAb	finger, toe nail	0.0
𓋁𓃀𓏏𓊌	R15,D58,X1,O39	iAbty	east, eastern	0.0
𓋁𓃀𓏏𓏭𓈇	R15,D58,X1,Z4,N23	iAbty	left - hand	0.0
𓋁𓃀𓄿𓀀𓁐𓏥	R15,D58,G1,A1,B1,Z2	iAbtyw	Easterners	0.0
𓋁𓅂𓏥	R15,G4,Z2	iAbtyw	Easterners	0.0
𓋁𓃀𓏏𓅂𓈇𓏤	R15,D58,X1,G4,N23,Z1	iAbtyw	the east of	0.0
𓋁𓃀𓅂𓈉	R15,D58,G4,N25	iAbtyw	the east of	0.0
𓋁𓅂𓈅𓏤	R15,G4,N21,Z1	iAbtyw	the east of	0.0
𓋁𓊡	R15,P5	iAb	the east wind	0.0
𓋁𓊡𓏏	R15,P5,X1	iAbt	the east wind	0.0
𓋁𓃀𓏏𓊡	R15,D58,X1,P5	iAbt	the east wind	0.0
𓋁𓃀𓏏𓏏𓈉	R15,D58,X1,X1,N25	iAbtt	the East	0.0
𓋁𓃀𓏏𓈇𓏏𓏤	R15,D58,X1,N23,X1,Z1	iAbtt	the East	0.0
𓋁𓃀𓏏𓏏𓆱	R15,D58,X1,X1,M3	iAbtt	snare ?	0.0
𓋁𓃀𓏲𓄛𓏪	R15,D58,Z7,F27,Z3	iAbw	leopard	0.0
𓋁𓃀𓋴	R15,D58,S29,S57	ibs	headdress (of king)	0.0
𓋂	R16	wx	fetish of Kos	0.0
𓋆𓏏𓏏𓏌	R19,X1,X1,W24	iAtt	milk, cream	0.0
𓋆𓏏𓊖	R19,X1,O49	wAst	Thebes	0.0
𓏏𓏏𓏌	R19A,X1,X1,W24	iAtt	milk, cream	0.0
𓋇𓏏𓁐	R20,X1,B1	sSAt	Seshat (goddess)	0.0
𓋉𓊖	R22,O49	xm	Letopolis	0.0
𓋉𓅓𓂜𓉐	R22,J1,G17,D35,O1	xm	shrine	0.0
𓋉𓏏𓃒	R22,J1,X1,E1	xmt	cow	0.0
𓋉𓊾𓂉𓏏𓊌	R22,R12,D19,X1,O39	xnt  mnw	Akhmim	0.0
𓋋𓏏𓁐	R24,X1,B1	nt	Neith (goddess)	0.0
𓏏𓉐𓏥	R36A,X1,O1,Z2	xAwt	altar - chamber	0.0
𓀀𓏪	R3C,A1,Z3	Tt	staff, gang, partisans	0.0
𓏏𓏤	R3P,X1,Z1	Tt	table	0.0
𓊵𓏤	R4,Z1	Htp	altar	0.0
𓊵	R4,R3P	Htp	altar	0.0
𓊵𓏐𓏊	R4,X2,W22	Htp	offerings	0.0
𓊵𓏳𓏪	R4,Z8,Z3	Htp	offerings	0.0
𓊵	R4,O13D,R3Q	Htp  wsxt	forecourt offerings	0.0
𓊵𓏏𓊪𓏏𓏳𓏥	R4,X1,Q3,X1,Z8,Z2	Htpt	offerings	0.0
𓊵𓏏𓊪𓅓𓋹𓈖	R4,X1,Q3,G17,S34,N35,J1	Htp  m  anx	set (of sun), go to rest, die (of people)	0.0
𓊵𓏏𓊪𓄣𓏤𓁷𓏤	R4,X1,Q3,F34,Z1,D2,Z1	Htp  ib  Hr	be well-disposed toward	0.0
𓊵𓏏𓊪𓅱𓏛𓏥	R4,X1,Q3,G43,Y1,Z2	Htpw	peace, contentment, good pleasure	0.0
𓊵𓏥	R4,Z2	Htpw	peace, contentment, good pleasure	0.0
𓊵𓊵𓊵	R4,R4,R4	Htpw	peace, contentment, good pleasure	0.0
𓊵𓏏𓊪𓏏𓏛	R4,X1,Q3,X1,Y1	Htpt	graciousness, peace, mercy	0.0
𓊵𓏏𓊪𓏏𓆰	R4,X1,Q3,X1,M2	Htpt	bundle (of herbs)	0.0
𓊵𓏏𓊪𓏏	R4,X1,Q3,X1,M203	Htpt	bundle (of herbs)	0.0
𓊵𓏏𓊪𓏏𓏊	R4,X1,Q3,X1,W22	Htpt	bowl (for bread offerings)	0.0
𓊵𓏏𓊪𓅂𓏳𓀭𓏥	R4,X1,Q3,G4,Z8,A40,Z2	Htptyw	the peaceful ones (the blessed dead)	0.0
𓊵𓏏𓊪𓇋𓇋𓅱𓀃𓏪	R4,X1,Q3,M17,M17,G43,A4,Z3	Htpyw	non- combatants	0.0
𓊵𓇋𓇋𓏛𓏥	R4,M17,M17,Y1,Z2	Htpyw	non-combatants	0.0
𓊵𓏏𓊪𓇋𓇋𓀀𓏪	R4,X1,Q3,M17,M17,A1,Z3	Htpyw	non-combatants	0.0
𓊶𓊪𓂡	R5,Q3,D40	kAp	burn (incense), cense (gods), fumigate (patient)	0.0
𓊶𓊪𓉐	R5,Q3,O1	kAp	hut, hide (of fowler)	0.0
𓊶𓊪𓀄	R5,Q3,A5	kAp	cover, spread (with wings)	0.0
𓊶𓊪𓏏𓋳	R5,Q3,X1,S28	kApt	linen cover (of jar)	0.0
𓊶𓊪𓊋𓀀	R5,Q3,O38,A1	kAp	cover, roof over, hide oneself, take cover, droop (of eyebrows)	0.0
𓊶𓊪𓉐	R5,Q3,O1	kAp	(royal) nursery, chamber, harem	0.0
𓊶𓊪𓏏𓊮	R5,Q3,X1,Q7	kApt	Kyphi	0.0
𓊶𓊪𓅱	R5,Q3,G43	kApw	roof	0.0
𓊶𓈖𓏭𓈉	R5,N35,Z4,N25	kbn	Byblos	0.0
𓊶𓊪𓈖𓏏𓊛	R5,Q3,N35,X1,P1	kbnt	(seagoing) ship	0.0
𓏏	R50,X1	Xrt  nTr	necropolis	0.0
𓀀	R50,A1	Xrty  nTr	stone mason	0.0
𓂋𓅂𓀀𓏥	R50,D21,G4,A1,Z2	Xrtyw  nTrw	stone masons	0.0
𓊸𓃝	R7,E10	bA	ram	0.0
𓊸𓅡𓂓𓏤𓇋𓇋𓏏𓉐	R7,G29,D28,Z1,M17,M17,X1,O1	bkyt	precinct	0.0
𓊸𓅡𓏤𓂓𓏤𓇋𓇋𓏏𓉐	R7,G29,Z1,D28,Z1,M17,M17,X1,O1	bkyt	precinct	0.0
𓊹𓇋𓏏𓆑𓀀	R8,M17,X1,I9,A1	it  nTr	god''s father (a title)	0.0
𓊹𓏤𓏪𓊪𓇋𓇋𓅱𓊖	R8,Z1,Z3,Q3,M17,M17,G43,O49	py  nTrw	gods of Pe	0.0
𓊹𓍛𓆄	R8,U36,H6	Hm - nTr   mAat	Prophet of Maat	0.0
𓊹𓌃𓂧𓅱𓀁	R8,S43,D46,G43,A2	mdw  nTr	word of God, divine decree, sacred writings, written characters, script	0.0
𓊹𓌃𓏝	R8,S43,Y2	mdw  nTr	word of God, divine decree, sacred writings, written characters, script	0.0
𓊹𓌃	R8,S43	mdw  nTr	sacred writings	0.0
𓊹𓌃𓍼𓏤	R8,S43,V12,Z1	mdw  nTr	written characters, script	0.0
𓊹𓌃𓂧𓏛𓏥	R8,S43,D46,Y1,Z2	mdw  nTr	written characters, script	0.0
𓊹𓏛	R8,Y1	mDAt  nTr	god''s book	0.0
𓊹	R8,O29V	aA  nTr	the great god	0.0
𓊹𓏏𓂋𓏏𓆗	R8,X1,D21,X1,I12	nTrt	goddess	0.0
𓊹𓂋𓏏𓏯𓆗	R8,D21,X1,Z5,I12	nTrt	goddess	0.0
𓊹𓏏𓂋𓏏𓂀	R8,X1,D21,X1,D10	nTrt	divine eye	0.0
𓊹𓏏𓂋𓏭𓏛	R8,X1,D21,Z4,Y1	nTry	divine, sacred	0.0
𓊹𓏏𓂋𓏲𓆱	R8,X1,D21,Z7,M3	nTrw	sacred pole	0.0
𓊹𓏏𓂋𓏭𓏯𓍢	R8,X1,D21,Z4,Z5,V1	nTry	magic cord	0.0
𓊹𓊹𓏏𓂋𓏏𓏭𓍇	R8,R8,X1,D21,X1,Z4,U19	nTrty	adze (used in Opening of the mouth)	0.0
𓊹𓏏𓂋𓇋𓇋𓏏𓈒𓏥	R8,X1,D21,M17,M17,X1,N33,Z2	nTryt	natron ?	0.0
𓊹𓂋𓏏𓈒𓏥	R8,D21,X1,N33,Z2	ntryt	natron ?	0.0
𓊹𓄹𓄹𓄹	R8,F51,F51,F51	Haw  nTr	the King  (in person)	0.0
𓊹𓈞𓏏	R8,N41,X1	Hmt  nTr	god''s wife (title of queen)	0.0
𓊹𓍛	R8,U36	Hm  nTr	prophet	0.0
𓊹𓊵𓏏𓊪𓏲𓏳𓏥	R8,R4,X1,Q3,Z7,Z8,Z2	Htpw  nTr	god''s  offerings, divine offerings	0.0
𓊹𓌨𓂋𓈉	R8,T28,D21,N25	Xrt  nTr	necropolis	0.0
𓊹𓈉	R8,G131B,N25	Xrt  nTr	necropolis	0.0
𓊹𓌨𓏏𓅂𓂡𓏥	R8,T28,X1,G4,D40,Z2	Xrtyw  nTrw	stone masons	0.0
𓊹𓋴𓅧𓈎𓎱	R8,S29,G35,N29,W3	saq  nTr	entry of god (in procession)	0.0
𓊹𓌢𓏏𓂋𓈓	R8,T22,X1,D21,N33A	snTr	cense, consecrate	0.0
𓊹𓌢𓈖𓏏𓂋𓆴𓈒𓏥	R8,T22,N35,X1,D21,M5,N33,Z2	snTr	cense, consecrate	0.0
𓊹𓌢𓈖𓍿𓂋𓆴𓈒𓏥	R8,T22,N35,V13,D21,M5,N33,Z2	snTr	incense	0.0
𓊹𓌢𓏏𓂋𓆴𓈒𓏥	R8,T22,X1,D21,M5,N33,Z2	snTr	incense	0.0
𓊹𓌢𓈖𓏏𓂋𓊸	R8,T22,N35,X1,D21,R7	snTr	incense	0.0
𓊹𓉱	R8,O21	sH  nTr	god''s booth (of Anubis) (an embalmer''s workshop)	0.0
𓊹𓋼𓏏𓏤	R8,S36,X1,Z1	Swt  nTr	sacred figure, image (of god)	0.0
𓊹𓋼	R8,S36	Swyt  nTr	sacred figure, image (of god)	0.0
𓊹𓇾𓈉	R8,N16,N25	tA  nTr	God''s Land,  (Punt ?)	0.0
𓊹𓂧𓍯𓅱𓇼	R8,D46,V4,G43,N14	nTr  dwAw	morning star	0.0
𓊹𓏤𓇼𓄿𓇋𓇋𓇼𓀭	R8,Z1,N14,G1,M17,M17,N14,A40	nTr  dwAw	morning star	0.0
𓊹𓇼𓀢	R8,N14,A30	dwA  nTr	praise God	0.0
𓊹𓇼𓏤	R8,N14,Z1	dwA  nTr	praise God	0.0
𓊹𓇼𓄿𓀢	R8,N14,G1,A30	dwA  nTr	praise God	0.0
𓋜𓏏	S10,X1	mDHt	fillet ?	0.0
𓋜𓎛	S10,V28	mDH	invest (with insignia)	0.0
𓋜𓎛𓌫𓂡	S10,V28,T31,D40	mDH	hew (timber), build (ships)	0.0
𓂡	S10A,D40	mDH	hew (timber), build (ships)	0.0
𓋝	S11	wsx	breadth	0.0
𓋝	S11	wsx	ornamental collar	0.0
𓋞𓃀𓅱𓏥	S12,D58,G43,Z2	nbw	gold	0.0
𓋞𓃀𓂡	S12,D58,D40	nbi	gild	0.0
𓋞𓃀	S12,D58,A10A	nbi	melt (metal), cast (objects in metal), gild, model, fashion	0.0
𓋞𓃀𓇋𓇋	S12,D58,M17,M17,A141	nbi	cast (objects in metal)	0.0
𓋞𓈒𓏥𓆗	S12,N33,Z2,I12	nbw	the Golden One (epithet of Hathor)	0.0
𓋞𓇋𓇋𓏏	S12,M17,M17,X1	nbyt	gold collar	0.0
𓋞𓈒𓏥𓇋𓇋𓏪	S12,N33,Z2,M17,M17,Z3	nby	goldsmiths	0.0
𓋞𓏏𓊖	S12,X1,O49	nbt	Ombos	0.0
𓋞𓃀𓇋𓇋𓏏𓊖	S12,D58,M17,M17,X1,O49	nbyt	Ombi  (Kom Ombo)	0.0
𓋞𓃀𓋞𓃀𓂡	S12,D58,S12,D58,D40	nbnb	guard	0.0
𓋞𓏮𓅱𓈓	S12,Z4A,G43,N33A	sAwy	gold two - thirds fine ?	0.0
𓂻	S123,D54	sSm	guidance	0.0
𓋣𓈖𓏏𓈒𓏥	S15,N35,X1,N33,Z2	THnt	faience	0.0
𓋣𓈖𓏌𓏲𓌙𓀀𓁐𓏥	S15,N35,W24,Z7,T14,A1,B1,Z2	THnw	Libyans	0.0
𓏏𓏏𓏋	S152,X1,X1,W23	iAtt	milk, cream	0.0
𓏛	S167,Y1	xwi	protect	0.0
𓋧	S18	mnit	necklace (sacred to Hathor)	0.0
𓋨𓅱	S19,G43	sDAw	seal - bearer	0.0
𓋨𓏏𓏛𓏥	S19,X1,Y1,Z2	sDAwt	precious things, treasures	0.0
𓋨𓅱𓅂𓀀𓏪	S19,G43,G4,A1,Z3	sDAwtyw	treasurers	0.0
𓋒	S2	HDt	the White Crown	0.0
𓋒𓋴	S2,S29	Sma  s	Crown of Upper Egypt	0.0
𓋩𓏝	S20,Y2	xtm	seal	0.0
𓋩𓏤𓊌	S20,Z1,O39	xtm	seal	0.0
𓋩𓅓𓀜	S20,G17,A24	xtm	seal	0.0
𓋩𓅓𓉐	S20,G17,O1	xtm	chest	0.0
𓋩𓉐	S20,O1	xtm	fort	0.0
𓋩𓏏𓏛	S20,X1,Y1	xtmt	contract	0.0
𓋩𓏏𓏛	S20,J1,X1,Y1	xtmt	contract	0.0
𓋩𓏤𓃒𓏥	S20,Z1,E1,Z2	xtmw	cattle	0.0
𓋩𓅱𓏥	S20,G43,Z2	sDAw	rings ?	0.0
𓋩𓏏𓅂𓏥	S20,X1,G4,Z2	sDAwtyw	treasurers	0.0
𓋩𓏤𓊌	S20,Z1,O39	Saty	weight and value of a twelfth of one deben	0.0
𓋫𓈗	S22,N35A	sti	pour (water)	0.0
𓋫𓍿𓏏𓈉	S22,V13,X1,N25	sTt	Asia, island of Sehel	0.0
𓋫𓏏𓏏𓏳	S22,X1,X1,Z8	sTt	Asia, island of Sehel	0.0
𓋫𓏏𓏏𓅂𓌙𓏪	S22,X1,X1,G4,T14,Z3	sTtyw	Asiatics	0.0
𓋫𓏏𓅂𓏥	S22,X1,G4,Z2	sTtyw	Asiatics	0.0
𓋫𓅨	S22,G36	tA  wr	larboard	0.0
𓋬𓄥	S23,F36	dmD  smA	grand total	0.0
𓋬𓂧𓏛	S23,D46,Y1	dmD	reassemble (dismembered body), assemble, bring together (people)	0.0
𓋬𓂧𓏛	S23,D46,Y1	dmD	associate (with), join (someone), unite (lands)	0.0
𓋬𓂧𓏛	S23,D46,Y1	dmD	accumulate (grain), compile (spell), extend (hand)	0.0
𓋬𓂧𓏛	S23,D46,Y1	dmD	total, maturity	0.0
𓋬𓏏𓁐	S23,X1,B1	dmDwt	crowd	0.0
𓋬𓏏𓅱𓁐𓏪	S23,X1,G43,B1,Z3	dmDwt	crowd	0.0
𓋬𓂧𓏛𓀀𓁐𓏥	S23,D46,Y1,A1,B1,Z2	dmDw	crowd	0.0
𓋬𓂧𓏏𓍼𓏤	S23,D46,X1,V12,Z1	dmDt	collection (of recipes)	0.0
𓋬𓂧𓇋𓇋𓏏𓇳	S23,D46,M17,M17,X1,N5	dmDyt	cycle (of festivals)	0.0
𓋬𓂧𓏏𓇳	S23,D46,X1,N5	dmDyt	cycle (of festivals)	0.0
𓋭𓊖	S24,O49	Abw	Elephantine	0.0
𓋭𓊃𓊪𓂋𓇋𓈅𓏤	S24,O34,Q3,D21,M17,N21,Z1	ts  pri	fighting	0.0
𓋭𓊃𓂡𓌔𓏏𓏤	S24,O34,D40,T10,X1,Z1	Tsw  pDt	troop captain	0.0
𓋭𓊃𓏛𓄡𓊃𓅪	S24,O34,Y1,F32,O34,G37	Ts  Xsy	crime ?	0.0
𓋭𓏤	S24,Z1	Ts	vertebra, spine	0.0
𓋭𓊃𓄹	S24,O34,F51	Ts	vertebra	0.0
𓋭𓏤𓄬	S24,Z1,F41	Ts	vertebra	0.0
𓋭𓅿	S24,H1	Ts	neck	0.0
𓋭𓏏𓏤	S24,X1,Z1	Tst	knot, vertebra	0.0
𓋭𓏏𓏤𓍢	S24,X1,Z1,V1	Tst	knot	0.0
𓋭𓏏𓏤𓄹	S24,X1,Z1,F51	Tst	vertebra	0.0
𓋭𓏤	S24,Z1	Ts	sandbank	0.0
𓋭𓏏𓈅𓏤	S24,X1,N21,Z1	Tst	ridge, range	0.0
𓋭𓏏𓀀	S24,X1,A1	Tst	troop, battalion, troops, gang (of workmen), people (of nomarch)	0.0
𓋭𓏏	S24,X1,A211,A211,A211	Tst	troops	0.0
𓋭𓊃𓅱𓀜𓀀	S24,O34,G43,A24,A1	Tsw	commander, protector (of poor)	0.0
𓋭𓊃𓏲𓀁	S24,O34,Z7,A2	Ts	speech, utterance, phrase, sentence, maxim	0.0
𓋭𓊃𓏲𓏛	S24,O34,Z7,Y1	Ts	speech, utterance	0.0
𓋭𓏛	S24,Y1	Ts	phrase, sentence	0.0
𓋭𓊃𓏛𓄡𓊃𓅪	S24,O34,Y1,F32,O34,G37	Ts  Xsy	crime	0.0
𓋭𓊃𓏛𓊪𓂋𓇋𓈅𓏤	S24,O34,Y1,Q3,D21,M17,N21,Z1	Ts  pri	fighting	0.0
𓋭𓊃𓏛𓎛𓅨𓂋𓅱𓅪	S24,O34,Y1,V28,G36,D21,G43,G37	Ts  Hwrw	reproach	0.0
𓋮𓅱𓀁	S25,G43,A2	aw	dragoman	0.0
𓋮	S25	aw	dragoman	0.0
𓋯	S26	SnDwt	kilt, apron	0.0
𓋲	S27	mnxt	clothing, type of fabric	0.0
𓋳𓏥	S28,Z2	Hbs	garment, clothes, clothing	0.0
𓋳𓏏𓅱	S28,X1,G43	Hbswt	cloth	0.0
𓋴𓈖𓃀𓌻𓂋𓇋𓇋𓏏𓈇𓏤	S29,N35,D58,Y1V,U7,D21,M17,M17,X1,N23,Z1	snb  mryt	the coast is clear	0.0
𓋴𓂧𓈅𓉳𓎳	S29,D46,N21,O23,W4	Hb  sd	jubilee	0.0
𓋴𓂋𓄡𓏏𓏤	S29,J1,D21,Y1V,F32,X1,Z1	sxr  Xt	thought	0.0
𓋴𓃝	S29,E10	sr	sheep	0.0
𓋴𓉐	S29,J17,O1	sA	byre	0.0
𓋴𓄿𓏏𓊅	S29,J17,G1,X1,O36	sAt	wall	0.0
𓋴𓄿𓀁	S29,J17,G1,A2	sAi	be wise, prudent, be satisfied, be sated	0.0
𓋴𓄿𓏛	S29,J17,G1,Y1	sAi	be wise, prudent	0.0
𓋴𓇋𓇋𓄈𓀁	S29,J18,M17,M17,F10,A2	sAi	be satisfied	0.0
𓋴𓄿𓏏𓀁	S29,J17,G1,X1,A2	sAt	prudence, wisdom	0.0
𓋴𓄿𓄿𓀁	S29,J17,G1,G1,A2	sAA	wisdom	0.0
𓋴𓄿𓄿𓀁𓀀	S29,J17,G1,G1,A2,A1	sAA	wise man	0.0
𓋴𓄿𓅱𓀁	S29,J17,G1,G43,A2	sAw	saiety	0.0
𓋴𓄿𓅪	S29,J17,G1,J2,G37	sA	weak	0.0
𓋴𓄿𓅪𓂝𓏤	S29,J17,G1,J2,G37,D36,Z1	sA  a	the weak of arm, weak man	0.0
𓋴𓄿𓇋𓏲𓀜	S29,J17,G1,M17,Z7,A24	sAi	sift (flour  etc)	0.0
𓋴𓄿𓏘	S29,J17,G1,X7	sAi	sift (flour  etc)	0.0
𓋴𓄿𓇋𓀀	S29,J17,G1,M17,A1	sAry	needy man	0.0
𓋴𓄿𓇋𓋷𓀁	S29,J17,G1,M17,S32,A2	siA	recognize	0.0
𓋴𓄿𓇋𓇋𓏛	S29,J17,G1,M17,M17,Y1	sAy	prepare  ? (bier)	0.0
𓋴𓄿𓏲𓆱	S29,J17,G1,Z7,M3	sAw	beam, baulk	0.0
𓋴𓄫𓅱	S29,F40,G43	sAwi	lengthen (building), prolong (lifetime, friendship)	0.0
𓋴𓄫𓅱𓄣𓏤	S29,F40,G43,F34,Z1	sAwi  ib	make glad	0.0
𓋴𓄫𓅱𓏮𓁺	S29,F40,G43,Z4A,D5	sAwy	keep an eye on	0.0
𓋴𓍋𓃀𓈗	S29,U23,D58,N35A	sAb	drip	0.0
𓋴𓃀𓃥	S29,D58,E17	sAb	jackal	0.0
𓋴𓍋𓃀𓃥	S29,U23,D58,E17	sAb	jackal	0.0
𓋴𓄜𓃀𓃥	S29,F28,D58,E17	sAb	jackal	0.0
𓋴𓍋𓃀𓏛𓀜	S29,U23,D58,Y1,A24	sAb	cross (water)	0.0
𓋴𓍋𓃀𓆄𓏏𓏤𓆃𓏥	S29,U23,D58,H6,X1,Z1,H5,Z2	sAb  Swt	many coloured of plummage (of Solar Horus)	0.0
𓋴𓄜𓏏𓃒	S29,F28,X1,E1	sAbt	dappled cow	0.0
𓋴𓄜𓃀𓆓𓏏	S29,F28,D58,I10,X1	sAbt	particoloured snake	0.0
𓋴𓍋𓃀𓏏𓆙	S29,U23,D58,X1,I14	sAbt	particoloured snake	0.0
𓋴𓄿𓊪𓂝	S29,J17,G1,Q3,D36	sAp	lay out ? (garden)	0.0
𓋴𓄿𓊪𓏏𓆰	S29,J17,G1,Q3,X1,M2	sApt	lotus - leaf	0.0
𓋴𓄿𓅓𓊮	S29,G1,G17,Q7	sAm	burn up	0.0
𓋴𓌳𓄿𓅓𓊮	S29,U1,G1,G17,Q7	sAm	burn up	0.0
𓋴𓄿𓅓𓏏𓁸	S29,J17,G1,G17,X1,D3	sAmt	lock of hair	0.0
𓋴𓄿𓂋𓏛	S29,J18,G1,D21,Y1	sAr	be wise	0.0
𓋴𓄿𓂋𓏏𓌗𓀁	S29,J18,G1,D21,X1,T12,A2	sArt	wisdom, understanding	0.0
𓋴𓄿𓂋𓏏𓏛	S29,J18,G1,D21,X1,Y1	sArt	wisdom, understanding	0.0
𓋴𓄿𓇋𓂋𓌗	S29,J17,G1,M17,D21,T12	sAir	need	0.0
𓋴𓄿𓇋𓂋𓌗𓀜	S29,J17,G1,M17,D21,T12,A24	sAir	need	0.0
𓋴𓄿𓂋𓏏𓌗	S29,J17,G1,D21,X1,T12	sArt	need	0.0
𓋴𓄿𓂋𓌗𓇋𓇋𓅪	S29,J17,G1,D21,T12,M17,M17,G37	sAry	needy man	0.0
𓋴𓄿𓇋𓀀	S29,J17,G1,M17,A1	sAry	needy man	0.0
𓋴𓄿𓉔𓉔𓅱𓅪	S29,G1,O4,O4,G43,G37	sAhhw	grumbler ?	0.0
𓋴𓄿𓎛𓃃𓄹𓏤	S29,J17,G1,V28,D61,F51,Z1	sAH	toe	0.0
𓋴𓄿𓎛𓃃𓂻	S29,J17,G1,V28,D61,D54	sAH	kick, reach, arrive at	0.0
𓋴𓄿𓎛𓏏𓃄	S29,J18,G1,V28,X1,D62	sAHt	neighbourhood	0.0
𓋴𓄿𓎛𓅱𓃃𓀀𓁐𓏥	S29,J17,G1,V28,G43,D61,A1,B1,Z2	sAHw	neighbours, dependants	0.0
𓋴𓄿𓎛𓃃𓏛	S29,J17,G1,V28,D61,Y1	sAH	endow (with)	0.0
𓋴𓄿𓎛𓃃𓇼𓀭	S29,J17,G1,V28,D61,N14,A40	sAH	Orion (constellation)	0.0
𓋴𓅜𓏛	S29,G25,J1,Y1	sAx	spiritualize (deceased), glorify (god, name), beautify (tomb)	0.0
𓋴𓅜𓅱𓏛𓏥	S29,G25,J1,G43,Y1,Z2	sAxw	(ritual) recitations	0.0
𓋴𓅜𓅱𓏛𓏥	S29,G25,G43,Y1,Z2	sAxw	(ritual) recitations	0.0
𓋴𓄿𓆱	S29,J17,G1,J1,M3	sAx	forcibly drive (into)	0.0
𓋴𓄿𓅓𓅱𓏯	S29,J17,G1,J1,G17,G43,Z5	sAxmw	type of bat (mammal)	0.0
𓋴𓄿𓋴𓄿𓂻	S29,J17,G1,S29,J17,G1,D54	sAsA	drive back, repel, force (ship over), apply (oil)	0.0
𓋴𓄿𓋴𓄿𓂻𓂡	S29,J17,G1,S29,J17,G1,D54,D40	sAsA	force (ship over )	0.0
𓋴𓄿𓈙𓂋𓏏𓏳	S29,J17,G1,N37,D21,X1,Z8	sASrt	cake, loaf	0.0
𓋴𓄿𓈎𓆌𓏛	S29,J17,G1,N29,I5,Y1	sAq	pull together, be wary	0.0
𓋴𓄿𓈎𓆌𓏛𓄣𓏤	S29,J17,G1,N29,I5,Y1,F34,Z1	sAq  ib	self possessed	0.0
𓋴𓄿𓈎𓆌𓏛𓄣𓏤𓂋	S29,J17,G1,N29,I5,Y1,F34,Z1,D21	sAq  ib  r	set one''s heart on	0.0
𓋴𓄿𓆓𓏤𓎱	S29,G1,I10,Z1,W3	sAD	a festival	0.0
𓋴𓂧𓄿	S29,J18,D46,G1	sAD	a festival	0.0
𓋴𓇋	S29,M17,A363	si	shuffle	0.0
𓋴𓄿𓍿𓊠	S29,J17,G1,V13,P4	sATw	tow boat	0.0
𓋴𓇋𓄿𓏏𓋷	S29,M17,G1,X1,S32	siAt	fringed cloth	0.0
𓋴𓄿𓋷𓀁	S29,G1,S32,A2	siA	recognize, perceive, know, be aware of,	0.0
𓋴𓄿𓇋𓋷𓀁	S29,J17,G1,M17,S32,A2	siA	recognize, perceive, know, be aware of,	0.0
𓋴𓄿𓋷𓀁	S29,G1,S32,A2	siA	perception, knowledge	0.0
𓋴𓄿𓇋𓋷𓀁	S29,J17,G1,M17,S32,A2	siA	perception, knowledge	0.0
𓋴𓇋𓄿𓂋𓂋𓁹𓅪	S29,M17,G1,D21,D21,D4,G37	siArr	dose ? (a patient)	0.0
𓋴𓇋𓄿𓏏𓂿	S29,M17,G1,X1,D57	siAt	encroach upon (lands), cheat	0.0
𓋴𓇋𓄿𓍿𓂿	S29,M17,G1,V13,D57	siAt	encroach upon	0.0
𓋴𓇋𓄿𓏏𓏭𓂿𓂡	S29,M17,G1,X1,Z4,D57,D40	siAty	mutilator, twister (of speech), cheater	0.0
𓋴𓇋𓄿𓏏𓂿	S29,M17,G1,X1,D57	siAty	cheater	0.0
𓋴𓃛𓅱𓇋𓇋𓀁	S29,E9,G43,M17,M17,A2	siwy	announce (someone), make a complaint (against)	0.0
𓋴𓃛𓅱	S29,E9,G43	siwy	announce (someone), make a complaint (against)	0.0
𓋴𓃛𓂋	S29,E9,D21	siwr	make pregnant	0.0
𓋴𓃛𓏲𓇋𓂺	S29,E9,Z7,M17,D53	siwr	make pregnant	0.0
𓋴𓃛𓅱𓎛𓈗	S29,E9,G43,V28,N35A	siwH	inundate	0.0
𓋴𓃛𓏲𓎛𓈗𓂡	S29,E9,Z7,V28,N35A,D40	siwH	rob ?	0.0
𓋴𓊪𓏝	S29,Q3,Y2	sip	inspect, examine, revise, entrust, allot, assign, destine (to a fate), organize (household)	0.0
𓋴𓇋𓊪𓏛	S29,M17,Q3,Y1	sip	inspect, examine, revise, entrust, allot, assign, destine (to a fate), organize (household)	0.0
𓋴𓊪𓏝	S29,Q3,Y2	sip	inspection	0.0
𓋴𓇋𓊪𓏛	S29,M17,Q3,Y1	sip	inspection	0.0
𓋴𓇋𓊪𓏏𓏭𓏛	S29,M17,Q3,X1,Z4,Y1	sipty	inspect	0.0
𓋴𓇋𓊪𓏏𓏭𓏛	S29,M17,Q3,X1,Z4,Y1	sipty	investigation	0.0
𓋴𓇋𓊪𓏏𓅨𓂋𓍼	S29,M17,Q3,X1,G36,D21,V12	sipty  wr	inventory	0.0
𓋴𓇋𓊪𓏏𓏭𓏛	S29,M17,Q3,X1,Z4,Y1	sipty	investigation	0.0
𓋴𓇋𓌳𓆭𓏛	S29,M17,U1,M1,Y1	simA	make well-disposed (to)	0.0
𓋴𓆭𓏛	S29,M1,Y1	simA	make well-disposed (to)	0.0
𓋴𓇋𓆭𓅓𓏛	S29,M17,M1,G17,Y1	simA	make well-disposed (to)	0.0
𓋴𓌳𓄿𓅓𓆭𓏛	S29,U1,G1,G17,M1,Y1	simA	make well-disposed (to)	0.0
𓋴𓇋𓈖𓈇	S29,M17,N35,J2,N23	sin	clay	0.0
𓋴𓇋𓈖𓈇	S29,M17,N35,J2,N23	sin	be sealed with clay	0.0
𓋴𓇋𓆛𓈖𓏏𓏥	S29,M17,K1,N35,X1,Z2	sint	clay seal	0.0
𓋴𓇋𓆛𓈖𓏲𓂡	S29,M17,K1,N35,Z7,D40	sin	rub	0.0
𓋴𓇋𓆛𓈖𓌪	S29,M17,K1,N35,T30	sin	sever (neck)	0.0
𓋴𓇋𓆛𓈖𓂻	S29,M17,K1,N35,D54	sin	wait (for)	0.0
𓋴𓇋𓆛𓈖𓂢𓂻	S29,M17,K1,N35,D41,D54	sin	wait (for)	0.0
𓋴𓇋𓈖𓂻	S29,M17,N35,D54	sin	run, pass away (die)	0.0
𓋴𓇋𓈖𓂻	S29,M17,N35,D54	sin	courier	0.0
𓋴𓇋𓆛𓈖𓂻	S29,M17,K1,N35,D54	sin	run	0.0
𓋴𓇋𓈖𓂻	S29,M17,N35,J2,D54	sin	pass away (die)	0.0
𓋴𓇋𓆛𓈖𓏏𓊛	S29,M17,K1,N35,X1,P1	sint	canoe	0.0
𓋴𓇋𓆛𓈖𓂧𓅪	S29,M17,K1,N35,D46,G37	sind	make miserable	0.0
𓋴𓇋𓉔𓅓𓂻	S29,M17,O4,G17,D54	sihm	hold back	0.0
𓋴𓇋𓎛𓃶	S29,M17,V28,E31	saH	noble	0.0
𓋴𓇋𓋴𓋳	S29,M17,S29,S28	sis	six - weave linen	0.0
𓋴𓇋𓇩𓋴𓏭𓆰	S29,M17,M40,S29,Z4,M2	sisy	lighten (burden), lessen	0.0
𓋴𓇋𓊃𓅪	S29,M17,O34,G37	sisy	lighten (burden), lessen	0.0
𓋴𓇋𓈎𓂋𓏛	S29,M17,N29,D21,Y1	siqr	enrich (someone), make perfect (the deceased), make splendid (a building)	0.0
𓋴𓇋𓍿𓈖	S29,M17,V13,N35	siTn	subordinate (someone to)	0.0
𓋴𓇋𓂧𓀜	S29,M17,D46,A24	sid	make impotent	0.0
𓋴𓉻𓂝𓄿𓇋𓇋𓏛	S29,O29,D36,G1,M17,M17,Y1	saAy	make great (of size, rank, position), magnify (god, truth)	0.0
𓋴𓉻𓂝𓄿𓇋𓇋𓏛	S29,O29,D36,G1,M17,M17,Y1	saAy	increase (benefits), glorify (life on earth)	0.0
𓋴	S29,O29V	saAy	make great (of size, rank, position), magnify (god, truth)	0.0
𓋴	S29,O29V	saAy	increase (benefits), glorify (life on earth)	0.0
𓋴𓉻𓂝	S29,O29,D36	saAy	make great (of size, rank, position), magnify (god, truth)	0.0
𓋴𓉻𓂝	S29,O29,D36	saAy	increase (benefits), glorify (life on earth)	0.0
𓋴𓇋𓇋𓁑	S29,O29V,M17,M17,B2	saAy	tremble	0.0
𓋴𓉻𓂝𓄿𓆱	S29,O29,D36,G1,M3	saA	gunwale	0.0
𓋴𓂝𓍯𓄿	S29,D36,V4,G1,J2	sawA	cause to go bad	0.0
𓋴𓂝𓃀𓄐	S29,D36,D58,F17	swab	cleanse	0.0
𓋴𓂝𓃀𓌪	S29,D36,D58,T30	sab	saw out (timbers), take out, circumsize, castrate	0.0
𓋴𓂝𓅓𓄈	S29,D36,G17,F10	sam	wash down (medicine), swallow, inlay	0.0
𓋴𓂝𓈖𓁻	S29,D36,N35,D6	san	beautify	0.0
𓋴𓋹𓈖	S29,S34,N35,J1	sanx	make live, preserve, revive (dead), nourish, feed, perpetuate (name)	0.0
𓋴𓋹𓈖𓀀	S29,S34,N35,J1,A1	sanx	sculptor	0.0
𓋴𓂝𓈖𓂧𓅪	S29,D36,N35,D46,G37	sand	make little of, lessen, diminish	0.0
𓋴𓂝𓂋𓈐𓂻	S29,D36,D21,N31,D54	sar	cause to ascend, make to rise (in rank)	0.0
𓋴𓂝𓂋𓈐𓂻	S29,D36,D21,N31,D54	sar	cause to approach (of death), bring to an end, forward (pleas, affairs)	0.0
𓋴𓂝𓂋𓈐𓂻	S29,D36,D21,N31,D54	sar	bring, present, publish (report), obtain (royal bounty), report (evil)	0.0
𓋴𓂝𓂋𓂻	S29,D36,D21,D54	sar	cause to ascend, make to rise (in rank)	0.0
𓋴𓂝𓂋𓂻	S29,D36,D21,D54	sar	cause to approach (of death), bring to an end, forward (pleas, affairs)	0.0
𓋴𓂝𓂋𓂻	S29,D36,D21,D54	sar	bring, present, publish (report), obtain (royal bounty), report (evil)	0.0
𓋴𓂝𓂋𓏭𓈐𓂻	S29,D36,D21,Z4,N31,D54	sar	cause to ascend, make to rise (in rank)	0.0
𓋴𓂝𓂋𓏭𓈐𓂻	S29,D36,D21,Z4,N31,D54	sar	cause to approach (of death), bring to an end, forward (pleas, affairs)	0.0
𓋴𓂝𓂋𓏭𓈐𓂻	S29,D36,D21,Z4,N31,D54	sar	bring, present, publish (report), obtain (royal bounty), report (evil)	0.0
𓋴𓂝𓂋𓇋𓇋	S29,D36,D21,M17,M17,W9C	sary	ewer on a stand	0.0
𓋴𓂝𓂋𓇋𓇋𓏏𓈐𓆘	S29,D36,D21,M17,M17,X1,N31,I13	saryt	uraerus	0.0
𓋴𓂝𓂋𓈎𓍼	S29,D36,D21,N29,V12	sarq	finish off, complete, put a stop to	0.0
𓋴𓍼𓈎	S29,V12,N29	sarq	finish off, complete, put a stop to	0.0
𓋴𓂝𓂋𓈎𓍼𓌪𓂡	S29,D36,D21,N29,V12,T30,D40	sarq	kill	0.0
𓋴𓂝𓎛𓏯	S29,D36,V28,Z5	saH	rank, dignity, dignities (plural), honours (plural)	0.0
𓋴𓂝𓎛𓋗	S29,D36,V28,S6	saH	rank, dignity (of Royalty)	0.0
𓋴𓂝𓎛𓃶	S29,D36,V28,E31	saH	rank, dignity, dignities (plural), honours (plural)	0.0
𓋴𓂝𓎛𓋩	S29,D36,V28,S20	saH	rank, dignity, dignities (plural), honours (plural)	0.0
𓋴𓂝𓎛𓃶𓀀	S29,D36,V28,E31,A1	saH	noble, dignitary	0.0
𓋴𓇋𓎛𓃶	S29,M17,V28,E31	saH	noble, dignitary	0.0
𓋴𓂝𓎛𓃶	S29,D36,V28,E31	saH	be noble	0.0
𓋴𓂚𓂡	S29,D34,D40	saHA	make to vie (with)	0.0
𓋴𓊣	S29,P7	saHa	raise up, cause to stand, set up, erect, insatl, accuse, establish (against)	0.0
𓋴𓊢𓀙	S29,P6,A21	saHa	raise up, cause to stand, set up, erect, insatl, accuse, establish (against)	0.0
𓋴𓆈𓄿𓏥	S29,I1,G1,Z2	saSA	make numerous, multiply	0.0
𓋴𓆈	S29,I1	saSA	make numerous, multiply	0.0
𓋴𓆈𓏥	S29,I1,Z2	saSA	make numerous, multiply	0.0
𓋴𓆈𓏥𓂡	S29,I1,Z2,D40	saSA	police, policeman	0.0
𓋴𓆈𓏥𓂻	S29,I1,Z2,D54	saSA	escort	0.0
𓋴𓅧𓈎𓂻	S29,G35,N29,D54	saq	cause to enter, bring to land, bring, send in, drive (animals)	0.0
𓋴𓂝𓈎𓂻	S29,D36,N29,D54	saq	cause to enter, bring to land, bring, send in, drive (animals)	0.0
𓋴𓅧𓈎𓇋𓇋𓀀𓂻	S29,G35,N29,M17,M17,A1,D54	saqy	head of family	0.0
𓋴𓎙𓂧𓏛	S29,V26,D46,Y1	saD	make hale	0.0
𓋴𓅱𓏏𓊡	S29,G43,X1,P5	swt	force (of wind)	0.0
𓋴𓋴𓋴𓅱𓇳𓏥	S29,S29,S29,G43,N5,Z2	sww	day, dates (in time)	0.0
𓋴𓅱𓇳𓏥	S29,G43,N5,Z2	sww	day, dates (in time)	0.0
𓋴𓍯𓄿𓈐𓂻	S29,V4,G1,N31,D54	swA	pass (on road), escape (from), surpass (someone), pass away, transgress, occur	0.0
𓋴𓍯𓄿𓂻	S29,V4,G1,D54	swA	pass (on road), escape (from), surpass (someone), pass away, transgress, occur	0.0
𓋴𓍯𓄿𓏴𓈐	S29,V4,G1,Z9,N31	swA	pass (on road), escape (from), surpass (someone), pass away, transgress, occur	0.0
𓋴𓍯𓄿𓏏𓈐𓂻	S29,V4,G1,X1,N31,D54	swAt	what is past	0.0
𓋴𓍯𓄿𓅱𓈐𓂻	S29,V4,G1,G43,N31,D54	swAw	journey	0.0
𓋴𓍯𓄿𓍯𓄿	S29,V4,G1,V4,G1	swAwA	ponder	0.0
𓋴𓍯𓄿𓎛𓎝𓏛	S29,V4,G1,V28,V29,Y1	swAH	make to endure, to last, make stay (in house), lengthen (life), last long	0.0
𓋴𓎝𓏛	S29,V29,Y1	swAH	make to endure, to last, make stay (in house), lengthen (life), last long	0.0
𓋴𓎝𓎛𓏛	S29,V29,V28,Y1	swAH	make to endure, to last, make stay (in house), lengthen (life), last long	0.0
𓋴𓍯𓈙𓀢	S29,V4,N37,A30	swAS	pay honour to, applaud	0.0
𓋴𓍯𓈙𓏛	S29,V4,N37,Y1	swAS	pay honour to, applaud	0.0
𓋴𓍯𓄿𓈙𓀠	S29,V4,G1,N37,A28	swAS	pay honour to, applaud	0.0
𓋴𓇅𓏛	S29,M13,Y1	swAD	make green (herbage), make to flourish (of person, office)	0.0
𓋴𓇅𓏛	S29,M13,Y1	swAD	make prosperous (of years), richly provide (altars), refurbish (stela)	0.0
𓋴𓇅𓆓	S29,M13,I10	swAD	make green (herbage), make to flourish (of person, office)	0.0
𓋴𓇅𓆓	S29,M13,I10	swAD	make prosperous (of years), richly provide (altars), refurbish (stela)	0.0
𓋴𓍯𓆓𓇅𓏛	S29,V4,I10,M13,M13B,Y1	swAD	make green (herbage), make to flourish (of person, office)	0.0
𓋴𓍯𓆓𓇅𓏛	S29,V4,I10,M13,M13B,Y1	swAD	make prosperous (of years), richly provide (altars), refurbish (stela)	0.0
𓋴𓍏𓃀𓄿𓏛	S29,U26,D58,G1,Y1	swbA	open, reveal (oneself)	0.0
𓋴𓍏𓏛	S29,U26,Y1	swbA	open, reveal (oneself)	0.0
𓋴𓍏𓏛𓁷𓏤𓈖	S29,U26,Y1,D2,Z1,N35	swbA  Hr  n	instruct	0.0
𓋴𓍏𓏛𓄣𓏤	S29,U26,Y1,F34,Z1	swbA  ib	open the heart (to wisdom)	0.0
𓋴𓍏𓃀𓅡𓇋𓇋𓏛	S29,U26,D58,G29,M17,M17,Y1	swbA	open, reveal (oneself)	0.0
𓋴𓅱𓂸𓏏𓏛	S29,G43,D52,X1,Y1	swmt	make thick, make stout (the heart)	0.0
𓋴𓅱𓂸𓏏	S29,G43,D52,X1,T14C,T14C	swmt	make thick, make stout (the heart)	0.0
𓋴𓃹𓈖𓉿𓂡	S29,E34,N35,O31,D40	swn	open	0.0
𓋴𓃹𓈖𓉿𓂡𓁷𓏤	S29,E34,N35,O31,D40,D2,Z1	swn  Hr	instruct	0.0
𓋴𓇬𓈖	S29,M42,N35	swn	flattery	0.0
𓋴𓅱𓆑𓅭𓂻	S29,G43,I9,G39,D54	swf	see entries   under  wsf	0.0
𓋴𓃹𓈖𓌕𓅪	S29,E34,N35,T11,G37	swn	perish	0.0
𓋴𓃹𓈖𓌕𓅪𓏪	S29,E34,N35,T11,G37,Z3	swn	affliction	0.0
𓋴𓃹𓈖𓇋𓇋𓏏𓌕𓅪𓏥	S29,E34,N35,M17,M17,X1,T11,G37,Z2	swnyt	pain	0.0
𓋴𓇬𓈖𓏏𓏛	S29,M42,N35,X1,Y1	swnt	price	0.0
𓋴𓇬𓈖𓏌𓅱	S29,M42,N35,W24,G43,O233	swnw	tower	0.0
𓋴𓏌	S29,W24,O233	swnw	tower	0.0
𓋴𓇬𓈖𓏌𓊅𓉐	S29,M42,N35,W24,O36,O1	swnw	tower	0.0
𓋴𓃹𓈖𓈖𓏌𓏲𓌕𓈗𓈘𓈇	S29,E34,N35,N35,W24,Z7,T11,N35A,N36,N23	swnnw	pond	0.0
𓋴𓃹𓈖𓈖𓈗	S29,E34,N35,N35,N35A	swnnw	pond	0.0
𓋴𓅨𓂋	S29,G36,D21,A410	swr	drink	0.0
𓋴𓏴𓂋𓇋𓈗𓀁	S29,Z9,D21,M17,N35A,A2	swr	drink	0.0
𓋴𓅨𓂋𓇋𓈗	S29,G36,D21,M17,N35A,A116B	swr	drink - supply	0.0
𓋴𓅨𓅪𓂋𓂧	S29,G36,G37,D21,D46	swrd	weary (someone)	0.0
𓋴𓅨𓂋𓂧𓀔𓅪	S29,G36,D21,D46,A17,G37	swrd	weary (someone)	0.0
𓋴𓉔𓅱𓀁	S29,O4,G43,A2	swhi	boast of, vaunt with	0.0
𓋴𓏲𓉔𓄿𓀁	S29,Z7,O4,G1,A2	swhi	boast of, vaunt with	0.0
𓋴𓅱𓉔𓃫𓀁	S29,G43,O4,E21,A2	swhi	boast of, vaunt with	0.0
𓋴𓅱𓉔𓏮𓀁	S29,G43,O4,Z4A,A2	swhi	boast of, vaunt with	0.0
𓋴𓅱𓉔𓄿𓃫𓂡𓀁	S29,G43,O4,G1,E21,D40,A2	swhi	boast of, vaunt with	0.0
𓋴𓏲𓉔𓄿𓃫𓀜	S29,Z7,O4,G1,E21,A24	swhA	break up (of ship)	0.0
𓋴𓅱𓉔𓈖	S29,G43,O4,N35,O118	swhn	throw down (building)	0.0
𓋴𓅱𓉔𓈖𓊊𓏴𓂡	S29,G43,O4,N35,O37,Z9,D40	swhn	throw down (building)	0.0
𓋴𓅱𓎛𓋳	S29,G43,V28,S28	swH	loincloth	0.0
𓋴𓅱𓎛𓍢	S29,G43,V28,V1	swH	loincloth	0.0
𓋴𓅱𓎛𓊡	S29,G43,V28,P5	swH	wind	0.0
𓋴𓅱𓎛𓏏𓆇	S29,G43,V28,X1,H8,J2	swHt	egg	0.0
𓋴𓅱𓎛𓏏𓆱	S29,G43,V28,X1,M3	swHt	coffin	0.0
𓋴𓅱𓎛𓏏𓍱	S29,G43,V28,X1,V6	swHt	shroud	0.0
𓋴𓏲𓇰	S29,Z7,J1,N2	swx	spend the night	0.0
𓋴𓅱𓆼𓅪𓏮	S29,G43,M12,G37,Z4A	swxAy	decay	0.0
𓋴𓄊𓋴𓂋𓂡	S29,F12,S29,D21,D40	swsr	make strong, powerful	0.0
𓋴𓄊𓂋𓂡	S29,F12,D21,D40	swsr	make strong, powerful	0.0
𓋴𓅱𓋴𓎺𓏛	S29,G43,S29,J1,W10,Y1	swsx	widen, make wide, make spacious, extend (boundaries)	0.0
𓋴𓅱𓋴𓎺𓏛	S29,G43,S29,J1,W10,Y1	swsx	make extensive (of movements)	0.0
𓋴𓅱𓊃𓌤	S29,G43,O34,J1,T24	swsx	widen, make wide, make spacious, extend (boundaries)	0.0
𓋴𓅱𓊃𓌤	S29,G43,O34,J1,T24	swsx	make extensive (of movements)	0.0
𓋴𓏲𓈙𓂋𓇳	S29,Z7,N37,D21,N5	swSr	dry	0.0
𓋴𓏲𓅠𓅓𓂝	S29,Z7,G28,G17,D36	swgm	grind, pulverize	0.0
𓋴𓅠𓅓𓂝	S29,G28,G17,D36	swgm	grind, pulverize	0.0
𓋴𓅱𓏏𓇠	S29,G43,X1,M33	swt	wheat	0.0
𓋴𓅱𓏏𓅱𓏏𓂻	S29,G43,X1,G43,X1,D54	swtwt	walk about, journey, travel, go forth	0.0
𓋴𓏏𓅱𓏏𓂻	S29,X1,G43,X1,D54	swtwt	go forth, walk about, journey, travel	0.0
𓋴𓅱𓅱𓏏𓏏𓂻	S29,G43,G43,X1,X1,D54	swtwt	walk about, journey, travel, go forth	0.0
𓋴𓅱𓂧𓍢𓏴𓂡	S29,G43,D46,V1,Z9,D40	swdi	plant (with trees)	0.0
𓋴𓅱𓂧𓅱𓂧	S29,G43,D46,G43,D46,V48	swdwd	bandage	0.0
𓋴𓏲𓂧𓆑𓂻	S29,Z7,D46,I9,D54	swdf	make to linger	0.0
𓋴𓎗𓆓𓏛	S29,V24,I10,Y1	swD	hand over, pass on, assign (office etc)	0.0
𓋴𓇅𓏛	S29,M13,Y1	swD	hand over, pass on, assign (office etc)	0.0
𓋴𓇅𓆓𓏛	S29,M13,I10,Y1	swD	hand over, pass on, assign (office etc)	0.0
𓋴𓎗𓂧𓏛	S29,V24,D46,Y1	swD	hand over, pass on, assign (office etc)	0.0
𓋴𓎗𓅱𓀁	S29,V24,G43,A2	swD	hand over, pass on, assign (office etc)	0.0
𓋴𓎗𓅱𓏛	S29,V24,G43,Y1	swD	hand over, pass on, assign (office etc)	0.0
𓋴𓅱𓍑𓄿𓏛	S29,G43,U28,G1,Y1	swDA	make healthy, keep safe, calm (fear)	0.0
𓋴𓅱𓍑𓏛	S29,G43,U28,Y1	swDA	make healthy, keep safe, calm (fear)	0.0
𓋴𓅱𓍑𓄿𓏛𓄣𓏤𓁷𓏤	S29,G43,U28,G1,Y1,F34,Z1,D2,Z1	swDA  ib  Hr	inform about	0.0
𓋴𓅱𓍑𓄿𓂻	S29,G43,U28,G1,D54	swDA	convey (to someone)	0.0
𓋴𓅱𓍑𓄿𓂻	S29,G43,U28,G1,D54	swDA	go	0.0
𓋴𓏲𓍑𓄿𓏱	S29,Z7,U28,G1,Z6	swDA	die	0.0
𓋴𓏲𓎘𓃀𓄲𓏛	S29,Z7,V25,D58,F46,Y1	swDb	wind (rope around)	0.0
𓋴𓃀𓂻	S29,D58,D54	sb	overstep (fence)	0.0
𓋴𓃀𓆱𓇛𓇛	S29,D58,T19B,M3,M29,M29	sb  nDm	Sweet flag ?	0.0
𓋴𓃀𓃢	S29,D58,E15	sAb	jackal	0.0
𓋴𓃀𓏏𓏀	S29,D58,X1,W14A	sbt	libation - jar	0.0
𓋴𓃀𓄿𓇼𓇳	S29,D58,G1,N14,N5	sbA	star	0.0
𓋴𓃀𓇼𓄿𓉐	S29,D58,N14,G1,O1	sbA	door	0.0
𓋴𓇼𓃀𓊀	S29,N14,D58,O32	sbA	door	0.0
𓋴𓇼𓂡	S29,N14,D40	sbA	teach, teaching	0.0
𓋴𓃀𓇼𓏛	S29,D58,N14,Y1	sbA	teach, teaching	0.0
𓋴𓃀𓇼𓇋𓇋𓏏𓏛	S29,D58,N14,M17,M17,X1,Y1	sbAyt	(written) teaching, instructions	0.0
𓋴𓃀𓇼	S29,D58,N14,U97	sbA	surveying instrument	0.0
𓋴𓅡𓈎𓆭	S29,G29,N29,M1	sbAq	cleanse	0.0
𓋴𓈎𓆭	S29,G225,N29,M1	sbAq	cleanse	0.0
𓋴𓅡𓈎𓈎𓆭	S29,G29,N29,N29,M1	sbAqq	give a clear character (to),  commend (someone)	0.0
𓋴𓅡𓃀𓎼𓇋𓇋	S29,G29,D58,W11,M17,M17	sbAgy	make weary	0.0
𓋴𓃀𓇋𓀏	S29,D58,M17,A13	sbi	rebel	0.0
𓋴𓃀𓇋𓌙	S29,D58,M17,T14,A223	sbi	rebel	0.0
𓋴𓃀𓇋	S29,D58,M17,J26,A13E	sbi	rebel	0.0
𓋴𓃀𓇋𓏏𓏪	S29,D58,M17,X1,A15A,Z3	sbit	rebels	0.0
𓋴𓃀𓇋𓆚	S29,D58,M17,I15	sbi	rebel - serpent (a demon)	0.0
𓋴𓃀𓇋𓅱𓀁𓀀	S29,D58,M17,G43,A2,A1	sbiw	flautist ?	0.0
𓋴𓃀𓇋𓈖𓅪	S29,D58,M17,N35,G37	sbin	alienate (relatives, property)	0.0
𓋴𓃀𓈖𓅪	S29,D58,N35,G37	sbin	alienate (relatives, property)	0.0
𓋴𓃀𓇋𓏏𓎺𓄑	S29,D58,M17,X1,W10,F18	sbT	laugh, laughter	0.0
𓋴𓃀𓈖𓂻	S29,D58,N35,D54	sbn	glide away (of snakes), steer off course, diverge	0.0
𓋴𓃀𓈖𓆛𓂻	S29,D58,N35,K1,D54	sbn	glide away (of snakes), steer off course, diverge	0.0
𓋴𓃀𓈖𓏌𓏲𓆛	S29,D58,N35,W24,Z7,K1	sbnw	fish	0.0
𓋴𓃀𓈖𓏏𓀔𓁐	S29,D58,N35,X1,A17,B1	sbnt	woman who breast feeds	0.0
𓋴𓃀𓈖𓏏	S29,D58,N35,D280,X1,E100B	sbnt	cow in suck	0.0
𓋴𓃀𓉔𓄿𓂽	S29,D58,O4,G1,D55	sbhA	make to flee	0.0
𓋴𓃀𓎛𓄑𓀁	S29,D58,V28,F18,A2	sbH	cry out	0.0
𓋴𓃀𓎛𓄑𓀁	S29,D58,V28,F18,A2	sbH	cry	0.0
𓋴𓃀𓎛𓇋𓇋𓏏𓃒	S29,D58,V28,M17,M17,X1,E1	sbHyt	lowing (of cattle)	0.0
𓋴𓃀𓏌𓏤	S29,D58,J1,W24,Z1	sbx	jar	0.0
𓋴𓃀𓉧	S29,D58,J1,O13	sbx	close (arms around someone),  shut away (from)	0.0
𓋴𓃀𓉨	S29,D58,J1,O14	sbx	close (arms around someone),  shut away (from)	0.0
𓋴𓃀𓏏𓊀𓉐	S29,D58,J1,X1,O32,O1	sbxt	portal	0.0
𓋴𓃀𓏏𓊀𓉧	S29,D58,J1,X1,O32,O13	sbxt	portal	0.0
𓋴𓃀𓏏𓊀𓉨	S29,D58,J1,X1,O32,O14	sbxt	portal	0.0
𓋴𓃀𓏏𓉱	S29,D58,J1,X1,O21	sbxt	pylon - shaped chest	0.0
𓋴𓃀𓈙𓇋𓇋𓂐	S29,D58,N37,M17,M17,D26	sbSy	make to vomit	0.0
𓋴𓃀𓈎𓂾	S29,D58,N29,D56	sbq	calf (lower part of leg)	0.0
𓋴𓃀𓈎𓂾	S29,D58,N29,D56	sbq	splendid, precious	0.0
𓋴𓃀𓈎𓏛	S29,D58,N29,Y1	sbq	splendid, precious	0.0
𓋴𓃀𓈎𓆭𓏛	S29,D58,N29,M1,Y1	sbq	splendid, precious	0.0
𓋴𓃀𓎡𓆌	S29,D58,V31,I5	sbk	Sobek (crocodile god)	0.0
𓋴𓃀𓏏𓏭𓊅	S29,D58,X1,Z4,O36	sbty	rampart	0.0
𓋴𓃀𓏏𓏭𓈙𓈅𓏤	S29,D58,X1,Z4,N37,N21,Z1	sbty	enclosure	0.0
𓋴𓃀𓍿𓄑𓀁	S29,D58,V13,F18,A2	sbT	laugh	0.0
𓋴𓃀𓍿𓄑𓀁𓁷𓏤	S29,D58,V13,F18,A2,D2,Z1	sbT  Hr	friendly	0.0
𓋴𓃀𓍿𓄑𓀁	S29,D58,V13,F18,A2	sbT	laughter, mirth	0.0
𓋴𓃀𓇋𓏏𓎺𓄑	S29,D58,M17,X1,W10,F18	sbT	laughter, mirth	0.0
𓋴𓃀𓂧𓈙𓀉	S29,D58,D46,N37,A7	sbdS	make weak	0.0
𓋴𓊪𓏏𓂎	S29,Q3,X1,D24	spt	lip (of mouth, vagina, wound, jar),	0.0
𓋴𓊪𓏏	S29,Q3,X1,R93	spt	ritual ? object	0.0
𓋴𓅯𓄿𓏲𓅭𓏥	S29,G41,G1,Z7,G39,Z2	spAw	birds made to fly (flushed from cover ?)	0.0
𓋴𓊪𓅮𓈈𓏏𓏤	S29,Q3,G40,N24,X1,Z1	spAt	district, nome	0.0
𓋴𓊪𓏏𓈈	S29,Q3,X1,N24	spAt	district, nome	0.0
𓋴𓊪𓈖𓂝𓊛	S29,Q3,N35,D36,P1	spna	overturn, renew (skin)	0.0
𓋴𓊪𓂋𓄭	S29,Q3,D21,F42	spr	rib	0.0
𓋴𓊪𓂋𓄭𓀁	S29,Q3,D21,F42,A2	spr	appeal to, petition (someone), make petition	0.0
𓋴𓊪𓂋𓏏𓄭𓀁	S29,Q3,D21,X1,F42,A2	sprt	petition	0.0
𓋴𓊪𓂋𓅱𓄭𓀁𓀀	S29,Q3,D21,G43,F42,A2,A1	sprw	petitioner	0.0
𓋴𓊪𓂋𓏏𓄭𓍘𓇋	S29,Q3,D21,X1,F42,U33,M17	sprty	petitioner	0.0
𓋴𓊪𓎛𓍢	S29,Q3,V28,V1	spH	lasso	0.0
𓋴𓊪𓎛𓍢𓂡	S29,Q3,V28,V1,D40	spH	lasso	0.0
𓋴𓊪𓎛𓅱𓍢	S29,Q3,V28,G43,V1	spHw	lasso	0.0
𓋴𓊪𓎛𓄖	S29,Q3,V28,F22	spH	attain	0.0
𓋴𓊪𓎛𓏏𓄬	S29,Q3,V28,X1,F41	spHt	ribs of beef	0.0
𓋴𓊪𓆼𓄿𓍸𓏛	S29,Q3,J1,M12,G1,V11,Y1	spxA	purge (the body), make sleek (of skin)	0.0
𓋴𓄲𓂋𓂻	S29,F46,D21,D54	spXr	cause to circulate, brandish (weapons)	0.0
𓋴𓄲𓂋𓂻𓏛	S29,F46,D21,D54,Y1	spXr	cause to circulate, brandish (weapons)	0.0
𓋴𓄲𓂋𓏛	S29,F46,D21,Y1	spXr	register, copy	0.0
𓋴𓇮𓂧𓌪	S29,M44,D46,T30	spd	sharp, effective, skilled	0.0
𓋴𓇮𓂧𓌪	S29,M44,D46,T30	spd	display skill, supply (food), restore to order	0.0
𓋴𓊪𓂧𓏏𓇮	S29,Q3,D46,X1,M44	spdt	triangle	0.0
𓋴𓇮𓂧𓈋𓅱𓀭	S29,M44,D46,N26,G43,A40	spdw	Sopd (god)	0.0
𓋴𓊪𓂧𓂧𓇮𓏛	S29,Q3,D46,D46,M44,Y1	spdd	supply	0.0
𓋴𓊪𓂧𓂧𓏝	S29,Q3,D46,D46,Y2	spdd	supply	0.0
𓋴𓆑𓏏𓌪	S29,I9,X1,T30	sft	knife	0.0
𓋴𓆑𓇳𓏮	S29,I9,N5,Z4A	sf	yesterday	0.0
𓋴𓆑𓂡	S29,I9,D40	sf	mix (with)	0.0
𓋴𓆑𓅱𓏛	S29,I9,G43,Y1	sfw	muddle	0.0
𓋴𓆑𓂉	S29,I9,D19	sf	be mild, merciful	0.0
𓋴𓆑𓂉	S29,I9,D19	sf	mercy, gentleness	0.0
𓋴𓆑𓏏𓂉𓀁	S29,I9,X1,D19,A2	sft	clemency	0.0
𓋴𓆑𓅱𓂉𓀁	S29,I9,G43,D19,A2	sfw	the gentle man	0.0
𓋴𓆑𓄿𓏏𓅯𓅪	S29,I9,G1,X1,G41,G37	sfAt	sluggishness	0.0
𓋴𓆑𓈖𓂉𓀁	S29,I9,N35,D19,A2	sfn	be kindly, merciful	0.0
𓋴𓆑𓈖𓂉𓏛	S29,I9,N35,D19,Y1	sfn	be kindly, merciful	0.0
𓋴𓆑𓈖𓅪	S29,I9,N35,G37	sfn	afflict	0.0
𓋴𓆑𓈖𓂉𓅪	S29,I9,N35,D19,G37	sfn	afflict	0.0
𓋴𓆑𓈖𓄿𓅯𓁹	S29,I9,N35,G1,G41,D4	sfnA	be drowsy	0.0
𓋴𓆑𓍼𓂻	S29,I9,J1,V12,D54	sfx	lose, loosen, release, purify, remove (evil), lay aside (garment)	0.0
𓋴𓆑𓍼𓂻	S29,I9,J1,V12,D54	sfx	part (fighting animals), offer (to god), let go (of)	0.0
𓋴𓆑𓍼𓏛	S29,I9,J1,V12,Y1	sfx	lose, loosen, release, purify, remove (evil), lay aside (garment)	0.0
𓋴𓆑𓍼𓏛	S29,I9,J1,V12,Y1	sfx	part (fighting animals), offer (to god), let go (of)	0.0
𓋴𓆑𓋳	S29,I9,J1,S28	sfx	purify	0.0
𓋴𓆑𓍢	S29,I9,J1,V1	sfx	purify	0.0
𓋴𓆑𓇋𓇋𓍼𓉐	S29,I9,J1,M17,M17,V12,O1	sfxy	fortress	0.0
𓋴𓆑𓅱𓍼𓏥	S29,I9,J1,G43,V12,Z2	sfxw	offerings	0.0
𓋴𓆑𓍼𓏥	S29,I9,J1,V12,Z2	sfxw	offerings	0.0
𓋴𓆑𓏲	S29,I9,J1,Z7,J2	sfxw	excretion	0.0
𓋴𓆑𓍼𓂡𓄏𓄏𓅆𓅆	S29,I9,J1,V12,D40,F16,F16,G7,G7	sfxt  abw	The Seven - Horned (deity)	0.0
𓋴𓆑𓋴𓆑𓏴𓀜	S29,I9,S29,I9,Z9,A24	sfsf	break ? (knives)	0.0
𓋴𓆑𓏏𓌪	S29,I9,X1,T30,E100B	sft	sacrifice	0.0
𓋴𓆑𓏏𓅱𓌪𓂝𓀀	S29,I9,X1,G43,T30,D36,A1	sftw	butcher	0.0
𓋴𓆑𓏏𓌪𓂝	S29,I9,X1,T30,D36	sftw	butcher	0.0
𓋴𓆑𓍿𓎯	S29,I9,V13,W1	sfT	oil	0.0
𓋴𓆑𓏏𓏊	S29,I9,X1,W22	sft	oil, conifer resin ?	0.0
𓋴𓅓𓏏𓋳	S29,G17,X1,S28	smt	hammock	0.0
𓋴𓇐	S29,M21	sm	deed, event, affair, pastime	0.0
𓋴𓅓𓏛	S29,M20B,G17,Y1	sm	deed, event, affair, pastime	0.0
𓋴𓅓𓀁	S29,F37F,G17,A2	sm	help, succour	0.0
𓋴𓅓𓇐	S29,G17,M21,Y1V	sm	help, succour	0.0
𓋴𓇐𓅓𓏭𓀁	S29,M21,G17,Z4,A2	sm	help, succour	0.0
𓋴𓇦𓅓𓏛	S29,M37,G17,Y1	sm	help, succour	0.0
𓋴𓅓𓅱𓆰𓏥	S29,G17,G43,M2,Z2	smw	pastures, plants, herbage, vegetables, herb	0.0
𓋴𓇐𓆰	S29,M21,J15,M2	smw	pastures, plants, herbage, vegetables, herb	0.0
𓋴𓇐𓏮𓆰	S29,M21,Z4A,M2	smw	pastures, plants, herbage, vegetables, herb	0.0
𓋴𓅓𓅱𓆰𓏥	S29,F37D,G17,G43,M2,Z2	smw	pastures, plants, herbage, vegetables, herb	0.0
𓋴𓇐𓏥	S29,M21,M203,Z2	smw	vegetables	0.0
𓋴𓇐𓅓𓆰𓏥	S29,M21,G17,M2,Z2	smw	vegetables	0.0
𓋴𓌳𓄿𓄥𓏛	S29,U1,G1,F36,Y1	smA	unite, join (a company), associate (with), arrive (in)	0.0
𓋴𓌳𓄿𓄥𓏛	S29,U1,G1,F36,Y1	smA	partake (of), make ready (a boat),	0.0
𓋴𓌳𓄿𓅓𓄥𓂝	S29,U1,G1,G17,F36,D36	smA	unite, join (a company), associate (with), arrive (in)	0.0
𓋴𓌳𓄿𓅓𓄥𓂝	S29,U1,G1,G17,F36,D36	smA	partake (of), make ready (a boat),	0.0
𓋴𓌳𓄿𓄥𓈇	S29,U1,G1,F36,N23	smA	ramp ?	0.0
𓋴𓌳𓄿𓌪𓂡	S29,U1,G1,T30,D40	smA	kill, destroy	0.0
𓋴𓌳𓌪	S29,U1,T30	smA	kill, destroy	0.0
𓋴𓌳𓄿𓅓𓂝	S29,U1,G1,G17,T30A,D36	smA	kill, destroy	0.0
𓋴𓌳𓃒	S29,U1,E1	smA	wild bull	0.0
𓋴𓌳𓄿𓅓𓃒	S29,U1,G1,G17,E1	smA	wild bull	0.0
𓋴𓌳𓁸	S29,U1,D3	smA	scalp, side	0.0
𓋴𓌳𓄿𓅓𓊮	S29,U1,G1,G17,Q7	sAm	burn up	0.0
𓋴𓌳𓄿𓅓𓆭𓏛	S29,U1,G1,G17,M1,Y1	simA	make well-disposed	0.0
𓋴	S29,J25	smA	priest (who clothed the god)	0.0
𓋴𓌷𓂝𓏛	S29,U5,D36,Y1	smAa	put in order, correct, present, survey (region)	0.0
𓋴𓌷𓂝𓂻	S29,U5,D36,D54	smAa	put in order, correct, present, survey (region)	0.0
𓋴𓌳𓂝𓊤𓀁	S29,U1,J11,D36,P8,A2	smAa  xrw	justify (the dead, the living)	0.0
𓋴𓂝𓏛𓊤	S29,J11,D36,Y1,P8	smAa  xrw	justify (the dead, the living)	0.0
𓋴𓌳𓄿𓅱𓏭𓏛	S29,U1,G1,G43,Z4,Y1	smAwy	renovate, renew	0.0
𓋴𓌴𓁹𓄿𓅱	S29,U2,D4,G1,G43	smAwy	renovate, renew	0.0
𓋴𓌳𓏮𓅱𓏛	S29,U1,Z4A,G43,Y1	smAwy	renovate, renew	0.0
𓋴𓌴𓁹𓄿𓂋𓌗	S29,U2,D4,G1,D21,T12	smAr	impoverish	0.0
𓋴𓌳𓇋𓂋𓌗𓂡	S29,U1,M17,D21,T12,D40	smAr	impoverish	0.0
𓋴𓌳𓇋𓂋𓌗𓅪	S29,U1,M17,D21,T12,G37	smAr	impoverish	0.0
𓋴𓏏𓅓𓏏𓈅𓏤𓈉	S29,X1,G17,J8,X1,N21,Z1,N25	smyt	desert, necropolis	0.0
𓋴𓏇𓇋𓏏𓀁	S29,W19,M17,X1,A2	smit	charge, accusation	0.0
𓋴𓏇𓇋𓄛𓏤	S29,W19,M17,F27,Z1	smi	whip	0.0
𓋴𓏇𓇋𓊤𓀜	S29,W19,M17,P8,A24	smi	chastise	0.0
𓋴𓏇𓇋𓏌𓏥	S29,W19,M17,W24,Z2	smi	curds	0.0
𓋴𓅓𓂝𓆱	S29,G17,D36,M3	sma	sounding - pole ?	0.0
𓋴𓅓𓂝𓂋𓂡	S29,G17,D36,D21,D40	smar	make fortunate, cleanse	0.0
𓋴𓅓𓂝𓂋𓏯𓏛	S29,G17,D36,D21,Z5,Y1	smar	make fortunate, cleanse	0.0
𓋴𓅓𓃹𓈖𓀁	S29,G17,E34,N35,A2	smwn	probably, surely	0.0
𓋴𓏠𓈖𓍖𓂝	S29,Y5,N35,U32,D36	smn	make firm, establish, make to endure, perpetuate, fasten, make fast	0.0
𓋴𓏠𓈖𓍖𓂝	S29,Y5,N35,U32,D36	smn	set in place (parts of body), set up (stela), record (events), confirm (office)	0.0
𓋴𓏠𓈖𓍖𓂝	S29,Y5,N35,U32,D36	smn	affix (adornments), make to stay, set aside, leave to stand, take station,	0.0
𓋴𓏠𓈖𓏌𓍖𓏥	S29,Y5,N35,W24,U32,Z2	smnw	supports of sky	0.0
𓋴𓏠𓈖𓏌𓏌𓏌𓆱𓆱𓆱	S29,Y5,N35,W24,W24,W24,M3,M3,M3	smnw	rungs of ladder	0.0
𓋴𓏠𓈖𓂻	S29,Y5,N35,D54	smn	retire, withdraw	0.0
𓋴𓏠𓈖𓅭	S29,Y5,N35,G39	smn	goose	0.0
𓋴𓏠𓈖𓍊𓏛	S29,Y5,N35,J1,U22,Y1	smnx	advance, ennoble, make distinguised (a name), endow	0.0
𓋴𓏠𓈖𓍊𓏛	S29,Y5,N35,J1,U22,Y1	smnx	settle (endowment), confirm, embellish, restore, efficiently execute, publish	0.0
𓋴𓏠𓈖𓍊𓏛	S29,Y5,N35,J1,U22,Y1	smnx	publish, make effective (words), pull, set in order (affairs),	0.0
𓋴𓍊	S29,U22,J1	smnx	advance, ennoble, make distinguised (a name), endow	0.0
𓋴𓍊	S29,U22,J1	smnx	settle (endowment), confirm, embellish, restore, efficiently execute	0.0
𓋴𓍊	S29,U22,J1	smnx	publish, make effective (words), pull, set in order (affairs),	0.0
𓋴𓍊𓏛	S29,U22,Y1	smnx	advance, ennoble, make distinguised (a name), endow	0.0
𓋴𓍊𓏛	S29,U22,Y1	smnx	settle (endowment), confirm, embellish, restore, efficiently execute	0.0
𓋴𓍊𓏛	S29,U22,Y1	smnx	publish, make effective (words), pull, set in order (affairs),	0.0
𓋴𓏠𓈖𓅂𓀦	S29,Y5,N35,G4,A33	smntyw	emissaries	0.0
𓋴𓍋𓅓𓂋𓅪	S29,U23,G17,D21,G37	smr	cause pain	0.0
𓋴𓍋𓍋𓍋	S29,U23,U23,U23	smrw	friends	0.0
𓋴𓍋𓀀𓏥	S29,U23,A1,Z2	smrw	friends	0.0
𓋴𓎔𓎛𓈗	S29,V22,V28,N35A	smHy	flood (land), drown (enemy), sink (his ship)	0.0
𓋴𓅓𓂜	S29,G17,J1,D35	smx	forget, ignore	0.0
𓋴𓅓𓂜𓀁	S29,G17,J1,D35,A2	smx	forget, ignore	0.0
𓋴𓅓𓈖	S29,G17,J1,N35	smx	forget, ignore	0.0
𓋴𓄟𓋴𓇋𓇋𓏯	S29,F31,S29,M17,M17,Z5	smsy	deliver (woman)	0.0
𓋴𓄟𓋴𓏯	S29,F31,S29,Z5	smsy	deliver (woman)	0.0
𓋴𓅓𓋴𓅱𓀘	S29,G17,S29,G43,A20	smsw	elder, eldest	0.0
𓋴𓄟𓇓𓅱	S29,F31,M23,G43	smsw	elder, eldest	0.0
𓋴𓅓𓋴𓅱𓀀	S29,G17,S29,G43,A1	smsw	elder, eldest	0.0
𓋴𓂸𓏏𓄔	S29,D52,X1,F21	smt	hear	0.0
𓋴𓅓𓂸𓏏𓄔	S29,G17,D52,X1,F21	smt	hear	0.0
𓋴𓂸𓏏𓂋𓌙𓌙𓀁	S29,D52,X1,D21,T14,T14,A2	smtr	bear witness to (truth), examine, make enquiry	0.0
𓋴𓂸𓏏𓌙𓌙𓏛	S29,D52,X1,T14,T14,Y1	smtr	bear witness to (truth), examine, make enquiry	0.0
𓋴𓂸𓏏𓇋𓇋𓏏𓌙𓌙	S29,D52,X1,M17,M17,X1,T14,T14	smtr	bear witness to (truth), examine, make enquiry	0.0
𓋴𓅓𓂧𓏏𓀀𓁐𓏥	S29,G17,D46,X1,A1,B1,Z2	smdt	subjects, subordinates, compulsary labour	0.0
𓋴𓅓𓂧𓏏𓈅𓀀𓏥	S29,G17,D46,X1,N21,A1,Z2	smdt	subjects, subordinates, compulsary labour	0.0
𓋴𓅓𓂧𓏏𓏯𓀀𓏪	S29,G17,D46,X1,Z5,A1,Z3	smdt	subjects, subordinates, compulsary labour	0.0
𓋴𓈖𓏕𓏛	S29,N35,X5,Y1	sni	be like, resemble, copy, imitate, conform	0.0
𓋴𓏪	S29,Z3	.sn	they, them, their	0.0
𓋴𓈖𓏭	S29,N35,Z4	sny	they two, them two	0.0
𓋴𓌢𓈖𓏏𓊌	S29,T22,N35,X1,O39	snt	base (of statue)	0.0
𓋴𓌢𓈖𓏏𓏥𓏥𓏐𓏊𓏖	S29,T22,N35,X1,Z2,Z2,X2,W22,X6	snt	festival of the 6th day of lunar month	0.0
𓋴𓌢𓈖𓂉	S29,T22,N35,D19	sn	smell (perfume), breathe (air), kiss	0.0
𓋴𓈖𓂉𓏛	S29,N35,D19,Y1	sn	smell (perfume), breathe (air), kiss	0.0
𓋴𓈖𓂉𓀁	S29,N35,D19,A2	sn	smell (perfume), breathe (air), kiss	0.0
𓋴𓈖𓂝𓎛𓅱	S29,N35,D36,V28,G43	sniH	angler	0.0
𓋴𓈖𓂝𓂝𓏞𓏛	S29,N35,D36,D36,Y3,Y1	snaa	make smooth, polish	0.0
𓋴𓌢𓂝𓂝	S29,T22,D36,D36	snaa	make smooth, polish	0.0
𓋴𓈖𓂝𓂝𓏞𓏛𓄣𓏤	S29,N35,D36,D36,Y3,Y1,F34,Z1	snaa  ib	soothe, calm	0.0
𓋴𓌢𓈖𓏌𓂉𓏳	S29,T22,N35,W24,D19,Z8	snw	offerings	0.0
𓋴𓏌𓎺	S29,W24,W10	snw	wine of Pelusium	0.0
𓋴𓈖𓏌𓅱𓅪	S29,N35,W24,G43,G37	snw	poverty	0.0
𓋴𓈖𓍇𓏌𓅱𓂋𓆛	S29,N35,U19,W24,G43,D21,K1	snwr	make to tremble	0.0
𓋴𓈖𓍇𓏌𓅱𓂋𓅭	S29,N35,U19,W24,G43,D21,G39	snwr	make to tremble	0.0
𓋴𓍇𓏌𓎛𓈟𓂸	S29,U19,W24,V28,N42,D52	snwH	impassion	0.0
𓋴𓍇𓏌𓎛	S29,U19,W24,V28,D280	snwH	impassion	0.0
𓋴𓈖𓍇𓏌𓅱𓊮	S29,N35,U19,W24,G43,J1,Q7	snwx	boil	0.0
𓋴𓈖𓍇𓏌𓅱𓏏𓏏𓆰	S29,N35,U19,W24,G43,X1,X1,M2	snwtt	bindweed ?	0.0
𓋴𓈖𓍇𓏌𓅱𓂧𓂻	S29,N35,U19,W24,G43,D46,D54	snwd	thrust aside	0.0
𓋴𓈖𓃀𓎿	S29,N35,D58,W14	snbt	jar	0.0
𓋴𓈖𓃀𓏛	S29,N35,D58,Y1	snb	healthy	0.0
𓋴𓈖𓃀𓏛	S29,N35,D58,Y1	snb	be healthy, well, become well, recover	0.0
𓋴𓈖𓃀𓏛	S29,N35,D58,Y1	snb	health	0.0
𓋴𓈖𓃀𓏏𓊗𓏭	S29,N35,D58,X1,O50,Z4	snbt   sp  2	Farewell, farewell	0.0
𓋴𓈖𓃀𓆃𓏛	S29,N35,D58,H5,Y1	snb	banish ? (sleep)	0.0
𓋴𓈖𓃀𓏛	S29,N35,D58,Y1	snb	banish ? (sleep)	0.0
𓋴𓈖𓃀𓃀𓏛	S29,N35,D58,D58,Y1	snbb	exchange greetings	0.0
𓋴𓈖𓆑𓊡	S29,N35,I9,P5	snf	make to breathe, succour, unload (ships), empty out (contents)	0.0
𓋴𓈖𓆑𓊡𓀜	S29,N35,I9,P5,A24	snf	make to breathe, succour, unload (ships), empty out (contents)	0.0
𓋴𓄤𓆑𓂋𓏛	S29,F35,I9,D21,Y1	snfr	make beautiful, embellish, restore (what is defective), carry out (business)	0.0
𓋴𓄤𓆑𓂋𓄣𓏤	S29,F35,I9,D21,Y1V,F34,Z1	snfr  ib	gladden	0.0
𓋴𓈖𓌰𓅓𓇋𓇋𓏏𓆰𓏤𓏥	S29,N35,T34,G17,M17,M17,X1,M2,Z1,Z2	snmyt	a rank weed	0.0
𓋴𓇑𓇑𓈖𓈖𓀾	S29,M22,M22,N35,N35,A53	snn	likeness, image, figure	0.0
𓋴𓇑𓇑𓈖𓈖𓏏	S29,M22,M22,N35,N35,X1	snnt	likeness	0.0
𓋴𓇑𓇑𓈖𓈖𓍼	S29,M22,M22,N35,N35,V12	snn	copy (of document)	0.0
𓋴𓈖𓆂𓂋𓏛	S29,N35,H4,D21,Y1	snr	terrify	0.0
𓋴𓈖𓉔𓀁	S29,N35,O4,A2	snhy	register, record, muster (troops), drive (birds)	0.0
𓋴𓈖𓉔𓄿𓏏𓉐	S29,N35,O4,G1,X1,O1	snhAt	shelter, refuge	0.0
𓋴𓈖𓉔𓊪𓇳	S29,N35,O4,Q3,N5	snhp	rise early	0.0
𓋴𓈖𓉔𓊪𓂻	S29,N35,O4,Q3,D54	snhp	set in motion	0.0
𓋴𓈖𓎛𓍢	S29,N35,V28,V1	snH	bind, entwine	0.0
𓋴𓈖𓎛𓍢𓂡	S29,N35,V28,V1,D40	snH	bind, entwine	0.0
𓋴𓈖𓈟𓎛𓅓𓀜	S29,N35,N42,V28,G17,A24	snHm	prevent (movement)	0.0
𓋴𓈖𓈟𓅓𓂻	S29,N35,N42,G17,D54	snHm	prevent (movement)	0.0
𓋴𓈖𓈖𓀔	S29,N35,J1,N35,A17	snxn	nurse (a child)	0.0
𓋴𓈖𓈖𓏛	S29,N35,J1,N35,Y1	snxn	control (people)	0.0
𓋴𓈖𓀘	S29,N35,J1,J1,A20	snxx	rejuvenate oneself, renew (breath)	0.0
𓋴𓈖𓆱𓏏𓀜	S29,N35,M3,J1,X1,A24	snxt	make strong, strengthen, enrich	0.0
𓋴𓈖𓆱𓏏𓅱𓂡𓏥	S29,N35,M3,J1,X1,G43,D40,Z2	snxtw	stiffening, stiffness (of limbs)	0.0
𓋴𓈖𓆞𓄿𓆞𓄿𓀜	S29,N35,K4,G1,K4,G1,A24	snXAXA	disturb	0.0
𓋴𓌢𓈖𓋴𓌢𓈖𓂉	S29,T22,N35,S29,T22,N35,D19	snsn	be brotherly	0.0
𓋴𓈖𓈎𓂑	S29,N35,N29,D27	snq	suck	0.0
𓋴𓈖𓈎𓄓𓂑	S29,N35,N29,F20,D27	snq	suckle	0.0
𓋴𓈖𓈎𓂑	S29,N35,N29,D27,Y1V	snq	nurse	0.0
𓋴𓈖𓎡𓏏𓇶	S29,N35,V31,X1,N8	snkt	darkness, obscurity	0.0
𓋴𓈖𓎡𓈖𓂾	S29,N35,V31,N35,D56	snkn	injure, damage	0.0
𓋴𓈖𓎡𓎡𓅱𓇰	S29,N35,V31,V31,G43,N2	snkkw	darkness	0.0
𓋴𓎡𓎡𓅱𓇰	S29,V31,V31,G43,N2	snkkw	darkness	0.0
𓋴𓈖𓎡𓏏𓎡𓏏𓄔𓀁	S29,N35,V31,X1,V31,X1,F21,A2	snktkt	gossip	0.0
𓋴𓈖𓍿𓍰	S29,N35,V13,V5	snT	measure out (land), found (a house etc), form (limbs), refix (eyes of the dead)	0.0
𓋴𓊹𓍿𓂋𓈒	S29,R8,V13,D21,N33	snTr	cense, consecrate	0.0
𓋴𓊹𓏏𓂋𓈒𓏛	S29,R8,X1,D21,N33,Y1	snTr	cense, consecrate	0.0
𓋴𓈖𓆓𓅾	S29,J27,N35,I10,G54	snD	fear, respect	0.0
𓋴𓇛𓅓𓏛	S29,M29,G17,Y1	snDm	make happy, make pleasant, ease (suffering), make content, please, give pleasure	0.0
𓋴𓇛𓏛	S29,M29,Y1	snDm	make happy, make pleasant, ease (suffering), make content, please, give pleasure	0.0
𓋴𓇛𓈖𓆓𓅓𓏛	S29,M29,N35,I10,G17,Y1	snDm	make happy, make pleasant, make content	0.0
𓋴𓇛𓈖𓆓𓅓𓏛	S29,M29,N35,I10,G17,Y1	snDm	ease (suffering), please, give pleasure	0.0
𓋴𓇛𓅓𓀼	S29,M29,G17,A51	snDm	sit, be seated	0.0
𓋴𓇛𓅓𓁀	S29,M29,G17,A55	snDm	rest	0.0
𓋴𓈖𓆓𓈖𓆓𓈖𓊮	S29,N35,I10,N35,I10,N35,Q7	snDnDn	incite	0.0
𓋴𓃝	S29,E10	sr	sheep, ram	0.0
𓋴𓂋𓀙	S29,D21,A21	sr	nobleman, magistrate	0.0
𓋴𓂋𓀔𓀀	S29,D21,A17,A1	sr	nobleman, magistrate	0.0
𓋴𓂋𓅱𓏏𓀙𓏪	S29,D21,G43,X1,A21,Z3	srwt	body of magistrates	0.0
𓋴𓂋𓏏𓀙	S29,D21,X1,A21	srwt	body of magistrates	0.0
𓋴𓂋𓃱𓀁	S29,D21,E27,A2	sr	foretell, make known	0.0
𓋴𓂋𓏯𓀁	S29,D21,Z5,A2	sr	foretell, make known	0.0
𓋴𓂋𓏭𓃱	S29,D21,Z4,E27	sr	foretell, make known	0.0
𓋴𓂋𓃱𓀁𓂚𓀜	S29,D21,E27,A2,D34,A24	sr  aHA	challenge to battle	0.0
𓋴𓂋𓅱𓏏𓃱𓏪	S29,D21,G43,X1,E27,Z3	srwt	prophecies	0.0
𓋴𓂋𓂻	S29,D21,D54	sr	show (something, someone)	0.0
𓋴𓂋𓃱𓂻	S29,D21,E27,D54	sr	show (something, someone)	0.0
𓋴𓂋𓅾	S29,D21,G54	srw	goose	0.0
𓋴𓂋𓁸	S29,D21,D3	sr	tress, wig,   hide (of animal)	0.0
𓋴𓂋𓏏𓇮	S29,D21,X1,M44	srt	thorn, spine	0.0
𓋴𓂋𓇋𓇋𓏏𓋺	S29,D21,M17,M17,X1,S35	sryt	standard	0.0
𓋴𓂋𓇋𓇋𓏏𓀁	S29,D21,M17,M17,X1,A2	sryt	cough	0.0
𓋴𓂋𓇋𓇋𓏏𓂐𓏥	S29,D21,M17,M17,X1,D26,Z2	sryt	cough	0.0
𓋴𓂋𓇋𓇋𓏏𓏥	S29,D21,M17,M17,X1,J2,Z2	sryt	cough	0.0
𓋴𓂋𓅱𓇋𓂻	S29,D21,G43,M17,D54	srwi	remove	0.0
𓋴𓂋𓏲𓇋𓏭𓂻	S29,D21,Z7,M17,Z4,D54	srwi	remove	0.0
𓋴𓂋𓅱𓂡	S29,D21,G43,J1,D40	srwx	foster, cherish, treat medically	0.0
𓋴𓂋𓅱𓂧	S29,D21,G43,J1,D46,J3	srwx	foster, cherish, treat medically	0.0
𓋴𓂋𓅱𓂧	S29,D21,G43,J1,D46,J3	srwx	treatment	0.0
𓋴𓂋𓅱𓂡	S29,D21,G43,J1,D40	srwx	treatment	0.0
𓋴𓂋𓆓𓎗𓌗	S29,D21,I10,V24,T12	srwD	strengthen, maintain, perpetuate, make to flourish, restore (buildings)	0.0
𓋴𓂋𓆓𓎗𓌗	S29,D21,I10,V24,T12	srwD	make secure, provide, set right (a wrong), fulfil (contract)	0.0
𓋴𓂋𓌗	S29,D21,T12	srwD	strengthen, maintain, perpetuate, make to flourish, restore (buildings)	0.0
𓋴𓂋𓌗	S29,D21,T12	srwD	make secure, provide, set right (a wrong), fulfil (contract)	0.0
𓋴𓂋𓅱𓌗𓏛	S29,D21,G43,T12,Y1	srwD	strengthen, maintain, perpetuate, make to flourish, restore (buildings)	0.0
𓋴𓂋𓅱𓌗𓏛	S29,D21,G43,T12,Y1	srwD	make secure, provide, set right (a wrong), fulfil (contract)	0.0
𓋴𓂋𓌌𓌗𓏛	S29,D21,T5,T12,Y1	srwD	strengthen, maintain, perpetuate, make to flourish, restore (buildings)	0.0
𓋴𓂋𓌌𓌗𓏛	S29,D21,T5,T12,Y1	srwD	make secure, provide, set right (a wrong), fulfil (contract)	0.0
𓋴𓌗𓂋𓎗𓅱𓆓𓏛	S29,T12,D21,V24,G43,I10,Y1	srwD	strengthen, maintain, perpetuate	0.0
𓋴𓌗𓂋𓎗𓅱𓆓𓏛	S29,T12,D21,V24,G43,I10,Y1	srwD	make to flourish, restore (buildings)	0.0
𓋴𓌗𓂋𓎗𓅱𓆓𓏛	S29,T12,D21,V24,G43,I10,Y1	srwD	make secure, provide, set right (a wrong), fulfil (contract)	0.0
𓋴𓂋𓆑𓂉𓀁	S29,D21,I9,D19,A2	srf	take one''s ease	0.0
𓋴𓂋𓆑𓏛	S29,D21,I9,Y1	srf	rest, relief	0.0
𓋴𓂋𓆑𓊮𓏛	S29,D21,I9,Q7,Y1	srf	rest, relief	0.0
𓋴𓂋𓆑𓊮	S29,D21,I9,Q7	srf	warm, warmth, temperature, inflammation, fever, mood	0.0
𓋴𓂋𓆑𓊮𓏛	S29,D21,I9,Q7,Y1	srf	warm, warmth, temperature, inflammation, fever, mood	0.0
𓋴𓂋𓆑𓊮𓄣𓏤	S29,D21,I9,Q7,F34,Z1	srf  ib	deliberate	0.0
𓋴𓂋𓆑𓏏𓏪	S29,D21,I9,X1,J2,Z3	srft	fever	0.0
𓋴𓂋𓅓𓁿	S29,D21,G17,D9	srmi	cause to weep	0.0
𓋴𓂋𓅓𓏏𓈓	S29,D21,G17,X1,N33A	srmt	foodstuff, beverage	0.0
𓋴𓂋𓏛	S29,D21,J1,Y1	srx	learn about (future events)	0.0
𓋴𓂋𓀁	S29,D21,J1,A2	srx	complain, lay information against, accuse	0.0
𓋴𓂋𓏝	S29,D21,J1,Y2,A84	srx	complain, lay information against, accuse	0.0
𓋴𓂋𓅪𓀀	S29,D21,J1,G37,A1	srx	guilty person	0.0
𓋴𓂋𓅱𓀁	S29,D21,J1,G43,A2	srxw	accuser, complainer, evil spirit	0.0
𓋴𓂋𓇋𓇋𓀁𓏱	S29,D21,J1,M17,M17,A2,Z6	srxw	accuser, complainer, evil spirit	0.0
𓋴𓂋𓀁	S29,D21,J1,A2	srxy	accusation, reproach	0.0
𓋴𓂋𓊁	S29,D21,J1,O33	srx	Serekh (palace - facade design holding the Horus name of King)	0.0
𓋴𓂋𓉵	S29,D21,J1,O24A	srx	memorial	0.0
𓋴𓂋𓉐	S29,D21,J1,O1	srx	a government department	0.0
𓋴𓂋𓌘𓋴𓁺	S29,D21,T13,S29,D5	srs	awaken, take command of (corps)	0.0
𓋴𓂋𓌘𓋴𓄛	S29,D21,T13,S29,F27	srs	awaken, take command of (corps)	0.0
𓋴𓂋𓊃𓍟𓁺	S29,D21,O34,U40,D5	srs	awaken, take command of (corps)	0.0
𓋴𓂋𓈎𓏏	S29,D21,N29,X1,L19	srqt	Selket (the scorpion goddess)	0.0
𓋴𓂋𓈎	S29,D21,N29,T113	srq	inhale, permit to breathe (of throats)	0.0
𓋴𓂋𓈎𓏛	S29,D21,N29,T113,Y1	srq	inhale, permit to breathe (of throats)	0.0
𓋴𓂋𓂧𓇟	S29,D21,D46,M32	srd	make grow, plant (trees), erect (monuments)	0.0
𓋴𓇟𓂋𓂧𓏛	S29,M32,D21,D46,Y1	srd	make grow, plant (trees), erect (monuments)	0.0
𓋴𓂋𓌗	S29,D21,T12	srd	make to grow, plant (trees), erect (monuments)	0.0
𓋴𓇟𓂋𓂧𓌗	S29,M32,D21,D46,T12	srd	make grow, plant (trees), erect (monuments)	0.0
𓋴𓂋𓂧𓏛	S29,D21,D46,Y1	srd	erect (monuments)	0.0
𓋴𓉔𓂢𓂡	S29,O4,D41,D40	sh	terrorize	0.0
𓋴𓉔𓄿𓃫𓀜	S29,O4,G1,E21,A24	shA	be in confusion	0.0
𓋴𓉔𓄿𓃫𓀜	S29,O4,G1,E21,A24	shA	confusion	0.0
𓋴𓉔𓄿𓃫𓀜	S29,O4,G1,E21,A24	shA	confound (someone) ?	0.0
𓋴𓉔𓄿𓂻	S29,O4,G1,D54	shAi	bring down, make to fall	0.0
𓋴𓉔𓄿𓇋𓇋𓏏𓂻	S29,O4,G1,M17,M17,X1,D54	shAi	bring down, make to fall	0.0
𓋴𓉔𓄿𓏏𓂻	S29,O4,G1,X1,D54	shAt	discharge (medical)	0.0
𓋴𓉔𓊪𓂡	S29,O4,Q3,D40	shp	govern	0.0
𓋴𓉔𓂋𓏛	S29,O4,D21,Y1	shri	make content, make peace	0.0
𓋴𓉔𓂋𓇋𓇋𓏏𓏛	S29,O4,D21,M17,M17,X1,Y1	shri	make content, make peace	0.0
𓋴𓇉𓄿𓋳	S29,M16,G1,S28	sHAi	strip (someone), reveal (secret)	0.0
𓋴𓇉𓋳𓂡	S29,M16,S28,D40	sHAi	strip (someone), reveal (secret)	0.0
𓋴𓇉𓄿𓊪𓋳𓂡	S29,M16,G1,Q3,S28,D40	sHAp	conceal	0.0
𓋴𓎛𓇋𓇋𓎛𓏏𓅭	S29,V28,M17,M17,V28,X1,G39	sHyHt	gallinule  (moor hen) ?	0.0
𓋴𓎛𓎛𓏏𓅭	S29,V28,V28,X1,G39	sHyHt	gallinule  (moor hen) ?	0.0
𓋴𓎛𓇋𓎛𓏏𓅭	S29,V28,M17,V28,X1,G39	sHyHt	gallinule  (moor hen) ?	0.0
𓋴𓎛𓂝𓇋𓇋𓀠	S29,V28,D36,M17,M17,A28	sHay	acclaim	0.0
𓋴𓎛𓏭𓅱𓏛	S29,V28,Z4,G43,Y1	sHwy	collect, asssemble	0.0
𓋴𓎛𓏲𓅯𓀁	S29,V28,Z7,G41,A2	sHwy	collect, asssemble	0.0
𓋴𓎛𓏭𓅱𓅯𓏛	S29,V28,Z4,G43,G41,Y1	sHwy	join up (boundaries)	0.0
𓋴𓎛𓏲𓏭𓅯𓏛𓏥	S29,V28,Z7,Z4,G41,Y1,Z2	sHwy	collection, summary, assemblage (of troops), list	0.0
𓋴𓎛𓏭𓅱𓏛	S29,V28,Z4,G43,Y1	sHwy	collection, summary, assemblage (of troops), list	0.0
𓋴𓎛𓅱𓂝𓅪	S29,V28,G43,D36,G37	sHwa	shorten	0.0
𓋴𓎛𓅪𓂋𓀁	S29,V28,G37,D21,A2	sHwr	vilify	0.0
𓋴𓎛𓅪𓂋𓇋𓀁	S29,V28,G37,D21,M17,A2	sHwr	vilify	0.0
𓋴𓎛𓃀𓎱	S29,V28,D58,W3	sHb	make festive, adorn	0.0
𓋴𓎛𓏭𓎱𓃀	S29,V28,Z4,W3,D58	sHb	make festive, adorn	0.0
𓋴𓈟𓅓𓂽	S29,N42,G17,D55	sHm	put a stop to	0.0
𓋴𓎛𓅓	S29,V28,G17	sHm	put a stop to	0.0
𓋴𓈟𓅓𓍖𓂝	S29,N42,G17,U32,D36	sHm	crush, pound, trituration	0.0
𓋴𓈟𓈗	S29,N42,N35A	sHm	crush, pound, trituration	0.0
𓋴𓎛𓅓𓍖	S29,V28,G17,U32	sHm	crush, pound, trituration	0.0
𓋴𓎛𓆰𓈖𓂡	S29,V28,M2,N35,D40	sHn	command	0.0
𓋴𓎛𓌼𓈖	S29,V28,U8,N35	sHn	command	0.0
𓋴𓎛𓆰𓈖𓏛	S29,V28,M2,N35,Y1	sHn	decorate	0.0
𓋴𓁷𓂋𓇯	S29,D2,D21,N1	sHr	fly up	0.0
𓋴𓁷𓂋𓈐𓂻	S29,D2,D21,N31,D54	sHr	fly up	0.0
𓋴𓁷𓂋𓀜	S29,D2,D21,A24	sHri	remove, exorcise (ill), drive away (foes), avert (face), deliver (from)	0.0
𓋴𓁷𓂋𓈐	S29,D2,D21,N31	sHri	remove, exorcise (ill), drive away (foes), avert (face), deliver (from)	0.0
𓋴𓎛𓁷𓂋𓈐	S29,V28,D2,D21,J19,N31	sHri	remove, exorcise (ill), drive away (foes), avert (face), deliver (from)	0.0
𓋴𓁷𓂋𓅱	S29,D2,D21,G43,A59A	sHri	remove, exorcise (ill), drive away (foes), avert (face), deliver (from)	0.0
𓋴𓁷𓂋𓇋𓎅𓏛	S29,D2,D21,M17,V19,Y1	sHri	remove, exorcise (ill), drive away (foes), avert (face), deliver (from)	0.0
𓋴𓎛𓎿𓊃𓂻	S29,V28,W14,O34,D54	sHsi	meet (someone)	0.0
𓋴𓎛𓈎𓂋𓅪	S29,V28,N29,D21,G37	sHqr	make hungry	0.0
𓋴𓎛𓊵𓏏𓊪	S29,V28,R4,X1,Q3	sHtp	propitate, please, pacify, satisfy (employees)	0.0
𓋴𓎛𓊵𓏏𓊪	S29,V28,R4,X1,Q3	sHtp	provide (for temple), make gracious (to)	0.0
𓋴𓊵𓏏𓊪𓏛𓄣𓏤	S29,R4,X1,Q3,Y1,F34,Z1	sHtp  ib	please	0.0
𓋴𓊵𓏏𓊪𓇋𓇋	S29,R4,X1,Q3,M17,M17,R42	sHtpy	censer	0.0
𓋴𓎛𓍃𓅓𓅭𓅪	S29,V28,U15,G17,G39,G37	sHtm	destroy	0.0
𓋴𓎛𓏏𓍃𓅪	S29,V28,X1,U15,G37	sHtm	destroy	0.0
𓋴𓎛𓊨𓅓𓅯𓅪	S29,V28,Q1,G17,G41,G37	sHtm	destroy	0.0
𓋴𓎛𓍃𓅓𓅱𓅯𓅪𓀀	S29,V28,U15,G17,G43,G41,G37,A1	sHtmw	destroyer	0.0
𓋴𓌉𓆓𓇳	S29,T3,I10,N5	sHD	illumine, gladden, make clear, reveal	0.0
𓋴𓌉𓇶	S29,T3,N8	sHD	shine, make illumination, make explanation, become pale	0.0
𓋴𓌌𓇳	S29,T5,N5	sHD	illumine, gladden, make clear, reveal	0.0
𓋴𓌌𓇳	S29,T5,N5	sHD	shine, make illumination, make explanation, become pale	0.0
𓋴𓌉𓇶	S29,T3,N8	sHD	illumine, gladden, make clear, reveal	0.0
𓋴𓌉𓆓𓇳	S29,T3,I10,N5	sHD	shine, make illumination, make explanation, become pale	0.0
𓋴𓌉𓆓𓇳𓄣𓏤	S29,T3,I10,N5,F34,Z1	sHD  ib	make glad	0.0
𓋴𓌉𓆓𓇳𓂋𓅪	S29,T3,I10,N5,D21,G37	sHD  wr	great light - maker  (of Sun god)	0.0
𓋴𓌉𓆓𓇼𓅪𓂋	S29,T3,I10,N14,G37,D21	sHD  wr	great light - maker  (of Sun god)	0.0
𓋴𓌉	S29,T3	sHD	inspector	0.0
𓋴𓌉𓆓𓏏𓆱	S29,T3,I10,X1,M3	sHDt	chest (furniture)	0.0
𓋴𓌉𓆓𓏏𓇳𓆱	S29,T3,I10,X1,N5,M3	sHDt	chest (furniture)	0.0
𓋴𓎛𓆓𓈖𓅪	S29,V28,I10,N35,G37	sHDn	vex	0.0
𓋴𓀜	S29,J1,A24	sxi	hit, smite, beat	0.0
𓋴𓏏𓀜	S29,J1,X1,A24	sxt	blow	0.0
𓋴𓏏𓏒	S29,J1,X1,X4	sxt	an offering loaf	0.0
𓋴𓏏𓇏𓈅	S29,J1,X1,M20,N21	sxt	marshland, field, country (beside town)	0.0
𓋴𓆼𓄿𓀁	S29,M12,G1,A2	sxi	remember, call to mind, think about, mention	0.0
𓋴𓆼𓄿𓀁	S29,J1,M12,G1,A2	sxi	remember, call to mind, think about, mention	0.0
𓋴𓆼𓄿𓅱𓀁	S29,M12,G1,G43,A2	sxAw	remembrance, memory, mention, memorial	0.0
𓋴𓆼𓅱	S29,M12,G43	sxAw	remembrance, memory, mention, memorial	0.0
𓋴𓆼𓀁	S29,M12,A2	sxAw	remembrance, memory, mention, memorial	0.0
𓋴𓆼𓄿𓀁	S29,M12,G1,A2	sxAw	remembrance, memory, mention, memorial	0.0
𓋴𓆼𓇋𓇋𓀁	S29,M12,M17,M17,A2	sxAw	remembrance, memory, mention, memorial	0.0
𓋴𓆼𓄿𓏲𓇋𓇋𓀁	S29,M12,G1,Z7,M17,M17,A2	sxAw	remembrance, memory, mention, memorial	0.0
𓋴𓆼𓄿𓇰	S29,M12,G1,N2	sxA	spend the night	0.0
𓋴𓆼𓄿𓂻	S29,J1,M12,G1,J1,D54	sxAx	hasten	0.0
𓋴𓆼𓂻	S29,M12,J1,D54	sxAx	hasten	0.0
𓋴𓈍𓂝𓇋𓇋	S29,N28,D36,M17,M17	sxay	cause to appear (of a god or king), dispaly (object)	0.0
𓋴𓈍𓂝𓂋𓀁	S29,N28,D36,D21,A2	sxar	enrage	0.0
𓋴𓅱𓎺	S29,J1,G43,W10	sxw	breadth	0.0
𓋴𓅱𓎺𓏛	S29,J1,G43,W10,Y1	sxw	breadth	0.0
𓋴𓅱𓏭𓉐	S29,J1,G43,Z4,O1	sxwy	slaughter - house	0.0
𓋴𓃹𓈖𓀁	S29,J1,E34,N35,A2	sxwn	dispute	0.0
𓋴𓃹𓈖𓂡	S29,J1,E34,N35,D40	sxwn	dispute	0.0
𓋴𓂤𓅱𓂧𓏛	S29,J1,D43,G43,D46,Y1	sxwd	enrich	0.0
𓋴𓂤𓂧𓏛	S29,J1,D43,D46,Y1	sxwd	enrich	0.0
𓋴𓅱𓂧𓏛𓏥	S29,J1,G43,D46,Y1,Z2	sxwd	enrich	0.0
𓋴𓅱𓂧𓏛	S29,J1,G43,D46,J9,Y1	sxwd	enrich	0.0
𓋴𓊪𓂻	S29,J1,Q3,D54	sxp	conduct (someone to someone), bring (offerings), display (decree)	0.0
𓋴𓅓𓆱	S29,J1,G17,M3	sxm	sceptre, sistrum	0.0
𓋴𓌂𓅓𓅱𓂡𓏥	S29,S42,G17,J1,G43,D40,Z2	sxmw	mighty one, Power	0.0
𓋴𓌂𓅓𓂡	S29,S42,J1,G17,D40	sxm	power, grimness	0.0
𓋴𓅓𓂜	S29,J1,G17,D35	sxm	forget	0.0
𓋴𓅓𓅓	S29,J1,G17,G17	sxmm	make warm	0.0
𓋴𓅓𓄣𓏤	S29,J1,G17,J1,F34,Z1	sxmx  ib	distract the heart (of someone), take recreation, enjoyment	0.0
𓋴𓈖𓄹	S29,J1,N35,F51	sxn	swelling ?, gathering ?	0.0
𓋴𓈖𓏏𓉽𓏪	S29,J1,N35,X1,O30,Z3	sxnt	(the four) posts (of the sky)	0.0
𓋴𓈖𓅯	S29,J1,N35,G41	sxn	alight, rest, dwell	0.0
𓋴𓈖𓅯𓏛	S29,J1,N35,G41,Y1	sxn	alight, rest, dwell	0.0
𓋴𓈖𓏭𓅯	S29,J1,N35,Z4,G41	sxn	alight, rest, dwell	0.0
𓋴𓈖𓅯𓂻	S29,J1,N35,G41,D54	sxn	alight, rest, dwell	0.0
𓋴𓈖𓏌𓏲𓂘𓀁𓏪	S29,J1,N35,W24,Z7,D32,A2,Z3	sxnw	a class of incantation ?	0.0
𓋴𓏃𓈖𓏏𓂉	S29,W17,N35,X1,D19	sxnti	advance, promote	0.0
𓋴𓏃𓈖𓏏𓂉𓏛	S29,W17,N35,X1,D19,Y1	sxnti	advance, promote	0.0
𓋴𓏃𓈖𓏏𓊛	S29,W17,N35,X1,P1	sxnti	advance, promote	0.0
𓋴𓏃𓈖𓏏𓊛	S29,W17,N35,X1,P1	sxnti	take southward	0.0
𓋴𓂋𓀒	S29,J1,D21,A15	sxr	overthrow, throw down, force into place (dislocated bone)	0.0
𓋴𓀒	S29,A15	sxr	overthrow, throw down, force into place (dislocated bone)	0.0
𓋴𓀒	S29,J1,A15	sxr	overthrow, throw down, force into place (dislocated bone)	0.0
𓋴𓂋𓏲𓀒𓏌𓏥	S29,J1,D21,Z7,A15,W24,Z2	sxrw	overflowing bowls ?	0.0
𓋴𓂋𓏛	S29,J1,D21,Y1	sxr	plan, counsel, determination, governance, conduct, condition, fortune, affair, fashion, nature,custom	0.0
𓋴𓂋𓀁	S29,J1,D21,A2	sxr	plan, counsel, determination, governance, conduct, condition, fortune, affair, fashion, nature,custom	0.0
𓋴𓂋𓏏𓍼𓏤	S29,J1,D21,X1,V12,Z1	sxrt	roll (of papyrus)	0.0
𓋴𓂋𓇋𓇋𓏛𓀀	S29,J1,D21,M17,M17,Y1,A1	sxry	captain (of ship)	0.0
𓋴𓂋𓅱𓇋𓇋𓀀𓏪	S29,J1,D21,G43,M17,M17,A1,Z3	sxryw	those who govern	0.0
𓋴𓋴𓂻	S29,J1,S29,D54	sxs	run, hurry, flee	0.0
𓋴𓋴𓂻𓅓𓏤	S29,J1,S29,D54,G17,J18,Z1	sxs  m  sA	pursue, persecute	0.0
𓋴𓋴𓏲𓂻𓏥	S29,J1,S29,Z7,D54,Z2	sxsw	runners	0.0
𓋴𓍚𓀁	S29,U35,A2	sxsf	create opposition (against)	0.0
𓋴𓋴𓂻	S29,J1,S29,J1,D54	sxsx	run	0.0
𓋴𓏏𓌦	S29,J1,X1,T26	sxt	weave, mould (bricks)	0.0
𓋴𓏏𓍢	S29,J1,X1,V1	sxt	weave, mould (bricks)	0.0
𓋴𓏏𓌦𓂡	S29,J1,X1,T26,D40	sxt	trap, snare, close (net), acquire ? (wealth)	0.0
𓋴𓏏𓌦𓂻	S29,J1,X1,T26,D54	sxt	ambushing ?	0.0
𓋴𓏏𓏭𓂻	S29,J1,X1,Z4,D54	sxty	run	0.0
𓋴𓂧𓀡	S29,J1,D46,A29	sxd	be upside down, be disordered (of dress)	0.0
𓋴𓂧𓂧𓀡	S29,J1,D46,J1,D46,A29	sxdxd	be upside down, hang down (of breasts)	0.0
𓋴𓂧𓂧𓂡	S29,J1,D46,J1,D46,D40	sxdxd	be upside down	0.0
𓋴𓂧𓂧𓀡	S29,J1,D46,J1,D46,A29	sxdxd	hang up, suspend	0.0
𓋴𓆞𓄿𓎡𓋳𓀜	S29,K4,G1,V31,S28,A24	sXAk	strain, squeeze out	0.0
𓋴𓆞𓄿𓎡𓀜	S29,K4,G1,V31,A24	sXAk	strain, squeeze out	0.0
𓋴𓆞𓄿𓎡𓋳𓂡	S29,K4,G1,V31,S28,D40	sXAk	strain, squeeze out	0.0
𓋴𓄡𓈖𓎡𓍱𓀜	S29,F32,N35,V31,V6,A24	sXAk	strain, squeeze out	0.0
𓋴𓄡𓂝𓏏𓃹	S29,F32,D36,X1,E34	sXat	hare	0.0
𓋴𓄡𓃀𓀁	S29,F32,D58,A2	sXb	swallow	0.0
𓋴𓄡𓃀𓏲𓈗	S29,F32,D58,Z7,N35A	sXbw	draught (of medicine)	0.0
𓋴𓄡𓊪𓀁	S29,F32,Q3,A2	sXp	swallow	0.0
𓋴𓄡𓈖𓊊𓀜	S29,F32,N35,O37,A24	sXn	demolish	0.0
𓋴𓄡𓂋𓌕𓂝	S29,F32,D21,T11,D36	sXr	sweep, brush over, overlay (with), stroke	0.0
𓋴𓄡𓂋𓏤	S29,F32,D21,Z1	sXr	sweep, brush over, overlay (with), stroke	0.0
𓋴𓄡𓂋𓂡	S29,F32,D21,D40	sXr	sweep, brush over, overlay (with), stroke	0.0
𓋴𓄡𓂋𓏏𓏥	S29,F32,D21,X1,U32B,Z2	sXrt	milking	0.0
𓋴𓄡𓎡𓂋	S29,F32,V31,D21,J30	sXkr	decorate, adorn, burnish	0.0
𓋴𓏛	S29,J30,Y1	sXkr	decorate, adorn, burnish	0.0
𓋴𓄡𓎡	S29,F32,V31,J30	sXkr	decorate, adorn, burnish	0.0
𓋴𓄡𓎡𓂋𓏯𓏛	S29,F32,V31,D21,Z5,Y1	sXkr	decorate, adorn, burnish	0.0
𓋴𓋴	S29,S29,R40	ss	burn	0.0
𓋴𓋴𓊮	S29,S29,Q7	ss	ashes	0.0
𓋴𓋴𓂻	S29,S29,D54	ss	hurry	0.0
𓋴𓇋𓋴𓇋𓂻	S29,M17,S29,M17,D54	sysy	hurry	0.0
𓋴𓋴𓄿𓀁	S29,S29,J17,G1,A2	ssAi	satisfy, make wise	0.0
𓋴𓋴𓄿𓏲𓀁	S29,S29,J17,G1,Z7,A2	ssAw	provisions, sustenance	0.0
𓋴𓋴𓄿𓏊𓏐𓏳	S29,S29,J17,G1,W22,X2,Z8	ssAw	provisions, sustenance	0.0
𓋴𓋴𓅱𓀁	S29,S29,J17,G43,A2	ssAw	satisfaction	0.0
𓋴𓋴𓏏𓅱𓈔𓏥	S29,S29,X1,G43,N34,Z2	sswt	a metallic inlay ?	0.0
𓋴𓋴𓃹𓈖𓊮	S29,S29,E34,N35,Q7	sswn	destroy	0.0
𓋴𓋴𓃹𓈖𓌕𓅪	S29,S29,E34,N35,T11,G37	sswn	destroy	0.0
𓋴𓋴𓃹𓈖𓊮	S29,S29,E34,N35,Q7	sswn	destruction	0.0
𓋴𓋴𓇬𓈖𓌕𓅪	S29,S29,M42,N35,T11,G37	sswn	destroy, destruction	0.0
𓋴𓋴𓃀𓈎𓏛	S29,S29,D58,N29,Y1	ssbq	honour (someone)	0.0
𓋴𓋴𓃀𓏏𓄑𓀁	S29,S29,D58,X1,F18,A2	ssbt	make to laugh	0.0
𓋴𓋴𓊪𓂧𓇮𓏛	S29,S29,Q3,D46,M44,Y1	sspd	make ready, supply (with), prepare (food)	0.0
𓋴𓋴𓊪𓂧𓇮𓏛	S29,S29,Q3,D46,M44,Y1	sspd	enliven (the downcast), penetrate (into)	0.0
𓋴𓋴𓇮𓏛	S29,S29,M44,Y1	sspd	make ready, supply (with), prepare (food), enliven (the downcast), penetrate (into)	0.0
𓋴𓋴𓊪𓂧𓏛	S29,S29,Q3,D46,Y1	sspd	make ready, supply (with), prepare (food), enliven (the downcast), penetrate (into)	0.0
𓋴𓋴𓅓𓏏𓃗	S29,S29,G17,X1,E6	ssmt	horse, mare	0.0
𓋴𓋴𓅓𓏏𓄛	S29,S29,G17,X1,F27	ssmt	horse, mare	0.0
𓋴𓋴𓈖𓂉	S29,S29,N35,D19	ssn	breathe, smell	0.0
𓋴𓋴𓂉	S29,S29,D19	ssn	breathe, smell	0.0
𓋴𓋴𓈖𓃀𓏛	S29,S29,N35,D58,Y1	ssnb	preserve, heal	0.0
𓋴𓋴𓇛𓅓𓆭	S29,S29,M29,G17,M1	ssnDm	a costly wood	0.0
𓋴𓋴𓇛𓆭	S29,S29,M29,M1	ssnDm	a costly wood	0.0
𓋴𓋴𓂋𓂧𓇝	S29,S29,D21,D46,M31	ssrd	plant (garden)	0.0
𓋴𓋴𓎛𓂡	S29,S29,V28,D40	ssH	destroy (enemies), shatter (heads)	0.0
𓋴𓋴𓎛𓅪	S29,S29,V28,G37	ssH	destroy (enemies)	0.0
𓋴𓋴𓎛𓌪	S29,S29,V28,T30	ssH	shatter (heads)	0.0
𓋴𓋴𓌂𓅓	S29,S29,S42,G17	ssxm	strengthen	0.0
𓋴𓋴𓏏𓂾	S29,S29,X1,D56	sst	calf (of leg)	0.0
𓋴𓋴𓏏𓂉	S29,S29,X1,D19	sst	breathe, smell	0.0
𓋴𓈙𓏟𓏝	S29,N37,Y4,Y2	sS	write, inscribe, paint, draw, enrol (troops)	0.0
𓋴𓈙𓄿𓏏	S29,N37,G1,X1,G7C	sSAt	Seshat (goddess)	0.0
𓋴𓆷𓄿𓀁	S29,M8,G1,A2	sSA	beseech (from)	0.0
𓋴𓆷𓄿𓀃	S29,M8,G1,A4	sSA	pray (to)	0.0
𓋴𓈙𓏭𓏴𓏛𓏥	S29,N37,Z4,Z9,Y1,Z2	sSw	disk (of metal)	0.0
𓋴𓆄𓅱𓇳	S29,H6,G43,N5	sSw	dry (something)	0.0
𓋴𓆄𓅱𓅪	S29,H6,G43,G37	sSw	lose (by theft)	0.0
𓋴𓈙𓍯𓄿𓀃𓅪	S29,N37,V4,G1,A4,G37	sSwA	impoverish, deprive (of)	0.0
𓋴𓈙𓊪𓇶	S29,N37,Q3,N8	sSp	be white, be bright	0.0
𓋴𓈙𓊪𓇶	S29,N37,Q3,N8	sSp	make bright, lighten (darkness)	0.0
𓋴𓈙𓊪𓇳	S29,N37,Q3,N5	sSp	be white, be bright	0.0
𓋴𓈙𓊪𓇶	S29,N37,Q3,N8	sSp	light	0.0
𓋴𓌫𓅓𓂻	S29,T31,G17,D54	sSm	lead, guide, rule, govern, show (the way), conduct (war,work), instruct (people)	0.0
𓋴𓌬𓂻	S29,T32,D54	sSm	lead, guide	0.0
𓋴𓌫𓅓𓏛	S29,T31,G17,Y1	sSm	lead, guide	0.0
𓋴𓌫𓅓𓏛𓏥	S29,T31,G17,Y1,Z2	sSm	guidance, procedure, conduct, business	0.0
𓋴𓌫𓅓𓏛𓏥	S29,T31,G17,Y1,Z2	sSm	expenditure, state of affairs, state, condition, nature	0.0
𓋴𓌬𓂻	S29,T32,J15,D54	sSm	guidance	0.0
𓋴𓌬𓅓𓏛	S29,T32,G17,Y1	sSm	guidance	0.0
𓋴𓈙𓌬	S29,N37,T32	sSm	conduct	0.0
𓋴𓌬𓏛	S29,T32,Y1	sSm	business	0.0
𓋴𓌬𓏏𓏛	S29,T32,X1,Y1	sSmt	guidance	0.0
𓋴𓌬𓏏𓏛	S29,T32,X1,Y1	sSmt	guidance	0.0
𓋴𓌬𓅓𓏏𓏛	S29,T32,G17,X1,Y1	sSmt	leading (of procession), guidance, governance, control	0.0
𓋴𓌬𓅓𓏏𓏛	S29,T32,G17,X1,Y1	sSmt	working out (mathematical), proof (mathematical)	0.0
𓋴𓌬𓅓𓅱𓂻𓀀	S29,T32,G17,G43,D54,A1	sSmw	ruler, leader	0.0
𓋴𓈙𓌬𓅱	S29,N37,T32,G43	sSmw	ruler, leader	0.0
𓋴𓌬𓅓𓂻𓀀	S29,T32,G17,D54,A1	sSmw	ruler, leader	0.0
𓋴𓌫𓅓𓇋𓇋𓂻	S29,T31,G17,M17,M17,D54	sSmw	ruler, leader	0.0
𓋴𓌫𓅓𓇋𓇋𓀀	S29,T31,G17,M17,M17,A1	sSmw	ruler, leader	0.0
𓋴𓌬𓏏𓆗	S29,T32,X1,I12	sSmt	guiding serpent (of god)	0.0
𓋴𓌫𓅓𓅱𓀭	S29,T31,G17,G43,A40	sSmw	statue, portrait, image, couterpart	0.0
𓋴𓌬𓆗	S29,T32,I12	sSmw	statue, portrait, image, couterpart	0.0
𓋴𓌬𓅓𓏛	S29,T32,G17,Y1	sSmw	statue, portrait, image, couterpart	0.0
𓋴𓌬𓀹	S29,T32,J15,A48	sSmw	statue, portrait, image, couterpart	0.0
𓋴𓈙𓅓𓅓𓊮	S29,N37,G17,G17,Q7	sSmm	warm (someone), heat (something)	0.0
𓋴𓈙𓂋𓋳	S29,N37,D21,S28	sSrw	linen	0.0
𓋴𓈙𓂋𓅱𓋳𓋳𓋳	S29,N37,D21,G43,S28,S28,S28	sSrw	linen	0.0
𓋴𓍱𓂋𓌽𓏥	S29,V6,D21,U9,Z2	sSrw	corn	0.0
𓋴𓈙𓂋𓄹	S29,N37,D21,F51	sSrw	things, actions, course, manner (of action)	0.0
𓋴𓍱𓂋𓏛	S29,V6,D21,Y1	sSrw	things, actions, course, manner (of action)	0.0
𓋴𓍱𓂋𓀁	S29,V6,D21,A2	sSr	utter, express	0.0
𓋴𓈙𓂋𓇳	S29,N37,D21,N5	sSr	dry, dry up	0.0
𓋴𓈙𓂋𓇶	S29,N37,D21,N8	sSr	dry, dry up	0.0
𓋴𓊏𓊪𓇳	S29,O42,Q3,N5	sSsp	make brightness, lighten (darkness)	0.0
𓋴𓍱𓊃𓂋𓀁	S29,V6,O34,D21,A2	sSsr	discuss ?	0.0
𓋴𓈙𓏏𓍔𓄿𓏛	S29,N37,X1,U30,G1,Y1	SstA	make secret, mysterious, make inaccessible	0.0
𓋴𓈙𓏏𓍔𓄿𓏛	S29,N37,X1,U30,G1,Y1	SstA	secret	0.0
𓋴𓈙𓏏𓍔𓄿𓏛	S29,N37,X1,U30,G1,Y1	SstA	secret, confidential matter, (religious) mystery, problem	0.0
𓋴𓄞𓂧𓆊𓇼𓏤	S29,F30,D46,I3,N14,Z1	sSd	thunderbolt	0.0
𓋴𓄞𓂧𓆊	S29,F30,D46,I3	sSd	flash	0.0
𓋴𓄞𓂧𓍼	S29,F30,D46,V12	sSd	fillet, bandage, garlands, ribbons, tether	0.0
𓋴𓄞𓏛	S29,F30,Y1	sSd	put a fillet on (someone)	0.0
𓋴𓄞𓂧𓁻𓉐	S29,F30,D46,D6,O1	sSd	window	0.0
𓋴𓈙𓂧𓏏𓉐	S29,N37,D46,X1,O1	sSdt	shrine (of falcon)	0.0
𓋴𓈎𓄿𓀠	S29,N29,G1,A28	sqAi	make high (a building), set upright (a person), exalt (a god, king)	0.0
𓋴𓈎𓄿𓀠	S29,N29,G1,A28	sqAi	extol (beauty, victories), prolong (lifetime, kingship)	0.0
𓋴𓈎𓀠	S29,N29,A28	sqAi	make high (a building), set upright (a person), exalt (a god, king)	0.0
𓋴𓈎𓀠	S29,N29,A28	sqAi	extol (beauty, victories), prolong (lifetime, kingship)	0.0
𓋴𓈎𓄿𓀠𓏛	S29,N29,G1,A28,Y1	sqAi	make high (a building), set upright (a person), exalt (a god, king)	0.0
𓋴𓈎𓄿𓀠𓏛	S29,N29,G1,A28,Y1	sqAi	extol (beauty, victories), prolong (lifetime, kingship)	0.0
𓋴𓈎𓀠	S29,N29,A28,R31	sqA	base (for shrine)	0.0
𓋴𓈎𓄿𓎛𓂡	S29,N29,G1,V28,D40	sqAH	plaster	0.0
𓋴𓈎𓄿𓋴𓍢𓀜	S29,N29,G1,S29,V1,A24	sqAs	bind, fetter, check, string up (fowling - tackle)	0.0
𓋴𓈎𓂝𓂐	S29,N29,D36,D26	sqa	make vomit	0.0
𓋴𓈎𓃀𓆭	S29,N29,D58,M1	sqb	type of wood	0.0
𓋴𓈎𓃀𓄶𓏛	S29,N29,D58,F48,Y1	sqb	double (supplies)	0.0
𓋴𓈎𓃀𓃀𓏁𓈗	S29,N29,D58,D58,W15,N35A	sqbb	make cool, calm (disturbed land), refresh (oneself)	0.0
𓋴𓈎𓃀𓃀𓏁𓈗	S29,N29,D58,D58,W15,N35A	sqbb	refreshment	0.0
𓋴𓈎𓃀𓃀𓏲𓏭𓏁𓈗𓉐	S29,N29,D58,D58,Z7,Z4,W15,N35A,O1	sqbbwy	bathroom	0.0
𓋴𓏁𓉐𓉐	S29,W15,O1,O1	sqbbwy	bathroom	0.0
𓋴𓈎𓃀𓏂𓅱𓉐	S29,N29,D58,W16,G43,O1	sqbbwy	bathroom	0.0
𓋴𓈎𓃀𓎛𓏂	S29,N29,D58,V28,W16	sqbH	refresh	0.0
𓋴𓈎𓃀𓎛𓏂	S29,N29,D58,V28,W16	sqbH	give ease	0.0
𓋴𓈎𓃀𓎛𓏂	S29,N29,D58,V28,W16	sqbH	(to) live in easy circumstances	0.0
𓋴𓈎𓈖𓂧𓀜	S29,N29,N35,D46,A24	sqnd	enrage	0.0
𓋴𓌈	S29,J7,T2	sqr	strike, strike down, clap (hands), grasp (hand)	0.0
𓋴𓌈	S29,J7,T2	sqr	step out (of feet in dance), work  (metal), set up (stairway)	0.0
𓋴𓌈	S29,J7,T2	sqr	knead (dough), get rid of (something), offer, present	0.0
𓋴𓈎𓂋𓇋	S29,N29,D21,M17,J7	sqr	strike, strike down, clap (hands), grasp (hand)	0.0
𓋴𓈎𓂋𓇋	S29,N29,D21,M17,J7	sqr	step out (of feet in dance), work  (metal), set up (stairway)	0.0
𓋴𓈎𓂋𓇋	S29,N29,D21,M17,J7	sqr	knead (dough), get rid of (something), offer, present	0.0
𓋴𓈎𓂋𓌪𓂝	S29,N29,D21,T30,D36	sqr	strike, strike down, clap (hands), grasp (hand)	0.0
𓋴𓈎𓂋𓌪𓂝	S29,N29,D21,T30,D36	sqr	step out (of feet in dance), work  (metal), set up (stairway)	0.0
𓋴𓈎𓂋𓌪𓂝	S29,N29,D21,T30,D36	sqr	knead (dough), get rid of (something), offer, present	0.0
𓋴𓈎𓌈	S29,N29,J7,T2	sqr	strike, strike down, clap (hands), grasp (hand)	0.0
𓋴𓈎𓌈	S29,N29,J7,T2	sqr	step out (of feet in dance), work  (metal), set up (stairway)	0.0
𓋴𓈎𓌈	S29,N29,J7,T2	sqr	knead (dough), get rid of (something), offer, present	0.0
𓋴𓈎𓂋𓌈	S29,N29,D21,T2	sqr	strike, strike down, clap (hands), grasp (hand)	0.0
𓋴𓈎𓂋𓌈	S29,N29,D21,T2	sqr	step out (of feet in dance), work  (metal), set up (stairway)	0.0
𓋴𓈎𓂋𓌈	S29,N29,D21,T2	sqr	knead (dough), get rid of (something), offer, present	0.0
𓋴𓈎𓂋𓂡	S29,N29,D21,D40	sqr	strike, strike down, clap (hands), grasp (hand)	0.0
𓋴𓈎𓂋𓂡	S29,N29,D21,D40	sqr	step out (of feet in dance), work  (metal), set up (stairway)	0.0
𓋴𓈎𓂋𓂡	S29,N29,D21,D40	sqr	knead (dough), get rid of (something), offer, present	0.0
𓋴𓈎𓌈	S29,N29,T2	sqr	set up (stairway, ladder)	0.0
𓋴𓈎	S29,J7,N29	sqr	offer, present	0.0
𓋴𓌈	S29,T2,D235	sqr	work (metal)	0.0
𓋴𓈎𓂋𓌪	S29,N29,D21,T30	sqr	wound, injury	0.0
𓋴𓈎𓂋𓂡	S29,N29,D21,D40	sqr	wound, injury	0.0
𓋴𓈎𓂋𓋹𓀏	S29,N29,D21,J7,S34,A13	sqr  anx	captive, living prisoner	0.0
𓋴𓌈𓋹𓀏	S29,J7,T2,S34,A13	sqr  anx	captive, living prisoner	0.0
𓋴𓈎𓂋𓇋𓋹𓈖	S29,N29,D21,M17,A13E,S34,N35,J1	sqr  anx	captive, living prisoner	0.0
𓋴𓌟𓈖𓅪	S29,T19,N35,G37	sqsn	make miserable	0.0
𓋴𓂧𓏌𓊛	S29,J28,D46,W24,P1	sqdy	sail, voyage (of boat), sail, travel (of persons)	0.0
𓋴𓊛	S29,J28,P1	sqdy	sail, voyage (of boat)	0.0
𓋴𓂧𓂻	S29,J28,D46,D54	sqdy	sail, voyage (of boat)	0.0
𓋴𓂧𓏌𓂻	S29,J28,D46,W24,D54	sqdy	sail, voyage (of boat)	0.0
𓋴𓂧𓊛	S29,J28,D46,P1	sqdy	sail, travel (of persons)	0.0
𓋴𓂧𓏌𓀀𓊛	S29,J28,D46,W24,A1,P1	sqdy	sail, travel (of persons)	0.0
𓋴𓂧𓏌𓇋𓇋𓊛	S29,J28,D46,W24,M17,M17,P1	sqdy	sail, travel (of persons)	0.0
𓋴𓂧𓏌𓊛	S29,J28,D46,W24,P1	sqdy	convey (by boat), sail (on waters)	0.0
𓋴𓂧𓏌	S29,J28,D46,W24,D33B	sqdy	row	0.0
𓋴𓂧𓏌𓅱𓏏𓊝	S29,J28,D46,W24,G43,X1,P2	sqdwt	sailing	0.0
𓋴𓂧𓏏𓅱𓊛𓏥	S29,J28,D46,X1,G43,P1,Z2	sqdwt	sailing	0.0
𓋴𓂧𓏌𓅱𓏏𓂻	S29,J28,D46,W24,G43,X1,D54	sqdwt	sailing	0.0
𓋴𓂧𓀢𓀀	S29,J28,D46,A30,A1	sqd	sailor, traveller	0.0
𓋴𓂧𓀀	S29,J28,D46,A1	sqd	sailor, traveller	0.0
𓋴𓂧𓈒𓀀	S29,J28,D46,N33,A1	sqd	sailor, traveller	0.0
𓋴𓂧𓈒𓀨	S29,J28,D46,N33,A35	sqd	cause to build	0.0
𓋴𓂧𓈒𓅱𓀢𓀀𓏥	S29,J28,D46,N33,G43,A30,A1,Z2	sqdw	builders	0.0
𓋴𓂧𓏌𓏛	S29,J28,D46,W24,Y1	sqd	slope (of a pyramid)	0.0
𓋴𓅱𓏏𓀀	S29,J28,G43,X1,A1	sqdwt	company of troops	0.0
𓋴𓎡𓎝	S29,V31,V29	sk	wipe, wipe out, wipe away	0.0
𓋴𓎝𓎡𓂝	S29,V29,V31,D36	sk	wipe, wipe out, wipe away	0.0
𓋴𓎡𓎝𓄡𓏏𓏤	S29,V31,V29,F32,X1,Z1	sk  Xt	pour out one''s heart	0.0
𓋴𓎝𓎡𓅪	S29,V29,V31,G37	ski	perish	0.0
𓋴𓎝𓎡𓅪	S29,V29,V31,G37	ski	destroy	0.0
𓋴𓎝𓎡𓇋𓇋𓅪	S29,V29,V31,M17,M17,G37	ski	destroy	0.0
𓋴𓎝𓎡𓅪	S29,V29,V31,G37	ski	accusation	0.0
𓋴𓎝𓎡𓏲𓀜𓀀𓏥	S29,V29,V31,Z7,A24,A1,Z2	skw	troops, companies	0.0
𓋴𓎝𓎡𓅱𓂡𓏥	S29,V29,V31,G43,S156,D40,Z2	skw	troops, companies	0.0
𓋴𓎝𓎡𓅱𓂡𓏥	S29,V29,V31,G43,D40,Z2	skw	troops, companies	0.0
𓋴𓎝𓎡𓌉𓀀𓏥	S29,V29,V31,T3,A1,Z2	skw	troops, companies	0.0
𓋴𓎝𓎡𓅱𓂡𓏥	S29,V29,V31,G43,D40,Z2	skw	battle	0.0
𓋴𓇋𓇋𓂡𓏥	S29,V90,M17,M17,D40,Z2	skw	battle	0.0
𓋴𓎝𓎡𓆱	S29,V29,V31,M3	sk	fell (trees)	0.0
𓋴𓎝𓎡𓏛	S29,V29,V31,Y1	ski	pass (time)	0.0
𓋴𓂓𓄿𓍁𓂝	S29,D28,G1,U13,D36	skA	cultivate, plough	0.0
𓋴𓂓𓍁𓌻𓂡	S29,D28,U13,U7,D40	skA	cultivate, plough	0.0
𓋴𓂓𓄿𓍁𓃒	S29,D28,G1,U13,E1	skA	plough - ox	0.0
𓋴𓂓𓏏𓍁𓈇𓏥	S29,D28,X1,U13,N23,Z2	skAt	ploughland	0.0
𓋴𓂓𓍁𓈒𓏥	S29,D28,U13,N33,Z2	skA	crops	0.0
𓋴𓊶𓊪𓋳	S29,R5,Q3,S28	skAp	cover up	0.0
𓋴𓆎𓅓𓀜	S29,I6,G17,A24	skm	make complete, make up to	0.0
𓋴𓆎𓅓𓁸𓏥	S29,I6,G17,D3,Z2	skm	be / become grey - haired	0.0
𓋴𓆎𓅓𓁸𓏛	S29,I6,G17,D3,Y1	skm	be / become grey - haired	0.0
𓋴𓆎𓅓𓁸𓏥𓄓𓏤	S29,I6,G17,D3,Z2,F20,Z1	skm  ns	wise	0.0
𓋴𓎡𓈖𓆊	S29,V31,N35,I3	skn	be greedy, lust (after)	0.0
𓋴𓎝𓎡𓋴𓎝𓎡𓂡	S29,V29,V31,S29,V29,V31,D40	sksk	destroy	0.0
𓋴𓎝𓎡𓊗𓏭𓂡	S29,V29,V31,O50,Z4,D40	sksk	destroy	0.0
𓋴𓎝𓎡𓋴𓎝𓎡𓅪	S29,V29,V31,S29,V29,V31,G37	sksk	destroy	0.0
𓋴𓎝𓎡𓏏𓏏𓊛	S29,V29,V31,X1,X1,P1	sktt	night - barque (of sun)	0.0
𓋴𓎝𓎡𓏏𓏏𓊛	S29,V29,V31,X1,X1,P1	sktt	type of boat	0.0
𓋴𓎡𓏏𓅱𓊛	S29,V31,X1,G43,P1	sktw	type of boat	0.0
𓋴𓎝𓎡𓏏𓅱𓊛	S29,V29,V31,X1,G43,P1	sktw	type of boat	0.0
𓋴𓅠𓅓𓂡	S29,G28,G17,D40	swgm	pulverize	0.0
𓋴𓎼𓈖𓈖𓀉	S29,W11,N35,N35,A7	sgnn	soften, weaken, anoint	0.0
𓋴𓎼𓈖𓈖𓀉𓅪	S29,W11,N35,N35,A7,G37	sgnn	soften, weaken, anoint	0.0
𓋴𓎼𓈖𓈖𓏋𓏥	S29,W11,N35,N35,W23,Z2	sgnn	tallow, ointment	0.0
𓋴𓎼𓂋𓏛	S29,W11,D21,Y1	sgr	silence	0.0
𓋴𓎼𓂋𓇋𓀁	S29,W11,D21,M17,A2	sgr	silence	0.0
𓋴𓎼𓂋𓎛𓂢𓏛	S29,W11,D21,V28,D41,Y1	sgrH	make peaceful, pacify, satisfy	0.0
𓋴𓎼𓂋𓎛𓏛	S29,W11,D21,V28,Y1	sgrH	make peaceful, pacify	0.0
𓋴𓎼𓂋𓎛𓀁	S29,W11,D21,V28,A2	sgrH	satisfy	0.0
𓋴𓎼𓂋𓎼𓍅	S29,W11,D21,W11,U17	sgrg	institute (offerings)	0.0
𓋴𓎼𓂋𓍅𓆱𓏥	S29,W11,D21,U17,M3,Z2	sgrgw	yard arms  (of ship) ?	0.0
𓋴𓄝𓏏𓀜	S29,F29,X1,A24	sti	shoot, throw, thrust, spear, kindle (light), inspect (work), glitter (of sky)	0.0
𓋴𓄝𓏏𓌕𓂡	S29,F29,X1,T11,D40	sti	shoot, throw, thrust, spear, kindle (light), inspect (work), glitter (of sky)	0.0
𓋴𓄝𓏏𓊮	S29,F29,X1,Q7	sti	set  (fire to)	0.0
𓋴𓏏𓏏	S29,X1,X1,W56	sti	pour (water)	0.0
𓋴𓏏𓄝𓇋𓇋𓁹	S29,X1,F29,M17,M17,D4	sty	stare, stare at	0.0
𓋴𓏏𓄝𓅱𓏏𓇶	S29,X1,F29,G43,X1,N8	stwt	rays (of sun)	0.0
𓋴𓏏𓅱𓏏𓇶	S29,X1,G43,X1,N8	stwt	rays (of sun)	0.0
𓋴𓏏𓏏𓏥	S29,X1,X1,J2,Z2	stt	shooting pains	0.0
𓋴𓍿𓄝	S29,V13,F29	sti	impregnate (female), beget, ejaculate	0.0
𓋴𓏏𓄝𓂺	S29,X1,F29,D53	sti	impregnate (female), beget, ejaculate	0.0
𓋴𓏏𓏭𓂋𓏤𓀁	S29,X1,Z4,J2,D21,Z1,A2	sty  r	mid - day meal	0.0
𓋴𓍿𓎤𓎟	S29,V13,V33,O22C,V30,W10B	sty  Hb	a sacred oil	0.0
𓋴𓄝𓅂𓌙𓀀𓏥	S29,F29,G4,T14,A1,Z2	styw	Asiatics	0.0
𓋴𓄝𓏏𓏏𓁐	S29,F29,X1,X1,B1	stt	Satis (goddess)	0.0
𓋴𓍿𓇋𓋫𓏏	S29,V13,M17,S22,X1	stt	Satis (goddess)	0.0
𓋴𓏏𓍔𓊮	S29,X1,U30,Q7	stA	heat, kindle (taper)	0.0
𓋴𓏏𓍔𓏏𓊮	S29,X1,U30,X1,Q7	stAt	censer, lamp	0.0
𓋴𓏏𓍯𓄿	S29,X1,V4,G1	stwA	hold up	0.0
𓋴𓏏𓅨𓂋	S29,X1,G36,D21	stwr	keep clean	0.0
𓋴𓏏𓅱𓏏𓂻	S29,X1,G43,X1,D54	swtwt	walk about	0.0
𓋴𓏏𓅱𓏏𓀾𓏛	S29,X1,G43,X1,A53,Y1	stwt	resemble, smooth over, make over, praise (craftsmanship)	0.0
𓋴𓏏𓅱𓏏𓏛	S29,X1,G43,X1,Y1	stwt	resemble	0.0
𓋴𓏏𓃀𓈖𓂻	S29,X1,D58,N35,D54	stbn	hasten	0.0
𓋴𓏏𓊪𓍉𓏛	S29,X1,Q3,U21,Y1	stp	cut up (animal), cut off (limbs), pick out, choose	0.0
𓋴𓍿𓊪𓍉𓏛	S29,V13,Q3,U21,Y1	stp	cut up (animal)	0.0
𓋴𓏏𓊪𓅱𓍉𓏛𓏥	S29,X1,Q3,G43,U21,Y1,Z2	stpw	the choicest, pick	0.0
𓋴𓏏𓊪𓏏𓍉𓏥	S29,X1,Q3,X1,U21,Z2	stpt	choice things (of food)	0.0
𓋴𓍿𓊪𓏏𓍉𓄗𓄯𓏥	S29,V13,Q3,X1,U21,F23,F44,Z2	stpt	choice things (of food)	0.0
𓋴𓏏𓊪𓍉𓎂	S29,X1,Q3,U21,V16	stp  sA	protect, do escort duty	0.0
𓋴𓍿𓊪𓍉𓎂	S29,V13,Q3,U21,V16	stp  sA	protect, do escort duty	0.0
𓋴𓍿𓊪𓍉𓉐𓎂	S29,V13,Q3,U21,O1,V16	stp  sA	palace	0.0
𓋴𓏏𓊪𓍉𓀁	S29,X1,Q3,U21,A2	stp	choke ?	0.0
𓋴𓏏𓆑𓂐𓏥	S29,X1,I9,D26,Z2	stf	liquid ?,  to foam up	0.0
𓋴𓏏𓆑𓅱𓈗	S29,X1,I9,G43,N35A	stfw	sheet (copper)	0.0
𓋴𓏏𓈖𓌰𓅓𓂻	S29,X1,N35,T34,G17,D54	stnm	lead astray, confuse	0.0
𓋴𓏏𓈖𓌰𓅓𓂻	S29,X1,N35,T34,G17,D54	stnm	confusion	0.0
𓋴𓍿𓈖𓌰𓅓𓂽	S29,V13,N35,T34,G17,D55	stnm	lead astray, confusion	0.0
𓋴𓏏𓉔𓂾𓂻	S29,X1,O4,D56,D54	sthi	ramble about	0.0
𓋴𓍘𓎛𓈖𓋣	S29,U33,V28,N35,S15	stHn	make dazzling, radiant	0.0
𓋴	S29,S15A	stHn	make dazzling, radiant	0.0
𓋴𓈖	S29,S15A,N35	stHn	make dazzling, radiant	0.0
𓋴𓋥𓈖	S29,S17,N35	stHn	make dazzling, radiant	0.0
𓋴𓏏𓈙	S29,X1,N37	stX	Seth (god)	0.0
𓋴𓏏𓎡𓈖𓂻	S29,X1,V31,N35,D54	stkn	cause to approach, induct (into), cut short, bring on (doom), execute (judgements)	0.0
𓋴𓍿	S29,V13,D117	sTi	strew, scatter	0.0
𓋴𓏏	S29,X1,A409	sTi	strew, scatter	0.0
𓋴𓍿𓅱	S29,V13,F29A,G43	sTw	sower	0.0
𓋴𓍿𓏏𓏊	S29,V13,X1,W22	sTt	jar (for beer)	0.0
𓋴𓍿	S29,V13,J3	sTy	odour, smell	0.0
𓋴𓏏	S29,X1,J2	sTy	odour, smell	0.0
𓋴𓍿𓎤	S29,V13,V33	sTy	odour, smell	0.0
𓋴𓅷𓄿𓏊	S29,G47,G1,W22	sTA	measure of capacity	0.0
𓋴𓍿𓍬	S29,V13,V2	sTA	weave, spin (yarn)	0.0
𓋴𓏏𓍬𓂝	S29,X1,V2,D36	sTA	weave, spin (yarn)	0.0
𓋴𓍬𓍿𓄿𓂻	S29,V2,V13,G1,D54	sTA	(of things)  drag, pull, pull out, reduce (swelling), draw off (pus)	0.0
𓋴𓍬𓍿𓄿𓂻	S29,V2,V13,G1,D54	sTA	(of people)  drag, drag away, admit, usherin, bring	0.0
𓋴𓍬𓍿𓄿𓂻	S29,V2,V13,G1,D54	sTA	flow	0.0
𓋴𓍿𓍬𓊃	S29,V13,V2,O34	sTA	see under other entries for sTA	0.0
𓋴𓏏𓍔𓄿𓍬𓂻𓋴𓂻	S29,X1,U30,G1,V2,D54,S29,D54	sTA	see under other entries for sTA	0.0
𓋴𓏏𓍔𓄿𓋴𓍬𓂻	S29,X1,U30,G1,S29,V2,D54	sTA	see under other entries for sTA	0.0
𓋴𓍿𓍬𓄿𓊃	S29,V13,V2,G1,O34	sTA	see under other entries for sTA	0.0
𓋴𓍿𓄿𓍢𓊃	S29,V13,G1,V1,O34	sTA	see under other entries for sTA	0.0
𓋴𓏏𓄝𓄿𓍬𓂻	S29,X1,F29,G1,V2,D54	sTA	see under other entries for sTA	0.0
𓋴𓄿𓏏𓍬𓂻	S29,J18,G1,X1,V2,D54	sTA	see under other entries for sTA	0.0
𓋴𓏏𓍬𓂻	S29,X1,V2,D54	sTA	see under other entries for sTA	0.0
𓋴𓍬𓂻	S29,V2,D54	sTA	see under other entries for sTA	0.0
𓋴𓏏𓍔𓄿𓅱𓍬	S29,X1,U30,G1,G43,V2	stAw	dragging	0.0
𓋴𓏏𓍔𓄿𓏲𓍬𓂻𓏥	S29,X1,U30,G1,Z7,V2,D54,J2,Z2	stAw	injury	0.0
𓋴𓍬𓄿𓏲	S29,V2,G1,Z7	stAw	injury	0.0
𓋴𓅷𓄿𓅓𓋳	S29,G47,G1,G17,S28	sTAm	bind up (injury)	0.0
𓋴𓍿𓇋𓋫𓏏	S29,V13,M17,S22,X1	sTit	Satis	0.0
𓋴𓍿𓏏𓄝𓏏𓀲	S29,V13,X1,F29,X1,A43	sTit	Satis	0.0
𓋴𓄝𓏏𓏏𓁐	S29,F29,X1,X1,B1	sTit	Satis	0.0
𓋴𓍿𓊪𓂻	S29,V13,Q3,D54	sTp	leap up	0.0
𓋴𓍿𓊪𓍉𓏛	S29,V13,Q3,U21,Y1	sTp	leap up	0.0
𓋴𓍿𓊪𓂻	S29,V13,Q3,D54	sTp	overleap	0.0
𓋴𓍿𓊪𓍉𓈓	S29,V13,Q3,U21,J3,N33A	sTp	discharge (of the eyes)	0.0
𓋴𓍿𓈖𓅯	S29,V13,N35,G41	sTny	distinguish, honour, make distinctions, differentiate	0.0
𓋴𓏏𓈖𓏛	S29,X1,N35,Y1	sTny	distinguish, honour, make distinctions, differentiate	0.0
𓋴𓍿𓈖𓏭𓌙	S29,V13,N35,Z4,T14,Y1V	sTny	distinguish, honour, make distinctions	0.0
𓋴𓍿𓊃𓍞	S29,V13,O34,U39	sTsi	raise, lift up, remove (lassitude), display (beauty)	0.0
𓋴𓍿𓊃𓍞𓂡	S29,V13,O34,U39,D40	sTsi	raise, lift up, remove (lassitude), display (beauty)	0.0
𓋴𓍿𓊃𓂡	S29,V13,O34,D40	sTsi	raise, lift up, remove (lassitude), display (beauty)	0.0
𓋴𓍿𓊃𓇋𓇋	S29,V13,O34,M17,M17,A98	sTsy	be stretched out, prostrate	0.0
𓋴𓍿𓊃𓏭	S29,V13,O34,Z4,A98	sTsy	be stretched out, prostrate	0.0
𓋴𓍿𓄿𓋴𓏲	S29,V13,G1,S29,Z7,A97	sTsy	be stretched out, prostrate	0.0
𓋴𓍿𓊃𓏲𓂡	S29,V13,O34,Z7,A97,D40	sTsy	be stretched out, prostrate	0.0
𓋴𓍿𓏏𓋫𓊮	S29,V13,X1,S22,Q7	sTt	kindle (light)	0.0
𓋴𓍿𓏏𓋫𓂡	S29,V13,X1,S22,D40	sTt	kindle (light)	0.0
𓋴𓂧𓄢	S29,D46,F33	sd	tail	0.0
𓋴𓂧𓈅𓋳	S29,D46,N21,S28	sd	clothe	0.0
𓋴𓂧𓈄𓍱𓀜	S29,D46,N20,V6,A24	sd	clothe	0.0
𓋴𓆓𓈅𓋳	S29,I10,N21,S28	sd	clothe	0.0
𓋴𓂧𓄿𓅥𓏤	S29,D46,G1,G33,Z1	sdA	egret	0.0
𓋴𓂧𓄿𓅥	S29,D46,G1,G33	sdA	tremble	0.0
𓋴𓂧𓅥	S29,D46,G33	sdA	tremble	0.0
𓋴𓂧𓄿𓅥𓅪	S29,D46,G1,G33,G37	sdA	tremble	0.0
𓋴𓂧𓄿𓅥	S29,D46,G1,G33	sdA	make tremble, shake off (symptom)	0.0
𓋴𓂧𓄿𓅱	S29,D46,G1,G43,G68	sdAw	trembling	0.0
𓋴𓂧𓅱	S29,D46,G43,J1,J2	sdwx	embalm	0.0
𓋴𓂧𓅱𓂡	S29,D46,J1,G43,D40	sdwx	embalm	0.0
𓋴𓂧𓃀𓋳	S29,D46,D58,S28	sdb	fringe (of cloth), a garment	0.0
𓋴𓂧𓃀𓀁	S29,D46,D58,A2	sdb	chew	0.0
𓋴𓂧𓅓𓏝	S29,D46,G17,Y2	sdm	paint (the eyes, body)	0.0
𓋴𓂧𓅓𓂂𓏥	S29,D46,G17,D12,Z2	sdm	eyepaint	0.0
𓋴𓂧𓏇	S29,D46,W19	sdmi	attach (to)	0.0
𓋴𓂧𓏇𓇋	S29,D46,W19,M17	sdmi	attach (to)	0.0
𓋴𓂧𓈖𓇋𓏯𓊌𓂡	S29,D46,N35,M17,Z5,O39,D40	sdmi	punish	0.0
𓋴𓂧𓀃	S29,D46,J1,A4	sdx	conceal (from)	0.0
𓋴𓂧𓀓	S29,D46,J1,A16	sdx	conceal (from)	0.0
𓋴𓂧𓋪	S29,D46,J1,S21	sdx	well ?	0.0
𓋴𓂧𓈙𓂋𓅪	S29,D46,N37,D21,G37	sdSr	redden	0.0
𓋴𓂧𓈙𓂋𓅱𓅪𓏥	S29,D46,N37,D21,G43,G37,Z2	sdSrw	reddening	0.0
𓋴𓂧𓎼𓀃𓂻	S29,D46,W11,A4,D54	sdgi	conceal (from)	0.0
𓋴𓂧𓎼𓄿𓀃𓂻	S29,D46,W11,G1,A4,D54	sdgi	conceal (from)	0.0
𓋴𓂧𓎼𓀃𓂻𓏥	S29,D46,W11,A4,D54,Z2	sdgw	hidden things	0.0
𓋴𓂧𓎼𓏛	S29,D46,W11,Y1	sdg	hidden place	0.0
𓋴𓂧𓈅𓅂𓀂𓏪	S29,D46,N21,G4,A3,Z3	sdtyw	weaklings	0.0
𓋴𓆓𓏴	S29,I10,Z9	sD	break, break into, invade, breach (wall), break open (way)	0.0
𓋴𓆓𓏴	S29,I10,Z9	sD	break up (hailstorm), rupture (cist), inflict (wound), fracture, rupture	0.0
𓋴𓂧𓄑𓏴𓂡	S29,D46,F18,Z9,D40	sD	break, break into, invade, breach (wall), break open (way)	0.0
𓋴𓂧𓄑𓏴𓂡	S29,D46,F18,Z9,D40	sD	break up (hailstorm), rupture (cist), inflict (wound), fracture, rupture	0.0
𓋴𓆓	S29,I10,W31	sD	break, break into, invade, breach (wall), break open (way)	0.0
𓋴𓆓	S29,I10,W31	sD	break up (hailstorm), rupture (cist), inflict (wound)	0.0
𓋴𓆓	S29,I10,W31	sD	fracture, rupture	0.0
𓋴𓆓𓏏𓊮	S29,I10,X1,Q7	sDt	fire, flame	0.0
𓋴𓍑𓀁	S29,U28,A2	sDA	adviser ?	0.0
𓋴𓍑𓄿𓂻	S29,U28,G1,D54	sDA	travel, depart (in sense of die)	0.0
𓋴𓍑𓏭𓏴	S29,U28,Z4,Z9	sDAy	take recreation	0.0
𓋴𓍑𓄿𓏭𓏛𓁷𓏤	S29,U28,G1,Z4,Y1,D2,Z1	sDAy  Hr	amuse oneself, take recreation	0.0
𓋴𓏴𓍑𓁷𓏤	S29,Z9,U28,D2,Z1	sDAy  Hr	amuse oneself, take recreation	0.0
𓋴𓍑𓏛𓁷𓏤	S29,U28,Y1,D2,Z1	sDAy  Hr	amuse oneself, take recreation	0.0
𓋴𓍑𓄿𓇋𓇋𓏏𓋩	S29,U28,G1,M17,M17,X1,S20	sDAyt	seal	0.0
𓋴𓍑𓏏𓅱𓋩	S29,U28,X1,G43,S20	sDAyt	seal	0.0
𓋴𓍑𓄿𓅓𓂺	S29,U28,G1,G17,D53	sDAm	lie (with woman)	0.0
𓋴𓍑𓅐𓏏𓌸	S29,U28,G14,X1,U6	sDAmt	pick	0.0
𓋴𓍑𓄿𓎛𓄹	S29,U28,G1,V28,F51	sDH	shank	0.0
𓋴𓈋𓏭𓅱𓅪	S29,N26,Z4,G43,G37	sDwy	slander	0.0
𓋴𓆓𓃀𓏝	S29,I10,D58,O30U,Y2	sDb	impediment, obstacle, (verbal) opposition, guilt, ill-will	0.0
𓋴𓂧𓃀	S29,D46,D58,O30U	sDb	impediment, obstacle, (verbal) opposition, guilt, ill-will	0.0
𓋴𓂧𓃀𓅪𓏥	S29,D46,D58,O30U,G37,Z2	sDb	impediment, obstacle, (verbal) opposition, guilt, ill-will	0.0
𓋴𓆓𓃀	S29,I10,D58	sDb	restore (to life)	0.0
𓋴𓂧𓃀	S29,D46,D58,O30U	sDb	restore (something to it''s owner)	0.0
𓋴𓂧𓃀𓏴	S29,D46,D58,O30U,Z9	sdb	penetrate (of injury)	0.0
𓋴𓆓𓆑𓏛	S29,I10,I9,Y1	sDfAy	foundation, endowment	0.0
𓋴𓆓𓆑𓅰	S29,I10,I9,G42	sDfAy	foundation, endowment	0.0
𓋴𓆓𓆑𓏴𓂡	S29,I10,I9,Z9,D40	sDfAy	foundation, endowment	0.0
𓋴𓆓𓆑𓄿𓏳	S29,I10,I9,G1,Z8	sDfAy	foundation, endowment	0.0
𓋴𓆓𓆑𓅭𓏳𓏥	S29,I10,I9,G39,Z8,Z2	sDfAy	foundation, endowment	0.0
𓋴𓆓𓆑𓅭𓏳𓏥	S29,I10,I9,G39,Z8,Z2	sDfAy	endow (altars), provide (for someone)	0.0
𓋴𓆓𓆑𓄿𓇋𓇋𓅯𓏛𓏥	S29,I10,I9,G1,M17,M17,G41,Y1,Z2	sDfAy	endow (altars), provide (for someone)	0.0
𓋴𓆓𓆑𓄿𓇋𓇋𓅯𓏛𓏥	S29,I10,I9,G1,M17,M17,G41,Y1,Z2	sDfAy	foundation, endowment	0.0
𓋴𓆓𓆑𓄿𓏳	S29,I10,I9,G1,Z8	sDfAy	endow (altars), provide (for someone)	0.0
𓋴𓆓𓆑𓏛	S29,I10,I9,Y1	sDfAy	endow (altars), provide (for someone)	0.0
𓋴𓆓𓆑𓅰	S29,I10,I9,G42	sDfAy	endow (altars), provide (for someone)	0.0
𓋴𓆓𓆑𓏴𓂡	S29,I10,I9,Z9,D40	sDfAy	endow (altars), provide (for someone)	0.0
𓋴𓆓𓆑𓄿𓅰𓀁𓏏𓂋𓇋𓇋𓏏𓆵𓀢𓅪𓏥	S29,I10,I9,G1,G42,A2,X1,D21,M17,M17,X1,M6,A30,G37,Z2	sDfA  tryt	oath of allegiance	0.0
𓋴𓆓𓆑𓀁𓏏𓂋𓇋𓇋𓏏𓆵	S29,I10,I9,A2,X1,D21,M17,M17,X1,M6	sDfA  tryt	oath of allegiance	0.0
𓋴𓅓𓄔	S29,G17,F21	sDm	hear (voice etc), hear of (something), listen (to), obey, understand, judge, satisfy (conditions)	0.0
𓋴𓆓𓈖	S29,I10,N35,A406	sDn	carry (child)	0.0
𓋴𓆓𓈖𓈖𓍖	S29,I10,N35,N35,U32	sDn	carry (child)	0.0
𓋴𓇥𓂋	S29,M36,D21,A95	sDr	spend the night, sleep, lie down, go to rest, be inert, inactive, do in the night	0.0
𓋴𓇥𓂋𓏏𓁀𓏋𓏥	S29,M36,D21,X1,A55,W23,Z2	sDrt	sleeping - draught	0.0
𓋴𓇥𓂋𓏏𓁀𓎱	S29,M36,D21,X1,A55,W3	sDrt	(festival of) Laying (Osiris) to Rest	0.0
𓋴𓇥𓂋𓇋𓇋𓏏𓏥	S29,M36,D21,M17,M17,X1,A95,Z2	sDryt	slaughter	0.0
𓋴𓇥𓂋𓇋𓇋𓏏𓏥	S29,M36,D21,M17,M17,X1,E22A,A15A,Z2	sDryt	slaughter	0.0
𓋴𓆓𓎛𓂾	S29,I10,V28,D56	sDH	shank, shin	0.0
𓋴𓆓𓎛𓄹	S29,I10,V28,F51	sDH	shank, shin	0.0
𓋴𓍑𓄿𓎛𓄹	S29,U28,G1,V28,F51	sDH	shank, shin	0.0
𓋴𓆓𓎛𓅭	S29,I10,V28,G39	sDH	ringed plover	0.0
𓋴𓂦𓂋𓏛	S29,D45,D21,Y1	sDsr	consecrate, hallow, sanctify, clear (way)	0.0
𓋴𓂦𓏛	S29,D45,Y1	sDsr	consecrate, hallow, sanctify, clear (way)	0.0
𓋴𓆓𓂧𓏏𓀁	S29,I10,D46,X1,A2	sDdt	description, tale	0.0
𓋴𓆓𓂧𓅱𓀁𓏪	S29,I10,D46,G43,A2,Z3	sDdw	tales	0.0
𓋴𓊽𓊽	S29,R11,R11	sDD	make permanent	0.0
𓋴𓆓𓂧𓄿	S29,I10,D46,G1	sDdA	fatten	0.0
𓋴𓍋𓃀𓆄𓏏𓏤𓆃𓏥	S29,U23,D58,H6,X1,Z1,H5,Z2	sAb  Swt	variegated of plumage	0.0
𓋴𓈙𓄃𓏏𓇼	S29,N37,F5,X1,N14	SsAt	nightfall, night sky	0.0
𓋴𓈙𓊪𓊏	S29,N37,Q3,O42	Ssp	take, accept, receive, assume (crown), catch (fish), purchase, wear (clothes)	0.0
𓋴𓃀𓇼𓏤𓂧𓍯𓅱𓇼	S29,D58,N14,Z1,D46,V4,G43,N14	sbA  dwAw	morning star	0.0
𓋵𓇳	S30,N5	sf	yesterday	0.0
𓋷𓏤	S32,Z1	siAt	fringed cloth	0.0
𓋷𓄿𓀁	S32,G1,A2	siA	recognize, perceive, know, be aware of,	0.0
𓋷𓄿𓀁𓀭	S32,G1,A2,A40	siA	perception, knowledge	0.0
𓋷𓄿𓀁	S32,G1,A2	siA	perception, knowledge	0.0
𓋷𓄿𓈒𓏥	S32,G1,N33,Z2	siA	orpiment ?	0.0
𓋸𓏏𓏤	S33,X1,Z1	Tbwt	sandal, sole	0.0
𓋸𓏲𓀀	S33,Z7,A1	Tbw	sandal maker	0.0
𓋹𓈖𓆣	S34,N35,J1,L1	anx	beetle	0.0
𓋹𓈖	S34,N35,J1	anx	live, life	0.0
𓋹𓈖𓀀	S34,N35,J1,A1	anx	person	0.0
𓋹𓈖𓅱𓏭	S34,N35,J1,G43,Z4	anxw	the living	0.0
𓋹𓏪	S34,Z3	anxw	the living	0.0
𓋹𓋹𓋹	S34,S34,S34	anxw	the living	0.0
𓋹𓅱𓏥	S34,G43,Z2	anxw	the living	0.0
𓋹	S34,A223	anx	captive	0.0
𓋹𓂡	S34,A223,D40	anx	captive	0.0
𓋹𓈖𓇾𓇾𓈇𓈇	S34,N35,J1,N16,N16,N23,N23	anx  tAwy	Memphis	0.0
𓋹𓈖𓀁	S34,N35,J1,A2	anx	swear, oath	0.0
𓋹𓏤𓍼	S34,Z1,V12	anx	garland	0.0
𓋹𓆰	S34,M2	anx	garland	0.0
𓋹𓏤𓆰	S34,Z1,M2	anx	garland	0.0
𓋹𓍼𓏤𓏳	S34,V12,Z1,Z8	anx	garland	0.0
𓋹𓈖𓊌𓏥	S34,N35,J1,O39,Z2	anxw	blocks (of alabaster)	0.0
𓋹𓋹𓄔𓄔	S34,S34,F21,F21	anxwy	ears	0.0
𓋹𓏤𓈔	S34,Z1,N34	anx	mirror	0.0
𓋹𓈖𓏏𓂀	S34,N35,J1,X1,D10	anxt	eye (of deity)	0.0
𓋹𓂀	S34,D10	anxt	eye (of deity)	0.0
𓋹𓈖𓏏𓌽𓏥	S34,N35,J1,X1,U9,Z2	anxt	corn	0.0
𓋹𓈖𓏏𓏳𓏥	S34,N35,J1,X1,Z8,Z2	anxt	corn	0.0
𓋹𓈖𓏏𓏏𓌽	S34,N35,J1,X1,X1,U9	anxt	corn	0.0
𓋹𓈖𓏏𓃶	S34,N35,J1,X1,E31	anxt	goat	0.0
𓋹𓈖𓈖𓀎𓀀𓏥	S34,N35,J1,N35,A12,A1,Z2	anx  n  mSa	private soldier	0.0
𓋺	S35	sryt	standard	0.0
𓋺𓏏𓏤	S35,X1,Z1	Swyt	shadow, shade	0.0
𓋼𓏏𓏤	S36,X1,Z1	Swyt	shade (as part of man''s personality), spirit (of god)	0.0
𓋼𓏏𓏤𓂋𓂝𓇳𓏤	S36,X1,Z1,D21,D36,N5,Z1	Swt  ra	Sunshade (a type of small Temple)	0.0
𓋼𓏏𓏤𓇳𓏤	S36,X1,Z1,N5,Z1	Swt  ra	Sunshade, type of small temple	0.0
𓋾𓅱𓏏𓃙	S38,G43,X1,E8	awt	small cattle, goats, herds	0.0
𓋾𓅱𓏏𓂸𓏥	S38,G43,X1,D52,Z2	awt	herds (en general)	0.0
𓋾	S38,Y8A	HqA  bAt	guardian of hathor ? (a title)	0.0
𓋾𓈎𓏏𓆗	S38,N29,X1,I12	Hqt	Heqat (frog goddess)	0.0
𓋾𓏏𓏤	S38,X1,Z1	HqAt	sceptre	0.0
𓋾𓈎𓄿𓀀	S38,N29,G1,A1	HqA	Ruler	0.0
𓋾𓈎𓄿𓅆	S38,N29,G1,G7	HqA	ruler	0.0
𓋾𓈎𓄿𓀭	S38,N29,G1,A40	HqA	ruler	0.0
𓋾𓈎𓄿𓀵	S38,N29,G1,A45	HqA	ruler	0.0
𓋾𓉗𓏏𓊖	S38,O6,X1,O49	HqA  Hwt	district governor	0.0
𓋾𓈎𓄿𓏛	S38,N29,G1,Y1	HqA	rule over, govern	0.0
𓋾𓈎𓏏𓆗	S38,N29,X1,I12	Hqt	Heqat (frog goddess)	0.0
𓋾𓈎𓏏𓌽	S38,N29,X1,U9	HqAt	corn-measure (of 4.54 litres)	0.0
𓋾𓅱𓏏𓃙𓏥𓈉𓏏𓏤	S38,G43,X1,E8,Z2,N25,X1,Z1	awt   xAst	desert game	0.0
𓋕𓋴	S4,S29	mHw .s	Crown of Lower Egypt	0.0
𓌀𓏤	S40,Z1	wAs	sceptre	0.0
𓌀𓏤𓆱	S40,Z1,M3	wAs	sceptre	0.0
𓌀𓏏𓈈	S40,X1,N24	wAst	Thebes	0.0
𓌀𓏏𓏭𓊖	S40,X1,Z4,O49	wAsty	the Theban	0.0
𓌀𓏏𓏭𓋴	S40,X1,Z4,S29	wAsty	the Theban	0.0
𓌀𓅪	S40,G37	wAsi	be ruined, decayed	0.0
𓌀𓅓𓅪	S40,G17,G37	wAsi	ruin	0.0
𓌁𓅓𓏲𓋞	S41,G17,Z7,S12	Damw	fine gold, electrum	0.0
𓌁𓋞𓈒𓏥	S41,S12,N33,Z2	Damw	fine gold, electrum	0.0
𓌁𓅓𓋞𓈒𓏥	S41,G17,S12,N33,Z2	Damw	fine gold, electrum	0.0
𓌁𓅓𓅱𓋞𓈒𓏥	S41,G17,G43,S12,N33,Z2	Damw	fine gold, electrum	0.0
𓌁𓅓𓅪	S41,G17,G37	wAs	ruin	0.0
𓌂𓃀	S42,D58,Y1V	abA	present (one''s hands in ritual gesture)	0.0
𓌂𓏤𓊌	S42,Z1,O39	abA	offering - stone	0.0
𓌂𓀀	S42,A1	xrp	controller, administrator	0.0
𓌂𓏤𓈇	S42,Z1,N23	xrp	district ?, estate ?	0.0
𓌂𓀭	S42,A40	sxm	mighty one, Power	0.0
𓌂𓅓𓅴𓏪	S42,G17,G45,Z3	sxmw	mighty one, Power	0.0
𓌂𓏤𓏥	S42,Z1,Z2	sxmw	mighty one, Power	0.0
𓌂𓅓𓂡	S42,G17,D40	sxm	powerful	0.0
𓌂𓅓𓂡	S42,G17,D40	sxm	have power (over),  give power (to), prevail (over), be grim (of face)	0.0
𓌂𓀜	S42,A24	sxm	power, grimness	0.0
𓌂𓂡	S42,J1,D40	sxm	power, grimness	0.0
𓌂𓅓𓂡𓄣𓏤	S42,G17,D40,F34,Z1	sxm  ib	stout - hearted, violent, violence	0.0
𓌂𓅓𓏏𓏥	S42,G17,X1,Z2	sxmt	power	0.0
𓌂𓅓𓏏𓆗	S42,G17,X1,I12	sxmt	Sekhmet (goddess)	0.0
𓌂𓏏𓆗	S42,J1,X1,I12	sxmt	Sekhmet (goddess)	0.0
𓌂𓏏𓏯𓅆	S42,J1,X1,Z5,G7	sxmt	Sekhmet (goddess)	0.0
𓌂𓏏	S42,J1,X1,C232	sxmt	Sekhmet (goddess)	0.0
𓌂𓏏	S42,J1,X1,B7C	sxmt	Sekhmet (goddess)	0.0
𓌂𓀭𓁹𓆑	S42,A40,D4,I9	sxm  ir  .f	potentate	0.0
𓌂𓏏𓏭𓋗	S42,J1,X1,Z4,S6	sxmty	the Double - Crown	0.0
𓌂𓏏𓋗	S42,X1,S6	sxmty	the Double - Crown	0.0
𓌂𓏏𓋗	S42,J1,X1,S6	sxmty	the Double - Crown	0.0
𓌂𓏏𓏭𓋗	S42,X1,Z4,S6	sxmty	the Double - Crown	0.0
𓌂𓏏𓏭𓋑𓋔	S42,J1,X1,Z4,S1,S3	sxmty	the Double - Crown	0.0
𓌂𓅓𓂻	S42,G17,D54	sxm	founder ? (of ship)	0.0
𓌂𓀀𓏥	S42,S156,A1,Z2	skw	troops, companies	0.0
𓌃𓏤𓆱	S43,Z1,M3	mdw	staff, rod	0.0
𓌃𓀘𓀀	S43,A20,A1	mdw  iAw	staff of old age (supporter of an aged parent)	0.0
𓌃𓅱𓏪𓋞𓅱	S43,G43,Z3,S12,G43	mDw  nbw	goldsmiths	0.0
𓌃𓅱	S43,G43	mdw	speak, address (someone), speech, word, plea	0.0
𓌃𓂧𓏏𓏥	S43,D46,X1,Z2	mdw	speak, address (someone), speech, word, plea	0.0
𓌃𓅓𓂧𓅱	S43,G17,D46,G43	mdw	speech, word, plea	0.0
𓌃𓂧𓅱𓀁𓅓	S43,D46,G43,A2,G17	mdw  m	speak against	0.0
𓌃𓂧𓅱𓀁𓎛𓈖𓂝	S43,D46,G43,A2,V28,N35,D36	mdw  Hna	dispute with	0.0
𓌃𓆓	S43,I10	Dd  mdw	recitation	0.0
𓌃𓆓𓇋𓈖	S43,I10,M17,N35	Dd  mdw  in	recitation by	0.0
𓌃𓂧𓅱𓏛𓏥𓊹	S43,D46,G43,Y1,Z2,R8	mdw  nTr	word of God, divine decree, sacred writings, written characters, script	0.0
𓌃𓂧𓏏𓈓	S43,D46,X1,N33A	mdt	speech, words	0.0
𓌃𓂧𓏏𓏛	S43,D46,X1,Y1	mdt	matter, affair	0.0
𓌃𓂧𓏲𓏏𓏭𓀁𓀀	S43,D46,Z7,X1,Z4,A2,A1	mdwty	talker, speaker	0.0
𓌃𓏏𓏭𓂡	S43,X1,Z4,D40	mdwty	taker, speaker	0.0
𓌅	S45	nxnxA	flail	0.0
	S57C	nms	the (royal) Nemes head cloth	0.0
𓋙	S7	xprS	the Blue Crown	0.0
𓋚	S8	Atfw	Atef crown	0.0
	S95	wDA	pectoral	0.0
𓌇𓈖𓎡	T1,N35,V31	mn  n  .k	take to yourself	0.0
𓌔𓌔𓌔𓌔𓌔𓌔𓌔𓌔𓌔	T10,T10,T10,T10,T10,T10,T10,T10,T10	psDt	the Nine Bows (traditional enemies of Egypt)	0.0
𓌔𓏏𓏥𓏥𓏥	T10,X1,Z2,Z2,Z2	psDt      (pDwt ?)	the Nine Bows	0.0
𓌔𓏏𓏤	T10,X1,Z1	pDt	bow	0.0
𓌔𓏤𓏏𓀀	T10,Z1,X1,A1	pDty	bowman	0.0
𓌔𓏏𓏭𓂡	T10,X1,Z4,D40	pDty	bowman	0.0
𓌔𓏏𓏤𓌙𓀀𓏥	T10,X1,Z1,T14,A1,Z2	pDt	troop (of soldiers)	0.0
𓌔𓏏𓌙𓀀𓁐𓏥	T10,X1,T14,A1,B1,Z2	pDt	foreigners	0.0
𓌕𓏌𓏤𓀀	T11,W24,Z1,A1	swnw	physician, doctor	0.0
𓌕𓈖𓏛	T11,N35,Y1	swn	trade	0.0
𓌕𓈖𓏏𓏛𓏥	T11,N35,X1,Y1,Z2	swnt	price	0.0
𓌗𓀜	T12,A24	rwD	prosperous, prosper	0.0
𓌗𓀜	T12,A24	rwD	prosperous, prosper	0.0
𓌗𓏏𓊌	T12,X1,O39	rwDt	hard stone, sandstone	0.0
𓌗𓅱𓂡	T12,G43,D40	rwD	control, administer	0.0
𓌗𓅱𓂡	T12,G43,D40	rwDw	agent	0.0
𓌗𓀜	T12,A24	dAr	subdue (foes)	0.0
𓌘𓁹	T13,D4	rs	wake	0.0
𓌘𓅱𓁹	T13,G43,D4	rsw	watch / guard (of sentries), vigilance	0.0
𓌘𓏲𓏏𓁹	T13,Z7,X1,D4	rswt	awakening	0.0
𓌘𓏏𓏥	T13,X1,A15A,Z2	rst	sacrificial victims	0.0
𓌙𓅓	T14,G17,N63A	aAm	throwstick	0.0
𓌙𓅓𓀀	T14,G17,A1	aAm	Asiatic	0.0
𓌙𓅓𓀏	T14,G17,A13	aAm	Asiatic	0.0
𓌙𓏲𓏏𓏯𓏥	T14,Z7,X1,Z5,Z2	awt	small cattle	0.0
𓌙𓏏𓏥𓃒	T14,X1,Z2,E1	awt	goats	0.0
𓌙𓅱𓏏𓃒𓏥	T14,G43,X1,E1,Z2	awt	small cattle, sheep, goats	0.0
𓌙𓏲𓏏𓏯𓏥	T14,Z7,X1,Z5,Z2	awt	small cattle, sheep, goats	0.0
𓌙𓏏𓊖	T14,X1,O49	wHyt	village	0.0
𓌙𓏤	T14,Z1	mnit	mooring - post	0.0
𓌙𓋴𓏭𓏱	T14,S29,Z4,Z6	nHsy	Nubian	0.0
𓌙𓌽	T14,U9	HqAt	corn-measure (of 4.54 litres)	0.0
𓌙𓏌𓈀	T14,W24,N18	THnw	Libya	0.0
𓌙𓏌𓏌𓏌𓈉	T14,W24,W24,W24,N25	THnw	Libya	0.0
𓌙𓏌𓏌𓏌𓎯	T14,W24,W24,W24,W1	THnw	one of the seven sacred oils	0.0
𓌝𓏏	T17,X1	wrryt	chariot	0.0
𓌞𓅱𓀀	T18,G43,A1	Smsw	follower, retainer	0.0
𓌞𓅱𓂻𓀀	T18,G43,D54,A1	Smsw	follower, retainer	0.0
𓌞𓅃	T18,G5	Smsw  Hr	follower of Horus, righteous person	0.0
𓌞𓋴𓏲𓂻𓀀𓏥	T18,S29,Z7,D54,A1,Z2	Smsw	following, suite	0.0
𓌞𓋴𓂻𓏥	T18,S29,D54,Z2	Smsw	following, suite	0.0
𓌞𓋴𓅱𓏏𓂻𓏥	T18,S29,G43,X1,D54,Z2	Smswt	following, suite	0.0
𓌞𓅱𓏏	T18,G43,X1	Smswt	following, suite	0.0
𓌞𓏏𓅱𓏥	T18,X1,G43,Z2	Smswt	following, suite	0.0
𓌞𓋴𓂻𓏥	T18,S29,D54,Z2	Smsw	worship	0.0
𓌞𓋴𓂻𓅱𓍑𓄿𓂻	T18,S29,D54,G43,U28,G1,D54	Sms  wDA	funeral procession	0.0
𓌞𓋴𓂻𓅱𓍑𓄿𓂻	T18,S29,D54,G43,U28,G1,D54	Sms  wDA	follow the funeral	0.0
𓌟𓈖𓅪	T19,N35,G37	qsn	painful, painfully, irksome, troubled, difficult, dangerous, wretched	0.0
𓌟𓈖𓏏𓅪𓏥	T19,N35,X1,G37,Z2	qsnt	trouble, misfortune	0.0
𓌟𓏌𓏏𓍼𓏥	T19,W24,X1,V12,Z2	gnwt	records, annals	0.0
𓌟𓏏𓏭𓀜𓀀	T19,X1,Z4,A24,A1	gnwty	sculptor	0.0
𓌟𓌟	T19,T19	gnwty	sculptor	0.0
𓌡𓏲𓂝𓏤𓅪	T21,Z7,D36,Z1,G37	wai	be alone	0.0
𓌡𓂝𓅪	T21,D36,G37	wai	be alone	0.0
𓌡𓂝𓏏𓏭𓅪	T21,D36,X1,Z4,G37	waty	sole, single	0.0
𓌡𓏏𓏏	T21,X1,X1	waty	sole, single	0.0
𓌡𓂝𓏏𓀏	T21,D36,X1,A13	waty	captive	0.0
𓌡𓏏𓏭𓃶	T21,X1,Z4,E31	waty	goat	0.0
𓌡𓏤𓂝𓃶	T21,Z1,D36,E31	waty	goat	0.0
𓌡𓏏𓏏𓆘	T21,X1,X1,I13	watt	royal uraeus	0.0
𓌡𓂝𓂝𓅱	T21,D36,D36,G43	waaw	privacy, private apartments	0.0
𓌡𓂝𓂝𓅱𓉐	T21,D36,D36,G43,O1	waaw	private apartments	0.0
𓌡𓏤𓂝𓅱𓏥	T21,Z1,D36,G43,Z2	waaw	privacy	0.0
𓌡𓂝𓏤𓎟	T21,D36,Z1,V30	wa  nb	everyone, each one, each	0.0
𓌡𓂝𓏤𓇋𓅓𓎟	T21,D36,Z1,M17,G17,V30	wa  im  nb	every one of them	0.0
𓌡𓂝𓏤𓁷𓆑	T21,D36,Z1,D2,J1,J1,J1,I9	wa  Hr  xw  .f	unique	0.0
	T21V	wa	one	0.0
	T21V	waty	sole, single	0.0
𓌢𓆓𓏏𓇾	T22,I10,X1,N16	sn  Dt	person sharing in funerary offerings	0.0
𓌢𓆓𓏏𓈖	T22,I10,X1,N35	sn  Dt	person sharing in funerary offerings	0.0
𓌢𓈖𓏏𓁐	T22,N35,X1,B1	snt	sister	0.0
𓌢𓏏𓁐	T22,X1,B1	snt	sister	0.0
𓌢𓈖𓏏𓁐	T22,N35,X1,B1	snt	wife	0.0
𓌢𓈖𓏌𓅱𓏏𓀀𓁐𓏥	T22,N35,W24,G43,X1,A1,B1,Z2	snwt	brethren	0.0
𓌢𓏌𓏮	T22,W24,Z4A	snw	two	0.0
𓌢𓈖𓏌𓏲𓏮	T22,N35,W24,Z7,Z4A	snw	two	0.0
𓌢𓈖𓏌𓅱𓀀𓏮	T22,N35,W24,G43,A1,Z4A	snw	companion, fellow, equal, counterpart, dual contestants (in Court of Law)	0.0
𓌢𓈖𓏌𓏮	T22,N35,W24,Z4A	snw	contestants (in Court of Law)	0.0
𓌢𓈖𓏌𓏲𓀀𓀀	T22,N35,W24,Z7,A1,A1	snw	companion, fellow, equal, counterpart, (dual) contestants (in court of law)	0.0
𓌢𓈖𓏌𓏏𓏮	T22,N35,W24,X1,Z4A	snwty	female companions	0.0
𓌢𓏏𓏤	T22,X1,Z1	snt	flagstaff	0.0
𓌢𓇋𓇋𓏏𓆱𓏥	T22,M17,M17,X1,M3,Z2	snwt	flagstaff	0.0
𓌢𓈖𓏌𓅱𓏏𓆱𓏥	T22,N35,W24,G43,X1,M3,Z2	snwt	flagstaff	0.0
𓌢𓌢𓌢𓈖𓏏𓉐	T22,T22,T22,N35,X1,O1	snwt	shrine	0.0
𓌢𓌢𓌢𓈖𓏏𓉭𓉯	T22,T22,T22,N35,X1,O19,O20	snwt	shrine	0.0
𓌢𓌢𓌢𓈖𓏏𓉯	T22,T22,T22,N35,X1,O20	snwt	shrine	0.0
𓌢𓈖𓏏𓊌	T22,N35,X1,O39	snt	base (of statue)	0.0
𓌢𓈖𓏏𓏐𓏊𓏒𓏥	T22,N35,X1,X2,W22,X4,Z2	snt	festival of the 6th day of lunar month	0.0
𓌢𓂉	T22,D19	sn	smell (perfume), breathe (air), kiss	0.0
𓌢𓈖𓂉	T22,N35,D19	sn	smell (perfume), breathe (air), kiss	0.0
𓌢𓈖𓏌𓇋𓎛	T22,N35,W24,M17,V28	sniH	angler	0.0
𓌢𓏌𓏳𓏥	T22,W24,Z8,Z2	snw	offerings	0.0
𓌢𓈖𓏌	T22,N35,W24,W66	snw	jar	0.0
𓌢𓌢𓏛	T22,T22,Y1	snsn	be brotherly, fraternize, associate	0.0
𓌢𓌢𓏛	T22,T22,Y1	snsn	mingle with, be well diposed toward, agree (to action)	0.0
𓌢𓌢𓏛	T22,T22,Y1	snsn	brotherly affection	0.0
𓌢𓌢𓈖𓏛	T22,T22,N35,Y1	snsn	be well diposed toward	0.0
𓌢𓈖𓌢𓈖𓏛	T22,N35,T22,N35,Y1	snsn	agree to (action)	0.0
𓌢𓎼𓂋𓈉	T22,W11,D21,N25	sngr	Babylonia	0.0
𓌤𓏏𓏥	T24,X1,Z2	aHt	farm land	0.0
𓌤𓏏𓈇𓀀	T24,X1,N23,A1	aHwty	cultivator	0.0
𓌤𓏏𓀀	T24,X1,A1	aHwty	cultivator	0.0
𓌤𓅱𓅂𓂡𓏥	T24,G43,G4,D40,Z2	aHwtyw	cultivators	0.0
𓌥𓃀𓏛	T25,D58,Y1	DbA	repay, make repayment, replace, restore, clothe, adorn, provide, pad	0.0
𓌥𓃀𓄿𓏲𓏛𓏥	T25,D58,G1,Z7,Y1,Z2	DbAw	payments, reward, compensation, bribes	0.0
𓌥𓃀𓅱𓏛𓏥	T25,D58,G43,Y1,Z2	DbAw	payments, reward, compensation, bribes	0.0
𓌥𓃀	T25,D58,S115	DbA	garment (worn by god)	0.0
𓌥𓃀𓋲	T25,D58,S27	DbA	garment (worn by god)	0.0
𓌥𓅱𓋕	T25,G43,S4	DbAw	crowning	0.0
𓌥𓃀𓏏𓉐	T25,D58,X1,O1	DbAt	robing - room, sarcophagus	0.0
𓌥𓏏𓉐	T25,X1,O1	DbAt	robing - room	0.0
𓌥𓃀𓅱𓏪	T25,D58,G43,R40,R40,Z3	DbAw	altars	0.0
𓌥𓃀𓊅𓂡	T25,D58,O36,D40	DbA	stop up, block	0.0
𓌥𓃀𓊖	T25,D58,O49	DbA	Edfu	0.0
𓌥𓃀𓆰	T25,D58,M2	DbA	mat of leaves	0.0
𓌥𓃀𓅱𓆱𓏥	T25,D58,G43,M3,Z2	DbAw	floats (of net)	0.0
𓌦𓏏𓏴𓀜	T26,X1,J1,Z9,A24	sxt	weave, mould (bricks)	0.0
𓌦𓂝	T26,D36	sxt	close (net)	0.0
𓌦𓏏𓊌	T26,J1,X1,O39	sxt	stone for patching ?	0.0
𓌧𓏏𓏏𓁷𓏤	T27,X1,X1,D2,Z1	sxtt  Hr	spider	0.0
𓌨𓂋𓁷𓏤	T28,D21,D2,Z1	Xr  Hr	under the control of, under the supervision of	0.0
𓌨𓂋𓏏𓏛𓏥	T28,D21,X1,Y1,Z2	Xrt	possessions, belongings, share, portion, requirements, due 9from), duty, skill	0.0
𓌨𓂋𓀀𓁐𓏥	T28,D21,A1,B1,Z2	Xrw	relatives (of family), underlings, inhabitants (of land)	0.0
𓌨𓀀𓁐𓏥	T28,A1,B1,Z2	Xrw	relatives (of family), underlings, inhabitants (of land), household members	0.0
𓌨𓂋𓅱𓀀𓏥	T28,D21,G43,A1,Z2	Xrw	men	0.0
𓌨𓂋𓅱𓈇𓏤	T28,D21,G43,N23,Z1	Xrw	base, lower part, underside	0.0
𓌨𓂋𓈇𓏥	T28,D21,N23,Z2	Xrw	base, lower part, underside	0.0
𓌨𓂋𓅱𓏭	T28,D21,G43,Z4,D283	Xrwy	testicles	0.0
𓌨𓂋𓅱	T28,D21,G43,D283	Xrwy	testicles	0.0
𓌨𓂋𓂝𓏤	T28,D21,D36,Z1	Xr  a	under the hand of, in the charge of	0.0
𓌨𓂝	T28,D36	Xr  a	under the hand of, in the charge of	0.0
𓌨𓂋𓂝𓏤𓀀	T28,D21,D36,Z1,A1	Xry  a	apprentice, assistant	0.0
𓌨𓂋𓂝𓏤𓍢	T28,D21,D36,Z1,V1	Xry  a	halliard	0.0
𓌨𓂋𓏏𓂝𓅪𓏥	T28,D21,X1,D36,G37,Z2	Xrt  a	deceit	0.0
𓌨𓂋𓏏𓂝𓏛𓏥	T28,D21,X1,D36,Y1,Z2	Xrt  a	writing materials	0.0
𓌨𓊹𓅂𓀀𓏦	T28,R8,G4,A1,Z2A	Xrtyw  nTrw	stone masons	0.0
𓌨𓂋𓎛𓃀𓎱𓇳𓀀	T28,D21,V28,D58,W3,N5,A1	Xry  Hbt	lector (priest)	0.0
𓌨𓂋𓏭𓄡𓏏𓏤	T28,D21,Z4,F32,X1,Z1	Xry  Xt	abdomen, under-side (of sky)	0.0
𓌨𓂋𓏤	T28,D21,J17,Z1	Xry  sA	the hindermost ?	0.0
𓌨𓂋𓁶𓏤	T28,D21,D1,Z1	Xr  tp	under the head of, beside	0.0
𓌨𓁶𓇳	T28,D1,N5	Xr  tp  ra	(the spirits) who attend Re	0.0
𓌨𓂋𓊨𓏏𓉐𓁷𓏤	T28,D21,Q1,X1,O1,D2,Z1	Xr  st  Hr	supervision	0.0
𓉐	T29C,O1	nmt	slaughter house	0.0
𓌉𓆓𓏏𓇳𓎛𓊃𓅭𓄿𓏏𓏌𓏥	T3,I10,X1,N5,V28,O34,G39,G1,X1,E101A,W24,Z2	HDt  HsAt	milk	0.0
𓌉𓆓𓇶	T3,I10,N8	HD	white, bright	0.0
𓌉𓆓𓇳𓁷𓏤	T3,I10,N5,D2,Z1	HD  Hr	cheerful	0.0
𓌉𓆓𓇳𓂻	T3,I10,N5,D54	HD	set forth at dawn	0.0
𓌉𓆓𓂻	T3,I10,D54	HD	set forth at dawn	0.0
𓌉𓋞𓈓	T3,S12,N33A	HD	silver, money	0.0
𓌉𓆓𓇳𓋳	T3,I10,N5,S28	HD	white clothes	0.0
𓌉𓏏𓋳	T3,X1,S28	HDt	white linen	0.0
𓌉𓏏𓏯𓍱𓏫	T3,X1,Z5,V6,Z3A	HDt	white linen	0.0
𓌉𓏏𓋒	T3,X1,S2	HDt	the white crown	0.0
𓌉𓏏𓏭𓋸𓋸	T3,X1,Z4,S33,S33	HDty	white sandals	0.0
𓌉𓏤𓉐	T3,Z1,O1	HD	chapel	0.0
𓌉𓏤𓉐𓅭𓏥	T3,Z1,O1,G39,Z2	HD  Apdw	bird - chapel	0.0
𓌉𓂂	T3,D12	HD	white (of the eye)	0.0
𓌉𓄒𓄒	T3,F19,F19	HD	jaw	0.0
𓌉𓆓𓏲𓆰𓏥	T3,I10,Z7,M2,Z2	HDw	onions	0.0
𓌉𓆰𓈓	T3,M2,N33A	HDw	onions	0.0
𓌉𓅱	T3,G43,M201	HDw	onions	0.0
𓌉𓆓𓏴𓄣𓏤	T3,I10,Z9,F34,Z1	HD  ib	be upset, annoyed	0.0
𓌉𓆓𓆓𓅱𓏏𓇶𓏪	T3,I10,I10,G43,X1,N8,Z3	HDDwt	brightness	0.0
𓌪𓂝	T30,D36	smA	kill, destroy	0.0
𓌪𓏏𓏤	T30,X1,Z1	dmt	knife	0.0
𓊪𓈖𓏏	T30B,Q3,N35,X1,P2G	kbnt	(seagoing) ship	0.0
	T30C	wst	sawdust	0.0
𓌰𓎛𓀔	T34,V28,A17	nmHy	orphan, private person, freeman	0.0
𓌰𓅓𓎛𓇋𓇋𓏏𓅪	T34,G17,V28,M17,M17,X1,G37	nmHyt	free woman ?	0.0
𓌰𓅓𓋴	T34,G17,S29,S57C	nms	the (royal) Nemes head cloth	0.0
𓌰𓋴𓋳	T34,S29,S28	nms	clothe with the head cloth	0.0
𓌰𓊨𓏏𓏊	T34,Q1,X1,W22	nmst	type of jar	0.0
𓌰𓅓𓊨𓏏𓏊	T34,G17,Q1,X1,W22	nmst	type of jar	0.0
𓌋𓏤	T4,Z1	HD	mace	0.0
𓌋𓏏𓋳	T4,X1,S28	HDt	white linen	0.0
𓌋𓏏𓋑	T4,X1,S1	HDt	the White Crown	0.0
𓌌𓏏𓇶	T5,X1,N8	HDt	white (of the eye)	0.0
𓌍𓏏𓅱𓇶𓏥	T6,X1,G43,N8,Z2	HDDwt	brightness	0.0
𓌎𓎛𓂡	T7,V28,D40	mDH	hew (timber), build (ships)	0.0
𓌎	T7	mDH	hew (timber), build (ships)	0.0
𓌎𓀀	T7,A1	mDH	hewer (of stone), carpenter	0.0
𓌐𓅱𓂝	T8,G43,D36	tp  awy	predecessors, ancestors	0.0
𓌒𓏏𓏭𓌙𓀀	T9,X1,Z4,T14,A1	pDty	foreigner	0.0
𓌒𓏏𓅂𓌙𓀀𓏥	T9,X1,G4,T14,A1,Z2	pDtyw	foreigners	0.0
𓌒𓌙𓀀𓏥	T9,T14,A1,Z2	pDt	foreigners	0.0
𓌒𓏏𓌙𓏱𓏥	T9,X1,T14,Z6,Z2	pDt	foreigners	0.0
𓌓𓏏	T9A,X1	pDt	bow	0.0
𓌓𓏏𓏤	T9A,X1,Z1	pDt	bow	0.0
𓌓𓏏𓏤𓆱	T9A,X1,Z1,M3	pDt	bow	0.0
𓌓𓏏𓏤	T9A,X1,Z1	pDt	measure (for textiles, for incense)	0.0
𓌳𓄿𓄿𓁹𓂋	U1,G1,G1,D4,D21	mAA   r	look toward, take care of, take heed of	0.0
𓌳𓈒𓈒𓈒𓅱	U1,N33,N33,N33,G43	mAw	oryx	0.0
𓌳𓌉𓃲	U1,T3,E28	mA - HD	oryx	0.0
𓌳𓄿𓇋𓃬	U1,G1,M17,E22	mAi	lion	0.0
𓌳𓇋𓃬	U1,M17,E22	mAi	lion	0.0
𓌳𓅱𓃬	U1,G43,E22	mAiw	lions	0.0
𓌳𓄿𓇋𓄛	U1,G1,M17,F27	mAi	lion	0.0
𓌳𓇋𓎛𓋴𓃬	U1,M17,V28,S29,E22	mA - HsA	fierce lion	0.0
𓌳𓄿𓇋𓎛𓋴𓄛	U1,G1,M17,V28,S29,F27	mA - HsA	fierce lion	0.0
𓌳𓄿𓇋𓃬𓎛𓋴𓅱𓄑𓏛	U1,G1,M17,E22,V28,S29,J18,G43,F18,Y1	mA - HsA	fierce lion	0.0
𓌳𓂝𓄿	U1,J11,D36,G1	mAa	real	0.0
𓌳𓄿𓇋𓇋𓏏𓆱	U1,G1,M17,M17,J2,X1,M3	mAyt	sheath (of sword)	0.0
𓌳𓅱𓏏	U1,G43,X1,M195	mAwt	shaft (of spear), staff, stalk (of corn), measuring-rod	0.0
𓌳𓄿𓄫𓏲𓏏𓆱	U1,G1,F40,Z7,X1,T19B,M3	mAwt	shaft (of spear)	0.0
𓌳𓄿𓅱𓏏𓇶𓏪	U1,G1,G43,X1,N8,Z3	mAwt	rays (of light)	0.0
𓌳𓄿𓄫𓏏𓅱𓏛𓏥	U1,G1,F40,X1,G43,Y1,Z2	mAwt	rays (of light)	0.0
𓌳𓄿𓅱𓏭𓏛	U1,G1,G43,Z4,Y1	mAwy	new, be renewed	0.0
𓌳𓅱	U1,G43	mAwy	new	0.0
𓌳𓄿𓏛	U1,G1,Y1	mAwy	new	0.0
𓌳𓄿𓅱𓏏𓏛	U1,G1,G43,X1,Y1	mAwt	a new thing	0.0
𓌳𓏏𓏛	U1,X1,Y1	mAwt	a new thing	0.0
𓌳𓄿𓅱𓏏𓈅𓏥	U1,G1,G43,X1,N21,Z2	mAwt	new land	0.0
𓌳𓌳	U1,U1,M54	mAmA	dom-palm	0.0
𓌳𓌳	U1,U1,M54A	mAmA	dom-palm	0.0
𓌳𓄿𓌳𓄿𓏲𓆭𓏫	U1,G1,U1,G1,Z7,M1,Z3A	mAmAw	dom - palms	0.0
𓌳𓌳𓈖𓆼𓈖𓈖𓏏	U1,U1,N35,M12,N35,N35,X1,M54	mAmA - n - xAnnt	dom-palm	0.0
𓌳𓏌𓏌𓏌𓈉	U1,W24,W24,W24,N25	mAnw	the Western mountain	0.0
𓌳𓄿𓂋𓌗𓅪𓀀	U1,G1,D21,T12,G37,A1	mAr	wretched man, pauper	0.0
𓌳𓄿𓇋𓂋𓌗𓇋𓇋𓅪𓀀	U1,G1,M17,D21,T12,M17,M17,G37,A1	mAr	wretched man, pauper	0.0
𓌳𓇋𓂋𓌗𓅪	U1,M17,D21,T12,G37	mAr	wretched man, pauper	0.0
𓌳𓄿𓇋𓂋𓌗𓅪𓀀	U1,G1,M17,D21,T12,G37,A1	mAr	wretched man, pauper	0.0
𓌳𓄿𓇋𓂋𓌗𓅪𓏥	U1,G1,M17,D21,T12,G37,Z2	mAir	misery	0.0
𓌳𓄿𓎛𓍱	U1,G1,V28,V6	mAH	wreath	0.0
𓌳𓄿𓎛𓆰	U1,G1,V28,M2	mAH	wreath	0.0
𓌳𓄿𓎛𓈇𓏤	U1,G1,V28,N23,Z1	mAH	pasture	0.0
𓌳	U1,J1,M182	mAx	sheaf	0.0
𓌳𓄿𓄡𓊮	U1,G1,F32,Q7	mAx	burn	0.0
𓌳𓄿𓊮	U1,G1,J1,Q7	mAx	burn	0.0
𓌳𓄿𓊨𓏏𓂾	U1,G1,Q1,X1,D56	mAst	knee (of man), hock (of animal)	0.0
𓌳𓋴𓏏𓂾	U1,S29,X1,D56	mAst	knee (of man),  hock (of animal)	0.0
𓌳𓋴	U1,S29,D159	mAs	kneel	0.0
𓌳𓄿𓋴𓂾	U1,G1,S29,D56	mAs	kneel	0.0
𓌳𓄿𓈎𓏏𓊢	U1,G1,N29,X1,P6	mAqt	ladder	0.0
𓌳𓈎𓏏𓊢𓆱	U1,N29,X1,P6,M3	mAqt	ladder	0.0
𓌳𓄿𓈎𓏏𓆱	U1,G1,N29,X1,M3	mAqt	ladder	0.0
𓌳𓄿𓍘𓂋𓇋𓇋𓏏𓁐𓏥	U1,G1,U33,D21,M17,M17,X1,B1,Z2	mAtryt	female mourners	0.0
𓌳𓄿𓍘𓂋𓇋𓇋𓏏𓂾𓁐𓂻𓏥	U1,G1,U33,D21,M17,M17,X1,D56,B1,D54,Z2	mAtryt	female mourners	0.0
𓌳𓍿𓏋	U1,V13,W23	mAT	granite	0.0
𓌳𓏏	U1,X1,J2	mAT	granite	0.0
𓌳𓄿𓏏𓊌	U1,G1,X1,O39	mAT	granite	0.0
𓌳𓏏𓎷	U1,X1,W8	mAT	granite	0.0
𓌳𓄿𓎶𓍿𓀁	U1,G1,W7,V13,A2	mAT	proclaim	0.0
𓌳𓍿𓎶	U1,V13,W7	mAT	proclaim	0.0
𓌳𓍿𓀢	U1,V13,A30	mAT	acclaim	0.0
𓌳𓄿𓊃	U1,G1,O34,T30A,T30A,T30A	miAsw	spines	0.0
𓌿	U11	HqAt	corn-measure (of 4.54 litres)	0.0
𓎶	U120,W7	mAT	proclaim	0.0
𓍁𓂋𓏏	U13,D21,X1,N33AV	prt	fruit, seed,  (in sense of offspring, posterity)	0.0
𓍁𓏏𓈒𓏥	U13,X1,N33,Z2	prt	fruit, seed,  (in sense of offspring, posterity)	0.0
𓍁𓂋𓇋𓇋𓏏𓉐	U13,D21,M17,M17,X1,O1	rwyt	court of law, hall	0.0
𓍁𓈖𓏭𓆱	U13,N35,Z4,M3	hbny	ebony	0.0
𓍁𓈖𓏏𓏌	U13,N35,X1,W24	hbnt	a jar	0.0
𓍁𓂝𓉐	U13,D36,O1	Snaw	storehouse, labour establishment	0.0
𓍁𓉐	U13,O1	Snaw	storehouse, labour establishment	0.0
𓍁𓉐𓀀	U13,O1,A1	Sna	labourer ?	0.0
𓍃𓅓𓀭	U15,G17,A40	itm	Atum	0.0
𓍃𓅓𓅪	U15,G17,G37	tm	perish, cease	0.0
𓍄𓏏𓏛𓏥	U16,X1,Y1,Z2	bit	character, qualities	0.0
𓍄𓏏𓊌	U16,X1,O39	biAt	gritstone	0.0
𓍄𓏏𓏥	U16,X1,Z2	biAi	wonder, marvel (at)	0.0
𓍄𓏥	U16,Z2	bi(A)w	wonders, marvels	0.0
𓍄𓏛𓏏𓏥	U16,Y1,X1,Z2	biAyt	miracles, marvels	0.0
𓍅𓏏	U17,X1	grgt	catch (of fish)	0.0
𓍅𓂝	U17,D36	grg	settle (crown on king)	0.0
𓍇𓏌𓅱𓇼𓇳	U19,W24,G43,N14,N5,Z4B	nw	time	0.0
𓍇𓏌𓇋𓇋𓈘	U19,W24,M17,M17,N36	nwy	water, flood, pool	0.0
𓍇𓏌𓏏𓈙	U19,W24,X1,N37	nwyt	pool	0.0
𓍇𓏌𓅱𓆓𓅱𓈒𓏥	U19,W24,G43,I10,G43,M171,N33,Z2	nwdw	unguents	0.0
𓍇𓅱𓇛𓆓𓏥	U19,G43,M29,I10,J2,Z2	nwdw	unguents	0.0
𓍇𓏌𓇛𓅓	U19,W24,M29,G17	nwdw	unguents	0.0
𓂋𓌗	U1A,D21,T12	mAr	wretched man, pauper	0.0
𓌴𓏏	U2,X1,M46B	imAt	charm, kindliness, graciousness	0.0
𓌴𓏤𓆱𓋴𓄂𓏏	U2,Z1,M3,S29,F4,X1	mA  .s  HAt	its bow (of ship)	0.0
𓌴𓏤𓆱𓋴𓄖𓅱	U2,Z1,M3,S29,F22,G43	mA  .s  pHw   ?	its stern (of ship)	0.0
𓌴𓏏	U2,X1,M195	mAwt	shaft (of spear), measuring rod	0.0
𓌴𓏏	U2,X1,M46	imAt	charm	0.0
𓌴𓂂𓂂	U2,D12,D12	mAA	see, look upon, regard, see to, inspect, look on	0.0
𓌴𓁹𓅱𓏥	U2,D4,G43,Z2	mAw	aspect, appearance	0.0
𓌴𓁹𓄿𓅱𓁷𓏤𓈔	U2,D4,G1,G43,D2,Z1,N34	mAw - Hr	mirror	0.0
𓌴𓁹𓏤	U2,D4,F81,Z1	mA	oryx	0.0
𓌴𓁹𓄿𓅱𓄛𓏥	U2,D4,G1,G43,F27,Z2	mAiw	lions	0.0
𓌴𓁹𓏏𓃬	U2,D4,X1,E22	mAt	lioness	0.0
𓌴𓁹𓎛𓊃𓅭𓃬	U2,D4,V28,O34,G39,E22	mA - HsA	Fierce lion	0.0
𓌴𓂝𓏛	U2,J11,D36,H2A,Y1	mAa	real	0.0
𓌴𓊤	U2,J11,P8	mAa - xrw	justification, vindication, triumph	0.0
𓌴𓂝𓏏𓏯𓏛	U2,J11,D36,X1,Z5,Y1	mAat	truth	0.0
𓌴𓂝𓏏𓁦	U2,J11,D36,X1,C10	mAat	rightness, orderly management	0.0
𓌴𓂝𓅱𓏛	U2,J11,D36,G43,Y1	mAaw	aright	0.0
𓌴𓂝𓏏𓅂𓏛𓀀𓏥	U2,J11,D36,X1,G4,Y1,A1,Z2	mAatyw	just men, the righteous (the blessed dead)	0.0
𓌴𓂝𓆀	U2,J11,D36,H2	mAa	temple (of head)	0.0
𓌴𓂝𓂻	U2,J11,D36,D54	mAa	lead, guide, direct, send, despatch, throw out (rope from ship)	0.0
𓌴𓂝𓂻	U2,J11,D36,D54	mAa	steer (ship), extend (limbs), paddle (water)	0.0
𓌴𓂝𓂻	U2,J11,D36,D54	mAa	set out (on journey)	0.0
𓌴𓂝𓈇	U2,J11,D36,N23	mAa	bank (of river or lake)	0.0
𓌴𓂝𓅱𓆀𓊡	U2,J11,D36,G43,H2,P5	mAaw	breeze	0.0
𓌴𓏏	U2,X1,M195	mAwt	measuring rod	0.0
𓌴𓁹𓆑𓂧𓏏	U2,D4,I9,D46,X1	mAfdt	Mafdet (a cat goddess ?)	0.0
𓌴𓌴𓄿𓅱𓍏𓏥	U2,U2,G1,G43,U26,Z2	mAmAw	dom - palms	0.0
𓌴𓁹𓄿𓂋𓌗𓀜	U2,D4,G1,D21,T12,A24	mAr	dispossess (someone of )	0.0
𓌴𓁹𓄿𓂋𓌗𓅪𓀀	U2,D4,G1,D21,T12,G37,A1	mAr	wretched man, pauper	0.0
𓌴𓏏𓏏𓆰	U2,X1,X1,M2	mAtt	mandrake ?	0.0
𓍈𓏌𓏏𓍇	U20,W24,X1,U19	nwt	adze	0.0
𓍈𓏌𓏏𓍢𓈒𓈒𓈒	U20,W24,X1,V1,N33,N33,N33	nwt	yarn (for weaving), cord	0.0
𓍉𓊪𓏛	U21,Q3,Y1	stp	pick out, choose	0.0
𓍉𓏛	U21,Y1	stpw	the choicest, pick	0.0
𓍉𓅱𓏛	U21,G43,Y1	stpw	the choicest, pick	0.0
𓍉𓏏𓄹𓏥	U21,X1,F51,Z2	stpt	choice things (of food)	0.0
𓍉𓄹𓄹𓄹	U21,F51,F51,F51	stpt	choice things (of food)	0.0
𓍉𓊪𓏏𓄹𓏥	U21,Q3,X1,F51,Z2	stpt	choice things (of food)	0.0
𓍉𓏏𓏛	U21,X1,Y1	stpt	choice	0.0
𓍉𓊪𓅪	U21,Q3,G37	stp	be dismembered, ruined	0.0
𓍉𓊪𓅪	U21,Q3,G37	stp	ruin	0.0
𓍉𓊪𓋳	U21,Q3,S28	stp	strip (of cloth), rag	0.0
𓍉𓊪𓍱	U21,Q3,V6	stp	strip (of cloth), rag	0.0
𓍉𓎂𓉐	U21,V16,O1	stp  sA	palace	0.0
𓍉𓊪𓎂𓉐	U21,Q3,V16,O1	stp  sA	palace	0.0
𓍊𓏥	U22,Z2	mnxw	excellence,  virtues (of someone)	0.0
𓍋𓃀𓅱𓂻	U23,D58,G43,D54	Abw	cessation	0.0
𓍋𓃀𓅱𓊮	U23,D58,G43,Q7	Abw	brand, scorch	0.0
𓍋𓃀𓅱𓌪	U23,D58,G43,T30	Abw	brand (slaves, cattle)	0.0
𓍋𓃀𓏏𓏟𓋣	U23,D58,X1,Y4,S15	Abt	brand	0.0
𓍋𓃀𓏏𓏞𓌪	U23,D58,X1,Y3,T30	Abt	brand	0.0
𓍋𓃀𓏏𓋭𓀀𓁐𓏥	U23,D58,X1,S24,A1,B1,Z2	Abt	family	0.0
𓍋𓃀𓏏𓋭	U23,D58,X1,S24	Abt	family	0.0
𓍋𓃀𓏏𓌪𓀀𓁐𓏥	U23,D58,X1,T30,A1,B1,Z2	Abt	family	0.0
𓍋𓃀𓀁	U23,D58,A2	Abi	desire, wish for	0.0
𓍋𓃀𓍋𓃀𓀁	U23,D58,U23,D58,A2	AbAb	be delighted	0.0
𓍋𓃀𓇋𓇋𓃮	U23,D58,M17,M17,E24	Aby	panther	0.0
𓍋𓃀𓇋𓇋𓄛	U23,D58,M17,M17,F27	Aby	panther	0.0
𓍋𓃀𓃮	U23,D58,E24	Aby	panther	0.0
𓍋𓅱𓃰	U23,G43,E26	Abw	elephant	0.0
𓍋𓃀𓅱𓃰	U23,D58,G43,E26	Abw	elephant	0.0
𓍋𓃀𓅱𓌟	U23,D58,G43,T19	Abw	ivory	0.0
𓍋𓃀𓌟	U23,D58,T19	Abw	ivory	0.0
𓍋𓃀𓅱𓄑	U23,D58,G43,F18	Abw	ivory	0.0
𓍋𓃀𓃰𓅱𓎵𓈉	U23,D58,E26,G43,W6,N25	Abw	Elephantine	0.0
𓍋𓃀𓎵𓈉	U23,D58,W6,N25	Abw	Elephantine	0.0
𓍋𓃀𓋭𓊖	U23,D58,S24,O49	Abw	Elephantine	0.0
𓍋𓅱𓊖	U23,G43,O49	Abw	Elephantine	0.0
𓍋𓃀𓏲𓈉	U23,D58,Z7,J2,N25	Abw	Elephantine	0.0
𓍋𓎵𓃀	U23,W6,D58	Abw	Elephantine	0.0
𓍋𓃀𓂝	U23,D58,J1,D36	Abx	unite, mix, link, mingle, be merged, engage	0.0
𓍋𓃀𓏴𓏛	U23,J1,D58,Z9,Y1	Abx	join (a god)	0.0
𓍋𓃀𓈋𓊖	U23,D58,N26,O49	AbDw	Abydos	0.0
𓍋𓈋𓈈	U23,N26,N24	AbDw	Abydos	0.0
𓍋𓃀𓈋𓅱𓆛𓏤	U23,D58,N26,G43,K1,Z1	AbDw	a fish	0.0
𓍋𓃀𓏭𓂢	U23,D58,Z4,D41	iAby	left (hand), east, eastern, the left side of	0.0
𓍋𓅓𓂋𓅪𓂋	U23,G17,D21,G37,D21	mr  r	painful to	0.0
𓍋𓅓𓂋𓅪𓈖	U23,G17,D21,G37,N35	mr  n	painful to	0.0
𓍋𓅓𓂋𓅪𓄣𓏤𓈖	U23,G17,D21,G37,F34,Z1,N35	mr  ib  n	have compassion on, be sorry for	0.0
𓍋𓅓𓂋𓅪𓁷𓏤𓄣𓏤𓈖	U23,G17,D21,G37,D2,Z1,F34,Z1,N35	mr  Hr  ib  n	be displeasing to	0.0
𓍋𓅓𓂋𓁣	U23,G17,D21,C7	mr	sorely	0.0
𓍋𓅓𓂋𓅪𓀀	U23,G17,D21,G37,A1	mr	sick man	0.0
𓍋𓅓𓂋𓏏𓅪𓏥	U23,G17,D21,X1,G37,Z2	mrt	pains	0.0
𓍋𓅓𓉴	U23,G17,O24	mr	pyramid	0.0
𓍍𓏏𓏤	U24,X1,Z1	Hmt	skill, craft (of sculptor)	0.0
𓍍𓏏𓏛	U24,X1,Y1	Hmt	skill	0.0
𓍍𓅱𓏛	U24,G43,Y1	Hmw	be skilled, skilful	0.0
𓍍𓅱𓏛𓄣𓏤	U24,G43,Y1,F34,Z1	Hmw  ib	ingenious	0.0
𓍍𓅱𓅱𓀀	U24,G43,G43,A1	Hmww	craftsman, expert, carpenter	0.0
𓍍𓅱	U24,G43	Hmww	craftsman, expert, carpenter	0.0
𓍍𓀀	U24,A1	Hmww	craftsman, expert, carpenter	0.0
𓍍𓅱𓏏𓀀𓏥	U24,G43,X1,A1,Z2	Hmwt	craftsmen	0.0
𓍍𓏏𓏤𓀀𓏪	U24,X1,Z1,A1,Z3	Hmwt	craftsmen	0.0
𓍍𓅱𓅱𓅂𓂡𓀀𓏥	U24,G43,G43,G4,D40,A1,Z2	Hmwtyw	craftsmen	0.0
𓍍𓏮𓅱𓏛	U24,Z4A,G43,Y1	Hmwy	work	0.0
𓍍𓏏𓏤𓏛𓏥𓂋𓏤	U24,X1,Z1,Y1,Z2,D21,Z1	Hmt  r	magic - spell	0.0
𓍍𓏏𓏤𓏛𓏥𓂋𓏤	U24,X1,Z1,Y1,Z2,D21,Z1	Hmt  r	etcetera, and so forth	0.0
𓍍𓏏𓂋	U24,X1,D21	Hmt  r	etcetera, and so forth	0.0
𓍏𓃀𓅡𓄿𓏛	U26,D58,G29,G1,Y1	wbA	drill (stone), open, expose, reveal, determined	0.0
𓍏	U26	wbA	open	0.0
𓍏𓅡𓏛	U26,G29,Y1	wbA	reveal (a matter)	0.0
𓍏𓃀	U26,D58,Y1V	wbA	open up, explore (a region)	0.0
𓍏𓃀𓅡𓄿𓂻	U26,D58,G29,G1,D54	wbA	open up, explore (a region)	0.0
𓍏𓇯𓉐	U26,N1,O1	wbA	open court (of temple)	0.0
𓍏𓃀𓏏𓏛	U26,D58,X1,Y1	wbAt	opening	0.0
𓍏𓃀𓏋𓂡	U26,D58,W23,D40	wbA	butler	0.0
𓍏𓃀𓅡𓄿𓇋𓇋𓏏𓁐	U26,D58,G29,G1,M17,M17,X1,B1	wbAyt	maidservant	0.0
𓍏𓃀𓅡𓄿𓏏𓏛𓁐	U26,D58,G29,G1,X1,Y1,B1	wbAyt	maidservant	0.0
𓍑𓅱	U28,G43	wDA	remain over (of balance in calculations)	0.0
𓍑𓅱	U28,G43	wDAw	well - being, prosperity	0.0
𓍑𓅱𓆦	U28,G43,L3	wDA	pectoral	0.0
𓍑𓅱𓂻	U28,G43,D54	wDA	go, set out, proceed, attain (a rank), set (of sun)	0.0
𓍑𓄿𓏴𓆱	U28,G1,Z9,M3	DA	fire - drill	0.0
𓍑𓏤	U28,Z1	DA	fire - drill	0.0
𓍑𓏏𓂩	U28,X1,D47	DAt	hand, handfull	0.0
𓍑𓏏𓊌𓅭	U28,X1,O39,G39	DAt	crane	0.0
𓍑𓄿𓏴𓂡	U28,G1,Z9,D40	DAi	extend (arm), oppose (oneself), pierce, transfix	0.0
𓍑𓄿𓏴𓂡	U28,G1,Z9,D40	DAi	reach out (of child''s mouth after milk), take (the breast to), devour (food), provide (with),	0.0
𓍑𓄿𓏴𓊠	U28,G1,Z9,P4	DAi	extend (arm), oppose (oneself), pierce, transfix	0.0
𓍑𓄿𓏴𓊠	U28,G1,Z9,P4	DAi	reach out (of child''s mouth after milk), take (the breast to), devour (food), provide (with),	0.0
𓍑𓏴𓂡	U28,Z9,D40	DAi	pierce, transfix	0.0
𓍑𓏴𓇋𓇋	U28,Z9,M17,M17	DAi	reach out (of child''s mouth after milk)	0.0
𓍑𓄿𓏴𓂡𓂋𓏤	U28,G1,Z9,D40,D21,Z1	DA  r	be contentious	0.0
𓍑𓄿𓏴𓂡𓂧𓂋𓂾	U28,G1,Z9,D40,D46,D21,D56	DA  rd	impede	0.0
𓍑𓄿𓏴𓊛	U28,G1,Z9,P1	DAi	ferry (one across), cross (sky)	0.0
𓍑𓊛	U28,P1	DAi	ferry (one across), cross (sky)	0.0
𓍑𓄿𓏴𓊛𓇾𓈇𓏤	U28,G1,Z9,P1,N16,N23,Z1	DA  tA	be busied, interfere (with)	0.0
𓍑𓄿𓇋𓇋𓏏𓅪𓏥	U28,G1,M17,M17,X1,G37,Z2	DAyt	wrongdoing	0.0
𓍑𓏏	U28,X1	DAyt	wrongdoing	0.0
𓍑𓏏𓏴	U28,X1,Z9	DAyt	wrongdoing	0.0
𓍑𓄿𓏏𓏝	U28,G1,X1,Y2	DAyt	wrongdoing	0.0
𓍑𓄿𓇋𓇋𓏲𓏱	U28,G1,M17,M17,Z7,Z6	DAyw	opponent	0.0
𓍑𓄿𓇋𓇋𓏏𓍱	U28,G1,M17,M17,X1,V6	DAyt	robe	0.0
𓍑𓄿𓇋𓋴𓀁	U28,G1,M17,S29,A2	DAis	dispute, argue, oppose (actions)	0.0
𓍑𓄿𓋴𓀁	U28,G1,S29,A2	DAis	dispute, argue, oppose (actions)	0.0
𓍑𓇋𓋴𓀜	U28,M17,S29,A24	DAis	argument, dispute	0.0
𓍑𓄿𓇋𓋴𓏯	U28,G1,M17,S29,Z5	DAis	argument, dispute	0.0
𓍑𓄿𓇋𓋴	U28,G1,M17,S29,A211	DAis	civil war	0.0
𓍑𓄿𓇋𓋴𓅱𓀁𓀀	U28,G1,M17,S29,G43,A2,A1	DAisw	disputant	0.0
𓍑𓄿𓏴𓅂𓏪	U28,G1,Z9,G4,A59A,Z3	DAytyw	opponents	0.0
𓍑𓄿𓇋𓇋𓅂	U28,G1,M17,M17,G4	DAytyw	opponents	0.0
𓍑𓅱𓋳	U28,G43,S28	DAw	mat	0.0
𓍑𓄿𓋳	U28,G1,S28	DAw	mat	0.0
𓍑𓏤𓋳	U28,Z1,S28	DAw	mat	0.0
𓍑𓄿𓅱𓇰	U28,G1,G43,N2	DAw	night	0.0
𓍑𓄿𓃀𓎛𓅱𓂝𓀀	U28,G1,D58,V28,G43,D36,A1	DAbHw	type of fisherman	0.0
𓍑𓄿𓆑𓊮	U28,G1,I9,Q7	DAf	heat, burn	0.0
𓍑𓄿𓅓𓏲𓀔𓀀𓏥	U28,G1,G17,Z7,A17,A1,Z2	DAmw	young men, troops	0.0
𓍑𓄿𓅓𓌙𓀀𓏥	U28,G1,G17,T14,A1,Z2	DAmw	young men	0.0
𓍑𓏌𓅱	U28,W24,G43,D77,D77,D77	DAmw	young men, troops	0.0
𓍑𓄿𓏌𓅱	U28,G1,W24,G43,D156,D156,D156	DAmw	young men, troops	0.0
𓍑𓄿𓂋𓏏𓈒𓏥	U28,G1,D21,X1,N33,Z2	DArt	bitter gourd	0.0
𓍑𓄿𓃭𓅖𓆰𓏥	U28,G1,E23,G20,M2,Z2	DAlm            (DArm)	Aspalathos	0.0
𓍑𓄿𓂋𓅱𓎣𓀁	U28,G1,D21,G43,V32,A2	DArw	need	0.0
𓍑𓂋𓏲𓏥	U28,D21,Z7,J2,Z2	DArw	need	0.0
𓍑𓄿𓂋𓏛𓏥	U28,G1,D21,Y1,Z2	DArw	need	0.0
𓍑𓄿𓂋𓅱𓀁	U28,G1,D21,G43,A2	DArw	need	0.0
𓍑𓉔𓏭𓈉	U28,O4,Z4,N25	DAhy	part of Palestine and Phoenicia	0.0
𓍑𓏏𓏏	U28,X1,X1,J8	DAtt	estate	0.0
𓍑𓄿𓂧𓅱𓉹	U28,G1,D46,G43,O27	DAdw	audience hall	0.0
𓍑𓄿𓂧𓅱𓉐	U28,G1,D46,G43,O1	DAdw	audience hall	0.0
𓍑𓄿𓍑𓄿𓁶𓏤	U28,G1,U28,G1,D1,Z1	DADA	head, tip (of bow)	0.0
𓍑𓍑𓁶	U28,U28,D1	DADA	head, tip (of bow)	0.0
𓍑𓍑𓏌𓏏𓀀𓏥	U28,U28,W24,X1,J8,A1,Z2	DADAt	magistrates, assessors	0.0
𓍑𓆓𓂂𓏏𓀀𓀀𓀀	U28,I10,D12,X1,A1,A1,A1	DADAt	magistrates, assessors	0.0
𓍑𓄿𓍑𓄿𓏏𓆱	U28,G1,U28,G1,X1,M3	DADAt	lyre	0.0
𓍑𓄿𓍑𓄿𓏲𓏌	U28,G1,U28,G1,Z7,W24	DADAw	pot	0.0
𓍒𓏏𓏥	U29,X1,Z2	DAt	balance, remainder, deficiency	0.0
𓌵𓂋𓅱𓁻𓉐	U3,D21,G43,D6,O1	mArw	viewing place (in sun cult)	0.0
𓍕𓏏𓏭𓂝𓀀	U31,X1,Z4,D36,A1	rtHty	baker	0.0
𓍕𓏏𓉐	U31,X1,O1	xnrt	prison, fortress, council-chamber	0.0
𓍕𓏏𓉐	U31,X1,O1	xnty	outer-chamber	0.0
𓍖	U32,N33AV	Hsmn	bronze	0.0
𓍖𓈖𓂐	U32,N35,D26	Hsmn	menstruation	0.0
𓍖𓂐	U32,D26	Hsmn	menstruate	0.0
𓍘𓇋𓇋	U33,M17,M17,A21A	ity	sovereign	0.0
𓍘𓏏𓏤𓊌	U33,X1,Z1,O39	tit	pestle	0.0
𓍘𓏏𓏤𓎬	U33,X1,Z1,V39	tit	an amulet	0.0
𓍘𓏲𓀁	U33,Z7,A2	tiw	yes	0.0
𓍘𓇓𓅱𓆱	U33,M23,G43,M3	tisw	quarterstaff	0.0
𓍘𓀼𓆱	U33,A51,M3	tiSps	Cinnamon, a tree, (and its) spice ?	0.0
𓍘𓋴𓆮	U33,A40B,S29,M1A	tiSps	Cinnamon, a tree, (and its) spice ?	0.0
𓍘𓀻𓋴𓈒𓏥	U33,A50,S29,N33,Z2	tiSps	Cinnamon, a tree, (and its) spice ?	0.0
𓍘𓄟𓋴𓏲𓆱𓏥	U33,F31,S29,Z7,M3,Z2	tmsw	panelling	0.0
𓍘𓎛𓏲𓏭𓈒𓏥	U33,V28,Z7,Z4,N33,Z2	tHwy	pea	0.0
𓍘𓎛𓏲𓏭𓈒𓏥	U33,V28,Z7,Z4,N33,Z2	tHwy	pea	0.0
𓍘𓅓𓎛𓇋𓌙𓀀𓁐𓏥	U33,G17,V28,M17,T14,A1,B1,Z2	TmHw	Libyans	0.0
𓍘𓅓𓋴𓏞	U33,G17,S29,Y3	Tms	red, ruddy, violet	0.0
𓍘𓄟𓋴𓏞𓏛	U33,F31,S29,Y3,Y1	Tms	be besmeared	0.0
𓍘𓄟𓊃𓅱𓏞𓅪𓏥	U33,F31,O34,G43,Y3,G37,Z2	Tmsw	injury, harm	0.0
𓍘𓂋𓏏𓆭	U33,D21,X1,M1	Trt	willow	0.0
𓍘𓎛𓈖𓏏𓋣	U33,V28,N35,X1,S15	THnt	faience	0.0
𓍘𓎛𓈖𓏏𓈒𓏥	U33,V28,N35,X1,N33,Z2	THnt	faience	0.0
𓍘𓎛𓈖𓏌𓏲𓌙𓈉𓏥	U33,V28,N35,W24,Z7,T14,N25,Z2	THnw	Libya	0.0
𓍙𓏏𓂻	U34,X1,D54	xsfw	sail upstream	0.0
𓍚𓀜𓆑𓈖𓆑𓆓𓊃𓆑	U35,A24,I9,N35,I9,I10,O34,I9	xsf  .f  n  .f  Ds  .f	that he may confute himself	0.0
𓍚𓀜𓁷𓏤	U35,A24,D2,Z1	xsf  Hr	defend	0.0
𓍚𓀜𓂝𓏤	U35,A24,D36,Z1	xsf  a	oppose, opposition	0.0
𓍚𓏏𓀜	U35,X1,A24	xsft	punishment	0.0
𓍚𓅱𓂻𓆑	U35,G43,D54,I9	xsfw  .f	near him	0.0
𓍛𓏏𓏤𓆱	U36,X1,Z1,M3	Hmt	stand ? (for target)	0.0
𓍛𓀀	U36,A1	Hm	servant	0.0
𓍛𓏲𓀀	U36,Z7,A1	Hmw	servants	0.0
𓍛𓏏𓁐	U36,X1,B1	Hmt	female servant	0.0
𓍛𓏏𓏤𓁐	U36,X1,Z1,B1	Hmt	female servant	0.0
𓍛𓏤𓅆	U36,Z1,G7	Hm	Majesty	0.0
𓍛𓏏	U36,X1	Hmt	Majesty (of Queen)	0.0
𓍛𓅱𓅱	U36,G43,G43	Hmww	fuller (washer of cloth) ?	0.0
𓍛𓈗	U36,N35A	Hmww	fuller (washer of cloth)?	0.0
𓍜𓅱	U37,G43	Xaqw	barber	0.0
	U39I	wTs	wear (crown)	0.0
𓌶𓂝𓏛	U4,D36,Y1	mAa	lead, guide, direct, send, despatch, throw out, steer, extend, paddle, set out	0.0
𓍟𓁻𓁶𓏤	U40,D6,D1,Z1	rs  tp	be watchful, vigilant	0.0
𓌷𓂝𓏛	U5,D36,Y1	mAa	true (of speech), real, just, righteous, true (to), loyal (to)	0.0
𓌷𓂝𓏛	U5,D36,Y1	mAa	rightful (of property), rightly belong (to), pleasing, be in order (of balance)	0.0
𓌷𓂝𓏛	U5,D36,Y1	mAa	truly, really, rightly	0.0
𓌷𓂝𓊤𓅱𓀁	U5,D36,P8,G43,A2	mAa - xrw	deceased, be justified, vindicated (against someone), be triumphant, true of voice	0.0
𓌷𓂝𓂋𓊤	U5,D36,J1,D21,P8	mAa - xrw	deceased, be justified, vindicated, true of voice	0.0
𓌷𓂝𓊤𓅱𓀁	U5,D36,P8,G43,A2	mAa - xrw	justification, vindication, triumph	0.0
𓌷𓂝𓏏𓆄𓏛𓏥	U5,D36,X1,H6,Y1,Z2	mAat	truth, right-doing, righteousness, justice, rightness, orderly management	0.0
𓌷𓂝𓏏𓏭𓆄𓆄	U5,D36,X1,Z4,H6,H6	mAaty	judgement	0.0
𓌷𓂝𓏏𓏭𓆄𓆄𓆗𓆗	U5,D36,X1,Z4,H6,H6,I12,I12	mAaty	judgement	0.0
𓌷𓂝𓅂𓁦𓏥	U5,D36,G4,C10,Z2	mAatyw	just men, the righteous (the blessed dead)	0.0
𓌷𓂝𓏛	U5,D36,Y1	mAa	present, offer, make presentation (to),	0.0
𓌷𓂝𓂻	U5,D36,D54	mAa	present, offer, make presentation (to)	0.0
𓌷𓂝𓏛	U5,D36,Y1	mAa	fit to be offered	0.0
𓌷𓂝𓂻	U5,D36,D54	mAa	fit to be offered	0.0
𓌷𓂝𓅱𓈒𓏥	U5,D36,G43,N33,Z2	mAaw	products, offering, tribute, gifts	0.0
𓌷𓂝𓏛𓏥	U5,D36,Y1,Z2	mAaw	products	0.0
𓌷𓂝𓏯𓄻	U5,D36,Z5,F51B	mAa	temple (of head)	0.0
𓌷𓂝𓆀𓈇	U5,D36,H2,N23	mAa	bank (of river or lake)	0.0
𓌷𓂝𓏭𓆀𓈇𓏤	U5,D36,Z4,H2,N23,Z1	mAa	bank (of river or lake)	0.0
𓌷𓂝𓈙𓈅𓏤	U5,D36,N37,N21,Z1	mAa	bank (of river or lake)	0.0
𓌷𓂝𓅱𓊡	U5,D36,G43,P5	mAaw	breeze	0.0
𓌷𓂝𓏲𓆱𓏥	U5,D36,Z7,M3,Z2	mAaw	type of wood	0.0
𓌸𓂋𓈘	U6,D21,N36	mri	love, want, wish, desire	0.0
𓌸𓂋𓏏	U6,D21,X1	mryt	wife	0.0
𓌸𓂋𓏏𓀁	U6,D21,X1,A2	mrwt	love, will, desire	0.0
𓌸𓅱𓏏𓏭	U6,G43,X1,Z4	mrwty	the well-beloved	0.0
𓌸𓂋𓅨𓉕	U6,D21,G36,O5	mr  wr	Mnevis Bull	0.0
𓌸𓂋𓂋𓇋𓇋𓏏𓆊𓏥	U6,D21,D21,M17,M17,X1,I3,Z2	mryt	crocodiles	0.0
𓌸𓇋𓇋𓆱	U6,M17,M17,M3	mrw	a type of wood	0.0
𓌸𓂋𓇫	U6,D21,M41	mrw	a type of wood	0.0
𓌻𓂋𓏲𓈗	U7,D21,Z7,N35A	mrw	canals,  artificial lakes	0.0
𓌻𓂋𓏏𓀀𓁐𓏥	U7,D21,X1,A1,B1,Z2	mrt	weavers, servants, underlings	0.0
𓌻𓂋𓇋𓇋𓏏𓀀𓁐𓏥	U7,D21,M17,M17,X1,A1,B1,Z2	mrt	weavers, servants, underlings	0.0
𓌻𓂋𓅱𓏏𓀁	U7,D21,G43,X1,A2	mrwt	love, will, desire	0.0
𓌻𓂋𓏏𓏥	U7,D21,X1,Z2	mrwt	love, will, desire	0.0
𓌻𓂋𓅱𓏏𓏭𓀁𓀀	U7,D21,G43,X1,Z4,A2,A1	mrwty	the well-beloved	0.0
𓌻𓂋𓅱𓍘𓇋	U7,D21,G43,U33,M17	mrwty	the well-beloved	0.0
𓌻𓂋𓈘𓏏𓏏	U7,D21,N36,X1,X1	mrwty	the well-beloved	0.0
𓌻𓂋𓅱𓇋𓇋𓏏𓏭	U7,D21,G43,M17,M17,X1,Z4	mrwty	the well-beloved	0.0
𓌻𓂋𓏋	U7,D21,W23	mr	milk jar	0.0
𓌻𓂋𓍢𓂡	U7,D21,V1,D40	mr	bind	0.0
𓌻𓂋𓍢𓋳	U7,D21,V1,S28	mr	bind	0.0
𓌻𓂋𓅱𓍢	U7,D21,G43,V1	mrw	strip (of cloth)	0.0
𓌻𓂋𓅱𓋳	U7,D21,G43,S28	mrw	strip (of cloth)	0.0
𓌻𓂋𓏏𓂢	U7,D21,X1,D41	mrt	Meret (Musician goddess)	0.0
𓌻𓂋𓏏𓁻𓅆	U7,D21,X1,D6,G7	mrt	Meret (Musician goddess)	0.0
𓌻𓂋𓏏𓊠	U7,D21,X1,P4	mrt	a type of boat	0.0
𓌻𓂋𓏏𓉐	U7,D21,X1,O1	mrt	street	0.0
𓌻𓂋𓄈𓏏𓄹	U7,D21,F10,X1,F51	mrt	throat, larynx	0.0
𓌻𓂋𓇋𓆱	U7,D21,M17,M3	mri	sounding - pole	0.0
𓌻𓂋𓇋𓈗𓂡	U7,D21,M17,N35A,D40	mri	run aground (of ship)	0.0
𓌻𓂋𓇋𓇋𓂸𓃓	U7,D21,M17,M17,D52,E2	mry	fighting bull	0.0
𓌻𓂋𓂺𓃓	U7,D21,D53,E2	mry	fighting bull	0.0
𓌻𓂋𓇋𓇋	U7,D21,M17,M17,E101	mry	fighting bull	0.0
𓌻𓂋𓇋𓇋𓏏𓈇𓏤	U7,D21,M17,M17,X1,N23,Z1	mryt	bank, shore, sandbank ?, quay,	0.0
𓌻𓂋𓇋𓇋𓏏𓈅𓏤	U7,D21,M17,M17,X1,N21,Z1	mryt	bank, shore	0.0
𓌻𓂋𓇋𓇋𓏏𓈇𓏤	U7,D21,M17,M17,X1,N23,Z1	mryt	height (of triangle)	0.0
𓌻𓂋𓇋𓇋𓏏𓆊𓏥	U7,D21,M17,M17,X1,I3,Z2	mryt	crocodiles	0.0
𓌻𓂋𓍢𓇋𓏪𓇋𓈖	U7,D21,V1,M17,Z3,M17,N35	mryn	Syrian warrior	0.0
𓌻𓂋𓅱𓆱	U7,D21,G43,M3	mrw	a type of wood	0.0
𓌻𓂋𓅱𓈉	U7,D21,G43,N25	mrw	desert	0.0
𓌻𓂋𓅱𓈉𓋴𓈖𓃀𓏛	U7,D21,G43,N25,S29,N35,D58,Y1	mrw  snb	the coast is clear	0.0
𓌻𓂋𓅱𓈇𓏤𓏥	U7,D21,G43,N23,Z1,Z2	mrw	harbours ?	0.0
𓌻𓂋𓅱𓂋𓇋𓇋𓏏𓅟	U7,D21,G43,D21,M17,M17,X1,G27	mrwryt	black stork	0.0
𓌻𓂋𓂋𓏏𓊋	U7,D21,D21,X1,O38	mrrt	street, avenue (of statues)	0.0
𓌻𓂋𓂋𓏏𓉕𓉐	U7,D21,D21,X1,O5,O1	mrrt	street, avenue (of statues)	0.0
𓌻𓂋𓂋𓇋𓇋𓏏𓏳𓏥	U7,D21,D21,M17,M17,X1,Z8,Z2	mrryt	lumps ? (of incense)	0.0
𓌻𓂋𓎛𓏏𓏌𓏥	U7,D21,V28,X1,W24,Z2	mrHt	oil, grease	0.0
𓌻𓂋𓎛𓅪	U7,D21,V28,G37	mrH	decay (of buildings)	0.0
𓌻𓂋𓏏𓏭𓁹𓁹	U7,D21,X1,Z4,D4,D4	mrty	eyes	0.0
𓌽𓏏𓏤	U9,X1,Z1	HqAt	corn-measure (of 4.54 litres)	0.0
𓌽𓌽	U9,U9	HqAti	double corn-measure (of 4.54 litres each)	0.0
𓏏	U92,X1	mxAt	balance	0.0
𓏥	U97,Z2	sbA	surveying instrument	0.0
𓍢	V1	St	one hundred	0.0
𓍢𓏏	V1,X1	Snt	anger	0.0
𓍢𓀀	V1,A1	SnT	sheriff	0.0
𓍢𓏏𓀜𓀀	V1,X1,A24,A1	SnT	sheriff	0.0
𓍸𓏏𓅱𓀁𓏥	V11,X1,G43,A2,Z2	diwt	shriek, bellow	0.0
𓍸𓇋𓇋𓏏𓀁𓏤𓏥	V11,M17,M17,X1,A2,Z1,Z2	diwt	shriek	0.0
𓍼𓈎	V12,N29	arq	don (a garment)	0.0
𓍼𓈎𓏛𓄣𓏤	V12,N29,Y1,F34,Z1	arq   ib	clever	0.0
𓍼𓈎𓀁	V12,N29,A2	arq	swear	0.0
𓍼𓈎𓇋𓇋𓇳	V12,N29,M17,M17,N5	arqy	last day of the month	0.0
𓍼𓇋𓇋𓇳	V12,M17,M17,N5	arqy	last day of the month	0.0
𓍿𓂋𓀀𓁐𓏥	V13,D21,A1,B1,Z2	rmT	man, men, mankind, Egyptians	0.0
𓍿𓇋𓏏𓂇	V13,M17,X1,D17	tit	image, form, shape, figure, design, (written) sign	0.0
𓍿𓍯𓏛	V13,V4,Y1	twA	lean (on), support, sustain, hold up, set (crown on head)	0.0
𓍿𓃀𓍿𓃀𓍢	V13,D58,V13,D58,V1	tbtb	hoist	0.0
𓍿𓊪𓇋𓂉	V13,Q3,M17,D19	tpr	breathe	0.0
𓍿𓇋𓆑𓄿𓌫	V13,M17,I9,G1,T31	tf	saw	0.0
𓍿𓈖𓇋𓀘	V13,N35,M17,A20	tni	old man, elder	0.0
𓍿𓈖𓌰𓅓𓂽	V13,N35,T34,G17,D55	tnm	turn aside, go astray, err, deflect (of balance), be confused (of roads)	0.0
𓍿𓏏𓏤	V13,X1,Z1,R3P	Tt	table	0.0
𓍿𓏏𓏤𓆱	V13,X1,Z1,M3	Tt	board, woodwork	0.0
𓍿𓏏𓏤𓀀𓏥	V13,X1,Z1,A1,Z2	Tt	staff, gang, partisans	0.0
𓍿𓇋𓏏𓊍	V13,M17,X1,O40	Tit	dais	0.0
𓍿𓅱𓊍	V13,G43,O40	Tit	dais	0.0
𓍿𓇋𓍿𓇋𓂻	V13,M17,V13,M17,D54	TiTi	trot	0.0
𓍿𓅱	V13,G43	Tw	you	0.0
𓍿𓃹𓈖𓄏	V13,E34,N35,F16	Twn	gore (with horn)	0.0
𓍿𓃹𓈖𓂡	V13,E34,N35,D40	Twn	gore (with horn), stick (into)	0.0
𓍿𓅱𓏏	V13,G43,X1	Twt	you	0.0
𓍿𓃀	V13,D58,U103	Tb	crate	0.0
𓍿𓏏𓃀𓏊	V13,X1,D58,W22	Tbt	vase	0.0
𓍿𓃀𓅱𓋸	V13,D58,G43,S33	Tbw	sole (of foot)	0.0
𓍿𓃀𓏏𓋸𓋸	V13,D58,X1,S33,S33	Tbwty	sandals, soles (of feet)	0.0
𓍿𓃀𓅱𓏏𓏭𓋸	V13,D58,G43,X1,Z4,S33	Tbwty	sandals, soles (of feet)	0.0
𓍿𓃀𓋸	V13,D58,S33	Tbi	be shod, provide with sandals	0.0
𓍿𓃀𓈖𓂻	V13,D58,N35,D54	Tbn	be quick	0.0
𓍿𓃀𓉔𓈖𓂾𓂻𓏥	V13,D58,O4,N35,D56,D54,Z2	Tbhn	leap, prance (of animals)	0.0
𓍿𓉔𓃀𓈖𓂻𓈓	V13,O4,D58,N35,D54,N33A	Tbhn	leap, prance (of animals)	0.0
𓍿𓊪𓎛𓏏𓉐	V13,Q3,V28,X1,O1	TpHt	cavern, hole (of snake)	0.0
𓍿𓊪𓎛𓏏	V13,Q3,V28,X1,N44	TpHt	cavern	0.0
𓍿𓊪𓎛𓏏	V13,Q3,V28,X1,N44,N89	TpHt	cavern	0.0
𓍿𓌳𓎅𓈅𓏤	V13,U1,V19,N21,Z1	TmA	cadaster	0.0
𓍿𓌳𓋬	V13,U1,S23	TmA	cadaster	0.0
𓍿𓌳𓂝𓎡	V13,U1,D36,V31	TmA  a  .k	your arm is strong	0.0
𓍿𓅓𓎛𓌙𓀀	V13,G17,V28,T14,A1	TmH	Libyan	0.0
𓍿𓅓𓋴𓏞	V13,G17,S29,Y3	Tms	red, ruddy, violet	0.0
𓍿𓈖𓌙𓅯	V13,N35,T14,G41	Tn	where ?, whence ?	0.0
𓍿𓈖𓌙𓅯	V13,N35,T14,G41	Tni	lift up, promote, distinguish (from), be distinguised (of actions)	0.0
𓍿𓈖𓌙𓏛	V13,N35,T14,Y1	Tni	lift up, promote, distinguish (from), be distinguised (of actions)	0.0
𓍿𓈖𓌙𓅮𓏛	V13,N35,T14,G40,Y1	Tni	lift up, promote	0.0
𓍿𓈖𓏏𓌙𓅯𓏛	V13,N35,X1,T14,G41,Y1	Tnt	difference (between x and y)	0.0
𓍿𓈖𓏌𓏲𓌙𓅯𓀁	V13,N35,W24,Z7,T14,G41,A2	Tnw	distinction	0.0
𓍿𓈖𓇋𓀘	V13,N35,M17,A20	Tni	old man	0.0
𓍿𓈖𓇋𓎟	V13,N35,M17,V30	Tni	basin	0.0
𓍿𓈖𓌙𓇋𓊖	V13,N35,T14,M17,O49	Tni	Thinis	0.0
𓍿𓈖𓊖	V13,N35,O49	Tni	Thinis	0.0
𓍿𓈖𓇋𓏭𓊖	V13,N35,M17,Z4,O49	Tni	Thinis	0.0
𓍿𓈖𓌙𓅯𓏌𓅱𓏛	V13,N35,T14,G41,W24,G43,Y1	Tnw	number, counting, numbering, each, every, every time that	0.0
𓍿𓈖𓏌𓅱𓏛𓏥	V13,N35,W24,G43,Y1,Z2	Tnw	number	0.0
𓍿𓏌𓏝	V13,W24,Y2	Tnw	number	0.0
𓍿𓈖𓏌𓅱𓏏𓏛𓏥	V13,N35,W24,G43,X1,Y1,Z2	Tnwt	quantity, number, numbering, census (of cattle, prisoners, the dead)	0.0
𓍿𓈖𓏏𓌙𓅯𓏛	V13,N35,X1,T14,G41,Y1	Tnwt	census (of the dead)	0.0
𓍿𓈖𓏌𓅱𓏏𓃒𓏥	V13,N35,W24,G43,X1,E1,Z2	Tnwt	census (of cattle)	0.0
𓍿𓈖𓏏𓌙𓅯𓎱	V13,N35,X1,T14,G41,W3	Tnwt	census (of the dead)	0.0
𓍿𓈖𓌙𓅯𓈗𓂋𓏤	V13,N35,T14,G41,N35A,D21,Z1	Tn  r	reminder, explanation	0.0
𓍿𓈖𓌙𓅯𓏝𓏌𓅱𓂋	V13,N35,T14,G41,Y2,W24,G43,D21	Tn  r	reminder, explanation	0.0
𓍿𓈖𓆑𓀁	V13,N35,I9,A2	Tnf	enjoyment	0.0
𓍿𓈖𓆑𓏏𓋳	V13,N35,I9,X1,S28	Tnft	bag	0.0
𓍿𓈖𓆑𓇋𓇋𓏏𓋳	V13,N35,I9,M17,M17,X1,S28	Tnfyt	sail	0.0
𓍿𓇑𓇑𓈖𓏏𓉐	V13,M22,M22,N35,X1,O1	Tnnt	sanctuary at Memphis	0.0
𓍿𓈖𓈖𓏏𓉐	V13,N35,N35,X1,O1	Tnnt	sanctuary at Memphis	0.0
𓍿𓈖𓏥𓂋𓏤𓂡	V13,N35,Z2,D21,Z1,D40	Tnr	eager, valour	0.0
𓍿𓈖𓁷𓂋𓏌𓅭	V13,N35,D2,D21,W24,G39	TnHr	hawk	0.0
𓍿𓈖𓏏𓏏𓃒𓏥	V13,N35,X1,X1,E1,Z2	Tntt	sacred cattle	0.0
𓍿𓈖𓅷𓏏𓊍	V13,N35,G47,X1,O40	TnTAt	dais	0.0
𓍿𓈖𓏏𓏏𓊍	V13,N35,X1,X1,O40	TnTAt	dais	0.0
𓍿𓂋𓏏𓆭	V13,D21,X1,M1	Trt	willow	0.0
𓍿𓂋𓇋𓇋𓏏𓀢	V13,D21,M17,M17,X1,A30	Tryt	complaint	0.0
𓍿𓂋𓊪𓅾	V13,D21,Q3,G54	Trp	an edible bird (goose ?)	0.0
𓍿𓂋𓅓𓁻	V13,D21,G17,D6	Trm	wink	0.0
𓍿𓉔𓅓𓀁	V13,O4,G17,A2	Thm	harry	0.0
𓍿𓉔𓅓𓂻	V13,O4,G17,D54	Thm	hunt	0.0
𓍿𓎛𓅱𓀁	V13,V28,G43,A2	THw	rejoice	0.0
𓍿𓎛𓅱𓄑𓏥	V13,V28,G43,F18,Z2	THw	rejoice	0.0
𓍿𓎛𓅱𓀁	V13,V28,G43,A2	THw	joy	0.0
𓍿𓎛𓅱𓄑𓏛𓏥	V13,V28,G43,F18,Y1,Z2	THw	joy	0.0
𓍿𓎛𓈖𓂻	V13,V28,N35,D54	THn	meet, engage (with enemy)	0.0
𓍿𓎛𓈖𓂝	V13,V28,N35,D36	THn	lance ? (an infected place)	0.0
𓍿𓎛𓈖𓋥	V13,V28,N35,S17	THn	gleam, glittering	0.0
𓍿𓎛𓋤𓈖𓏏𓈓	V13,V28,S16,N35,X1,N33A	THnt	faience	0.0
𓍿𓌙𓎛𓏌𓏌𓏌𓈀	V13,T14,V28,W24,W24,W24,N18	THnw	Libya	0.0
𓍿𓎛𓎛𓄑𓀁	V13,V28,V28,F18,A2	THH	exult	0.0
𓍿𓎛𓎛𓏏𓅱𓏛𓏥	V13,V28,V28,X1,G43,Y1,Z2	THHwt	exultation	0.0
𓍿𓎛𓎛𓏏𓀁𓏪	V13,V28,V28,X1,A2,Z3	THHwt	exultation	0.0
𓍿𓋴𓀉	V13,S29,A7	Ts	sit	0.0
𓍿𓊃𓋭𓏤	V13,O34,S24,Z1	Ts	vertebra, spine	0.0
𓍿𓊃𓍢𓏤	V13,O34,V1,Z1	Ts	vertebra, spine	0.0
𓍿𓊃𓏏𓄑	V13,O34,X1,F18	Tst	tooth	0.0
𓍿𓊃𓋭𓏏𓈉	V13,O34,S24,X1,N25	Tst	ridge, range	0.0
𓍿𓊃𓋭	V13,O34,S24	Ts	tie on (fillet)	0.0
𓍿𓊃𓌙	V13,O34,T14	Ts	marshal (troops), levy (troops)	0.0
𓍿𓊃𓍞𓏛	V13,O34,U39,Y1	Ts	marshal (troops), levy (troops)	0.0
𓍿𓊃𓍞𓂝	V13,O34,U39,D36	Tsi	raise, lift up, set up (ruined walls)	0.0
𓍿𓊃𓍞𓊫𓂡	V13,O34,U39,Q4,D40	Tsi	raise, lift up	0.0
𓍿𓊃𓍞𓏛	V13,O34,U39,Y1	Tsi	raise, lift up	0.0
𓍿𓊃𓌙	V13,O34,T14	Ts	support	0.0
𓍿𓊃𓌙𓏏𓏥	V13,O34,T14,X1,Z2	Tst	station (in life)	0.0
𓍿𓊃𓍞𓂻𓂻𓏏𓏥	V13,O34,U39,D54,D54,X1,Z2	Ts  nmtt	undertake journeys	0.0
𓍿𓊃𓂻𓈖𓌰𓅓𓏏𓏏𓂻𓏥	V13,O34,D54,N35,T34,G17,X1,X1,D54,Z2	Ts  nmtt	undertake journeys	0.0
𓍿𓊃𓍞𓏛	V13,O34,U39,Y1	Tsi	be angry (with), bear a grudge (against)	0.0
𓍿𓊃𓌙	V13,O34,T14	Tsi	be angry (with), bear a grudge (against)	0.0
𓍿𓊃𓀁	V13,O34,A2	Tsi	be angry (with), bear a grudge (against)	0.0
𓍿𓊃𓏏𓍞𓏛𓏥	V13,O34,X1,U39,Y1,Z2	Tst	complaint	0.0
𓍿𓊃𓅱𓂋𓏏𓏖	V13,O34,G43,D21,X1,X6	Tswrt	an offering loaf	0.0
𓍿𓊃𓅓𓄛	V13,O34,G17,F27	Tsm	hound, dog	0.0
𓍿𓏏𓆑𓂻	V13,X1,I9,D54	Ttf	flow down, overflow	0.0
𓎁𓀜	V15,A24	iTi	take, take possession of,conduct, remove, arrest, conquer, spend, pass, move, rob	0.0
𓎁𓏏𓂡	V15,X1,D40	iTi	take (for use)	0.0
𓎁𓏏𓏲𓀜𓀀	V15,X1,Z7,A24,A1	iTw	thief	0.0
𓎁𓀜𓎛𓊪𓏏𓊦	V15,A24,V28,Q3,X1,P10	iT  Hpt	travel by boat	0.0
𓎂𓉐𓏤	V16,O1,Z1	sA	byre	0.0
𓎂𓀀𓏥	V16,A1,Z2	sA	phyle (of priests), company, regiment (of troops), troop (of animals)	0.0
𓎂𓄿	V16,G1,D96	sAw	guard, ward off, restrain, heed	0.0
𓎂𓅱𓏏𓊖	V16,G43,X1,O49	sAwty	Asyut (Lycopolis)	0.0
𓎂𓏤𓇾𓈅𓏤	V16,Z1,N16,N21,Z1	sA  tA	reverence ?	0.0
𓎃𓏤𓏛𓏥	V17,Z1,Y1,Z2	sA	protection	0.0
𓎃𓀀𓏥	V17,A1,Z2	sA	phyle (of priests), company, regiment (of troops), troop (of animals)	0.0
𓎃𓅱𓀀	V17,G43,A1	sAw	magician	0.0
𓎅𓏤𓈇	V19,Z1,N23	TmA	cadaster	0.0
𓍬𓏏𓂻	V2,X1,D54	sTA	see under other entries for sTA	0.0
𓍬𓏏𓄿𓂻	V2,X1,G1,D54	sTA	see under other entries for sTA	0.0
𓍬𓏏𓏏𓊌	V2,X1,X1,O39	stAt	aroura (of land), sheet (of metal)	0.0
𓍬𓏏𓏏𓈇𓏤	V2,X1,X1,N23,Z1	stAt	aroura (of land), sheet (of metal)	0.0
𓍬𓏏𓏏𓆱	V2,X1,X1,M3	stAt	roller (for moving ship)	0.0
𓍬𓏏	V2,X1,J2	stAw	injury	0.0
𓍬𓄹𓏥	V2,F51,Z2	stAw	injury	0.0
𓍬𓏏𓏲	V2,X1,Z7	stAw	injury	0.0
𓎆𓎆𓎆𓀙𓀀𓏥	V20,V20,V20,A21,A1,Z2	mabAyw	the Thirty (a judicial body)	0.0
𓎆𓎆𓎆𓃀𓇋𓇋𓏏𓉐𓏪	V20,V20,V20,D58,M17,M17,X1,O1,Z3	mabAyt	House of the Thirty	0.0
𓎆𓎆𓎆𓏏𓉐	V20,V20,V20,X1,O1	mabAyt	House of the Thirty	0.0
𓎆𓎆𓎆𓇋𓇋𓏏𓉐𓏥	V20,V20,V20,M17,M17,X1,O1,Z2	mabAyt	House of the Thirty	0.0
𓎆𓎆𓎆𓈔	V20,V20,V20,N34	mabA	harpoon	0.0
𓎓𓈗	V21,N35A	mD	deep	0.0
𓎓	V21	mD	deep	0.0
𓎓𓏛	V21,Y1	mD	deep	0.0
𓎓𓏏𓉐	V21,X1,O1	mDt	byre	0.0
𓎔𓂣	V22,D42	mH	cubit	0.0
𓎔𓇾	V22,N16	mH  tA	land cubit  (one hundredth of one aroura)	0.0
𓎔𓏛𓂋𓂧𓂾𓂾	V22,Y1,D21,D46,D56,D56	mH  rdwy	hurry !	0.0
𓎔𓏛𓄤𓆑𓂋	V22,Y1,F35,I9,D21	mH  nfr	render good account	0.0
𓎔𓏛𓅓	V22,Y1,G17	mH  m	full measure	0.0
𓎔𓏛𓆑𓏏	V22,Y1,J1,I9,X1	mH  xft	act according to	0.0
𓎔𓏏𓏝𓂂	V22,X1,Y2,D12	mHt	the complete eye (of Horus)	0.0
𓎔𓏛𓄣𓏤	V22,Y1,F34,Z1	mH  ib	one who is trusted, confidant	0.0
𓎔𓏛𓄣𓏤𓅓	V22,Y1,F34,Z1,G17	mH  ib  m	trust in	0.0
𓎔𓂡	V22,D40	mH	seize, lay hold of, grasp (instructions), capture	0.0
𓎔𓂝𓀁	V22,D36,A2	mHi	be concerned (for), take thought (for), ponder (on)	0.0
𓎔𓂝𓀁	V22,D36,A2	mHi	care	0.0
𓎔𓂝𓎛𓏭𓀁𓏪	V22,D36,V28,Z4,F37B,A2,Z3	mHi	take thought (for), ponder (on)	0.0
𓎔𓇋𓇋𓀭	V22,M17,M17,A40	mHy	guardian	0.0
𓎔𓂝𓎛𓀭	V22,D36,V28,A40	mHy	guardian	0.0
𓎔𓂝𓇋𓇋𓀭	V22,D36,M17,M17,A40	mHy	guardian	0.0
𓎔𓂝𓎛𓇋𓇋𓀭	V22,D36,V28,M17,M17,A40	mHy	guardian	0.0
𓎔𓏏𓎺	V22,X1,W10	mHt	bowl	0.0
𓎔𓏏𓋼	V22,X1,S36	mHt	fan ?	0.0
𓎔𓎛𓈗	V22,V28,N35A	mHi	drown, bedrowned, overflow (of Nile), inundate (land), swim	0.0
𓎔𓎛𓈙	V22,V28,D117,N37	mHi	inundate (land)	0.0
𓎔𓎛𓈗	V22,V28,N35A	mHi	launch (a vessel)	0.0
𓎔𓏏𓈗	V22,X1,N35A	mHt	flood waters	0.0
𓎔𓏏𓇇	V22,X1,M15	mHt	the Delta marshes	0.0
𓎔𓏏𓏭𓈇	V22,X1,Z4,N23	mHty	northern	0.0
𓎔𓏏𓏭𓈇	V22,X1,Z4,N23	mHty	North	0.0
𓎔𓏏𓏭𓈇𓅓	V22,X1,Z4,N23,G17	mHt  m	northward to	0.0
𓎔𓏏𓏭𓈇𓂋	V22,X1,Z4,N23,D21	mHt  r	northward to	0.0
𓎔𓏏𓏏	V22,X1,X1	mHtt	north	0.0
𓎔𓅂𓏥	V22,G4,Z2	mHtyw	northerners	0.0
𓎔𓏏𓅂𓈇𓌙𓀀𓏥	V22,X1,G4,N23,T14,A1,Z2	mHtyw	northerners	0.0
𓎔𓎛𓇋𓇋𓏏𓊡	V22,V28,M17,M17,X1,P5	mHyt	north wind, storm from the north, ''norther''	0.0
𓎔𓏏𓊡	V22,X1,P5	mHyt	north wind	0.0
𓎔𓎛𓇋𓇋𓏏𓊡𓈗	V22,V28,M17,M17,X1,P5,N35A	mHyt	storm from the north	0.0
𓎔𓎛𓏏𓇇𓆰𓏪	V22,V28,X1,M15,M2,Z3	mHyt	papyrus plant, clump of papyrus	0.0
𓎔𓎛𓅱𓇇	V22,V28,G43,M15	mHw	Lower Egypt, Lower Egyptian	0.0
𓎔𓎛𓈗𓋴𓀭	V22,V28,N35A,S29,A40	mHw .s	Crown of Lower Egypt	0.0
𓎔𓂝𓎛𓏭𓆰𓏥	V22,D36,V28,Z4,F37B,M2,Z2	mHy	flax	0.0
𓎔𓂝𓎛𓏯	V22,D36,V28,Z5	mHaw	flax	0.0
𓎔𓎛𓅱𓆰	V22,V28,G43,M2	mHw	linen thread	0.0
𓎔𓎛𓇋𓇋𓏏𓆛𓏥	V22,V28,M17,M17,X1,K1,Z2	mHyt	fish	0.0
𓎔𓏏𓆛𓏥	V22,X1,K1,Z2	mHyt	fish	0.0
𓎔𓇋𓇋𓏏𓆛𓏥	V22,M17,M17,X1,K1,Z2	mHyt	fish	0.0
𓎔𓎛𓏲𓊝𓆛𓀀	V22,V28,Z7,P2,K1,A1	mHw	hunter	0.0
𓎔𓃹𓈖𓏌𓌪	V22,E34,N35,W24,T30	mHwnw	slaughter	0.0
𓎔𓈖𓆗	V22,N35,I12	mHn	coil (of serpents)	0.0
𓎔𓈖𓏌	V22,N35,W24	mHn	coil (of serpents)	0.0
𓎔𓈖𓆗	V22,N35,I12	mHn	the coiled one  ( a serpent spirit)	0.0
𓎔𓈖𓆗	V22,N35,I12	mHn	a board - game	0.0
𓎔𓈖𓇋𓇋𓏏𓆗	V22,N35,M17,M17,X1,I12	mHnyt	the Coiled one	0.0
𓎗𓎛𓅱𓊲	V24,V28,G43,R3	wdHw	offering table	0.0
𓎗𓅱𓆓𓎛𓅱𓊲	V24,G43,I10,V28,G43,R3	wdHw	offering table	0.0
𓎗𓅱𓏛	V24,G43,Y1	wD	command, make a command, enjoin (an instruction), decree (someone to)	0.0
𓎗𓅱𓏛	V24,G43,Y1	wD	allot, decree (something to), commit, commend (someone to), entrust (a matter)	0.0
𓎗𓅱𓏛	V24,G43,Y1	wD	command, (written) decree, despatch, precept	0.0
𓎗𓅱𓍼𓏤	V24,G43,V12,Z1	wD	(written) decree, despatch	0.0
𓎗𓅱𓉸	V24,G43,O26	wD	(written) decree, despatch	0.0
𓎗𓅱𓏏𓏛	V24,G43,X1,Y1	wDt	command, decree	0.0
𓎗𓌃𓏛𓏥	V24,S43,Y1,Z2	wD  mdw	command, control, govern	0.0
𓎗𓏏𓌃𓏛	V24,X1,S43,Y1	wDt  mdw	command	0.0
𓎗𓏏𓌃𓂧𓏲𓏛	V24,X1,S43,D46,Z7,Y1	wDt  mdw	command	0.0
𓎗𓅱𓏛𓁶𓏤	V24,G43,Y1,D1,Z1	wD  tp	give orders ?	0.0
𓎗𓅱𓆓𓂡	V24,G43,I10,D40	wD	act as pilot, pilot,	0.0
𓎗𓅱𓅱𓃒𓏥	V24,G43,G43,E1,Z2	Hww	cattle	0.0
𓎗𓅱𓆓𓉸	V24,G43,I10,O26	wD	stela	0.0
𓎗𓃀𓄲𓂻	V24,D58,F46,D54	wDb	fold over, turn, turn back, revert, divert, direct, recur	0.0
𓎗𓃀𓈄	V24,D58,N20	wDb	turn (to)	0.0
𓎗𓃀𓂽	V24,D58,N21A,D55	wDb	turn	0.0
𓎗𓅱𓆓𓃀𓏯𓂻	V24,G43,I10,D58,Z5,D54	wDb	turn back	0.0
𓎗𓃀𓄲𓂻𓂝𓏤	V24,D58,F46,D54,D36,Z1	wDb  a	turn the hand away, desist, compose oneself, turn oneself about	0.0
𓎗𓃀𓂾	V24,D58,N21A,D56	wDb  rd	reversion ( of offerings from temple to tomb), a reversion-offering	0.0
𓎗𓃀𓂋𓂧𓂾	V24,D58,N21A,D21,D46,D56	wDb  rd	reversion (of offerings from temple to tomb), a reversion offering	0.0
𓎗𓃀𓈅𓏏	V24,D58,N21,J1,X1	wDb  xt	divert (offerings), reversion-offering	0.0
𓎗𓃀𓏤	V24,D58,N21A,Z1	wDb	river-bank, riparian-lands, sea-shore	0.0
𓎗𓃀𓈄𓈇𓏤	V24,D58,N20,N23,Z1	wDb	river bank	0.0
𓎗𓅱𓎛	V24,G43,V28,D82	wDH	wean	0.0
𓎗𓈖𓎡𓈖𓂿	V24,Y1V,N35,V31,N35,D57	wD  nkn	do harm, execute sentence	0.0
𓎘𓎛𓏌𓂝	V25,V28,W24,D36	wdH	pour out, pour off	0.0
𓎘𓎛𓅱𓎿	V25,V28,G43,W14	wdHw	offering table	0.0
𓎘𓎛𓏌𓏲	V25,V28,W24,Z7	wdHw	offering table	0.0
𓎘𓅱𓏛	V25,G43,Y1	wD	see other entries under wD   (command etc)	0.0
𓎘𓅱𓆓𓏛	V25,G43,I10,Y1	wD	see other entries under wD  (command  etc)	0.0
𓎘𓏏𓏛	V25,X1,Y1	wDt	command, decree	0.0
𓎘𓏏𓍼𓏤	V25,X1,V12,Z1	wDt	command, decree	0.0
𓎘𓏏𓅱	V25,X1,G43,Y1V	wDt	command, decree	0.0
𓎘𓅱𓆓𓏏𓏛	V25,G43,I10,X1,Y1	wDt	command, decree	0.0
𓎘𓅱𓏛𓌃𓂧𓅱	V25,G43,Y1,S43,D46,G43	wD  mdw	command, control, govern	0.0
𓎘𓅱𓏛𓌃𓂧𓅱	V25,G43,Y1,S43,D46,G43	wD  mdw	command	0.0
𓎘	V25,A200	wD	pilot (someone)	0.0
𓎘𓅱𓂻	V25,G43,D54	wDi	depart, stray (of cattle)	0.0
𓎘𓇋𓇋𓏏𓂻	V25,M17,M17,X1,D54	wDyt	campaign, expedition, journey	0.0
𓎘𓅱𓇋𓇋𓏏𓂻	V25,G43,M17,M17,X1,D54	wDyt	campaign, expedition, journey	0.0
𓎘𓇋𓇋𓏏𓊛	V25,M17,M17,X1,P1	wDyt	campaign, expedition	0.0
𓎘𓅱𓉸	V25,G43,O26	wD	stela	0.0
𓎘𓅱𓊌	V25,G43,O39	wD	stela	0.0
𓎘𓅱𓏛	V25,G43,Y1	wD	stela	0.0
𓎘𓅱𓍼𓉸	V25,G43,V12,O26	wD	stela	0.0
𓎘𓏏𓏤𓏛𓊌	V25,X1,Z1,Y1,O39	wD	stela	0.0
𓎘𓅱𓍼	V25,G43,V12	wD	inscription	0.0
𓎘𓅱𓏝	V25,G43,Y2	wD	inscription	0.0
𓎘𓅱	V25,G43,W70	wD	jug	0.0
𓎘𓃀𓏲𓄶𓏏𓏛𓏥	V25,D58,Z7,F48,J1,X1,Y1,Z2	wDb  xt	divert (offerings), a reversion offering	0.0
𓎘𓃀𓄲	V25,D58,F46	wDb	folded cloth	0.0
𓎘𓃀𓈄𓏥	V25,D58,N20,Z2	wDb	sea shore	0.0
𓎘𓃀𓅱𓄲𓈅𓏥	V25,D58,G43,F46,N21,Z2	wDb	riparian lands	0.0
𓎘𓎛𓊮	V25,V28,Q7	wDH	cast (metal)	0.0
𓎘𓎛𓉿	V25,V28,O31	wDH	door of cast metal	0.0
𓎘𓎛𓀔	V25,V28,A17	wDH	wean, weaned child	0.0
𓎘𓎛𓀖	V25,V28,A18	wDH	weaned child (of royalty)	0.0
𓎘𓎛𓅱𓊲	V25,V28,G43,R3	wdHw	offering table	0.0
𓎘𓅱𓊌𓂸𓏏𓌙𓌙	V25,G43,O39,D52,X1,T14,T14	mtr	instruct	0.0
𓎙𓏤𓆱	V26,Z1,M3	aD	spool, reel	0.0
𓎙𓏛	V26,Y1	aD	be safe	0.0
𓎙𓂧𓏛	V26,D46,Y1	aD	be safe	0.0
𓎙𓂧	V26,D46,Y1V	aD	perceive	0.0
𓎙𓂧𓌻𓂡	V26,D46,U7,D40	aD	hack up, destroy	0.0
𓎙𓂧𓌻𓀜	V26,D46,U7,A24	aD	hack up, destroy	0.0
𓎙𓆓𓈇𓏤	V26,I10,N23,Z1	aD	edge, margin (of cultivation)	0.0
𓎙𓈇	V26,N23	aD	edge, margin (of cultivation)	0.0
𓎙𓆓𓊌𓏥	V26,I10,O39,Z2	aD	fat, grease	0.0
𓎙𓂧𓊌	V26,D46,O39	aD	fat, grease	0.0
𓎙𓏌𓏥	V26,W24,Z2	aD	fat, grease	0.0
𓎙𓂧𓏌𓏥	V26,D46,W24,Z2	aD	fat, grease	0.0
𓎙𓂧𓏭𓈒𓏥	V26,D46,Z4,N33,Z2	aD	fat, grease	0.0
𓎙𓆓𓀜	V26,I10,A24	aD	fatten ?	0.0
𓎙𓆓𓇋𓇋𓏲𓀜	V26,I10,M17,M17,Z7,A24	aDyw	winnowers	0.0
𓎙𓂧𓏲𓆛𓏤	V26,D46,Z7,K1,Z1	aDw	Buri fish	0.0
𓎙𓂧𓌻𓂡𓈘	V26,D46,U7,D40,N36	aD  mr	administrator	0.0
𓎙𓏏𓊞	V26,X1,P3	manDt	day - barque (of sun god)	0.0
𓎚𓏏	V27,X1,A15A	aDt	slaughter, massacre	0.0
𓎛𓄿𓏳	V28,G1,Z8	AH	type of bread	0.0
𓎛𓄿𓏏𓈅𓏥	V28,G1,X1,N21,Z2	AHwt	fields, arable lands, earth, mould	0.0
𓎛𓎘𓅱𓊲	V28,V25,G43,R3	wdHw	offering table	0.0
𓎛𓎘𓏌𓂝	V28,V25,W24,D36	wDH	pour out	0.0
𓎛𓅓𓎔	V28,G17,V22	mHi	inundate (land)	0.0
𓎛𓄿𓏒	V28,G1,X4	AH	bread	0.0
𓎛𓄿𓀠	V28,G1,A28	HAi	mourn, wail, screech (of falcon), dance (at funeral)	0.0
𓎛𓀠	V28,A28	HAi	screech (of falcon)	0.0
𓎛𓄿𓅯	V28,G1,G41	HAi	screech (of falcon)	0.0
𓎛𓄿𓇋	V28,G1,M17	HAi	wail	0.0
𓎛𓄿	V28,G1,A73	HAi	mourn	0.0
𓎛𓄿	V28,G1,D81	HAi	mourn	0.0
𓎛𓄿	V28,G1	HA	would that !,    O !	0.0
𓎛𓄿𓏏𓉬	V28,G1,X1,O18	HAt	tomb	0.0
𓎛𓄿𓅆	V28,G1,N76A,G7	HA	the desert god	0.0
𓎛𓄿𓇋𓇋𓋳	V28,G1,M17,M17,S28	HAy	be naked	0.0
𓎛𓇉𓄿𓏏𓀀	V28,M16,G1,X1,A1	HAwty	naked man	0.0
𓎛𓇉𓅱𓏛𓏥	V28,M16,G43,Y1,Z2	HAw	wealth, increase	0.0
𓎛𓇉𓄿𓅱𓏪	V28,M16,G1,G43,M43A,Z3	HAw	vintage	0.0
𓎛𓄿𓏏𓏭𓄣	V28,G1,X1,Z4,F34	HAty	heart, central chest, thought	0.0
𓎛𓄿𓂝𓏤𓃀𓀜	V28,G1,D36,Z1,D58,A24	HAab	a bad quality	0.0
𓎛𓇉𓄿𓊪𓏛	V28,M16,G1,Q3,Y1	HAp	secret, mysterious	0.0
𓎛𓄿𓈗𓎺	V28,G1,N35A,W10	HAmw	type of wine	0.0
𓎛𓇉𓄿𓈎𓀜	V28,M16,G1,N29,A24	HAq	carry off (captives)	0.0
𓎛𓇉𓎼𓀁	V28,M16,W11,A2	HAg	be glad	0.0
𓎛𓄿𓍘𓇋𓋳	V28,G1,U33,M17,S28	HAti	cloak	0.0
𓎛𓄿𓏏𓋳	V28,G1,X1,S28	HAti	cloak	0.0
𓎛𓇉𓄿𓍘𓇋𓁺	V28,M16,G1,U33,M17,D5	HAti	bleariness (of eyes)	0.0
𓎛𓇉𓄿𓍘𓇋𓇲	V28,M16,G1,U33,M17,N4	HAti	bleariness (of eyes)	0.0
𓎛𓄿𓂧	V28,G1,D46,T89	HAd	fish trap, trap fish	0.0
𓎛𓇉𓄿𓂧𓆱	V28,M16,G1,D46,M3	HAd	fish-trap	0.0
𓎛𓄿𓂧𓂸	V28,G1,D46,D52	HAd	lust	0.0
𓎛𓂝𓄻𓏥	V28,D36,F51B,Z2	Haw	body	0.0
𓎛𓂝𓄻𓎟	V28,D36,F51B,V30	Haw  nb	all people	0.0
𓎛𓄹𓄹𓄹𓀀	V28,F51,F51,F51,A1	Ha .i	myself	0.0
𓎛𓂝𓉐	V28,D36,O1	Ha	palace	0.0
𓎛𓂝𓏏𓍢	V28,D36,X1,V1	Hat	wick (of lamp)	0.0
𓎛𓂝𓏏	V28,D36,D133,X1	Hat	wick	0.0
𓎛𓂝𓀠𓀁	V28,D36,A28,A2	Hai	joyful	0.0
𓎛𓂝𓀠𓀁	V28,D36,A28,A2	Hai	rejoice	0.0
𓎛𓂝𓅱	V28,D36,G43	Hai	rejoice	0.0
𓎛𓂝𓀠𓏛	V28,D36,A28,Y1	Hai	rejoice	0.0
𓎛𓂝𓏛	V28,D36,Y1	Hai	rejoice	0.0
𓎛𓂝𓇋𓇋𓀠𓏛	V28,D36,M17,M17,A28,Y1	Hai	rejoice	0.0
𓎛𓂝𓅱𓏏𓀠𓏪	V28,D36,G43,X1,A28,Z3	Hawt	joy	0.0
𓎛𓂝𓏏𓀠𓏧	V28,D36,X1,A28,Z2B	Hawt	joy	0.0
𓎛𓉻𓂝𓄿𓀔𓀀𓏥	V28,O29,D36,G1,A17,A1,Z2	HaAw	children	0.0
𓎛𓄿𓅪𓏥	V28,O29V,G1,G37,Z2	HaAw	children	0.0
𓎛𓂝𓅱𓀔𓀀	V28,O29V,D36,G43,A17,A1	HaAw	children	0.0
𓎛𓂝𓂝𓅱𓀠𓏛	V28,D36,D36,G43,A28,Y1	Haaw	rejoice	0.0
𓎛𓂝𓂝𓀠	V28,D36,D36,A28	Haaw	rejoice	0.0
𓎛𓂝𓂝𓅱𓏏𓀠	V28,D36,D36,G43,X1,A28	Haawt	joy	0.0
𓎛𓂝𓅱𓅱𓊛𓏥	V28,D36,G43,G43,P1,Z2	Haaw	ships	0.0
𓎛𓂝𓊞𓏥	V28,D36,P3,Z2	Haww	ships	0.0
𓎛𓂝𓅱𓊞𓏥	V28,D36,G43,P3,Z2	Haww	ships	0.0
𓎛𓂝𓊪𓈗	V28,D36,Q3,N35A	Hapy	Nile	0.0
𓎛𓊪𓈘	V28,Q3,N36	Hapy	Nile	0.0
𓎛𓂝𓊪𓂋𓈗𓈙𓏥	V28,D36,Q3,D21,N35A,N37,Z2	Hapy	Nile	0.0
𓎛𓂋𓊪𓈙𓀭	V28,D21,Q3,N37,A40	Hapy	Nile	0.0
𓎛𓂝𓍑𓄿𓀜	V28,D36,U28,G1,A24	HaDA	plunder	0.0
𓎛𓂝𓍑𓄿𓀜	V28,D36,U28,G1,A24	HaDA	robbery	0.0
𓎛𓂝𓍑𓄿𓅱𓏏𓅪𓀜𓏪	V28,D36,U28,G1,G43,X1,G37,A24,Z3	HadAwt	robbery	0.0
𓎛𓅱𓀭	V28,G43,A40	Hw	Authoritative Utterance	0.0
𓎛𓅱𓄑𓏛𓀭	V28,G43,F18,Y1,A40	Hw	Authoritative Utterance	0.0
𓎛𓅱𓅆	V28,G43,G7	Hw	(royal) ordinance	0.0
𓎛𓅱𓅱	V28,G43,G43	Hww	proclaim	0.0
𓎛𓅱	V28,G43	Hww	proclaim	0.0
𓎛𓅱𓏮𓀁	V28,G43,Z4A,A2	Hww	proclaim	0.0
𓎛𓅱𓁸𓏥	V28,G43,D3,Z2	Hww	beat (of wings)	0.0
𓎛𓅱𓏳𓏥	V28,G43,Z8,Z2	Hw	food	0.0
𓎛𓅱𓀭	V28,G43,A40	Hw	food	0.0
𓎛𓄑𓏥	V28,F18,Z2	Hw	food	0.0
𓎛𓅱𓄑𓏛	V28,G43,F18,Y1	Hw	food	0.0
𓎛𓅱𓄑𓏥	V28,G43,F18,Z2	Hw	food	0.0
𓎛𓀝𓀜	V28,A25,A24	Hwi	beat, srike, smite, defeat (in argument), drive off (cattle)	0.0
𓎛𓀝𓀜	V28,A25,A24	Hwi	drive in (mooring post), flap (wings), clap, gather (crops)	0.0
𓎛𓀝𓀜	V28,A25,A24	Hwi	thresh (corn),throw (against), tread (road etc..), roam (the earth)	0.0
𓎛𓅱𓀜	V28,G43,A24	Hwi	drive off (cattle)	0.0
𓎛𓌈	V28,T2	Hwi	flap (wings)	0.0
𓎛𓏏𓂝	V28,X1,D36	Hwt  a	extending the arm	0.0
𓎛𓏏𓂡	V28,X1,D40	Hwt	stroke (of falcon)	0.0
𓎛𓏷𓀜𓈗	V28,A90D,Z12,A24,N35A	Hwi	surge up, overflow, rain	0.0
𓎛𓏲𓀜	V28,Z7,A24	Hwi	surge up, overflow	0.0
𓎛𓀜𓂡	V28,A24,D40	Hwi	surge up, overflow	0.0
𓎛𓀜𓏷𓀜𓈗	V28,A24,Z12,A24,N35A	Hwi	surge up, overflow, rain	0.0
𓎛𓀝𓇋𓇋𓏏𓈗	V28,A25,M17,M17,X1,N35A	Hwyt	rain	0.0
𓎛𓀜𓈖𓏭𓂋𓁷𓏤𓂡	V28,A24,N35,Z4,D21,D2,Z1,D40	Hw  ny  r  Hr	combat	0.0
𓎛𓀜𓏷𓀜𓈖𓏭𓂋𓁷𓏤𓀜	V28,A24,Z12,A24,N35,Z4,D21,D2,Z1,A24	Hw  ny  r  Hr	combat	0.0
𓎛𓅱𓂸𓃒𓏥	V28,G43,D52,E1,Z2	Hww	a class of bulls, cattle (en general)	0.0
𓎛𓅱𓅱𓃒𓏥	V28,G43,G43,E1,Z2	Hww	a class of bulls, cattle (en general)	0.0
𓎛𓅱𓇋𓇋𓅱𓃒𓏪	V28,G43,M17,M17,G43,E1,Z3	Hww	a class of bulls, cattle (en general)	0.0
𓎛𓅱𓏭	V28,G43,Z4	Hwy	would that !	0.0
𓎛𓅱	V28,G43	Hwy	would that !	0.0
𓎛𓍯𓄿	V28,V4,G1,J2	HwA	foul, offensive, rot, putrefy, smell offensive, spoil (enjoyment)	0.0
𓎛𓍯𓄿𓄿𓏏𓏥	V28,V4,G1,G1,X1,J2,Z2	HwAAt	putrefaction	0.0
𓎛𓍯𓄿𓅱𓏏	V28,V4,G1,G43,X1,J3	HwAAt	putrefaction	0.0
𓎛𓅱𓂝𓅪	V28,G43,D36,G37	Hwa	short	0.0
𓎛𓂝𓅪	V28,D36,G37	Hwa	short	0.0
𓎛𓅱𓂝𓅪𓄣𓏤	V28,G43,D36,G37,F34,Z1	Hwa  ib	apprehensive	0.0
𓎛𓂝𓅱𓂢𓀀𓏥	V28,D36,G43,D41,A1,Z2	Hwaw	short men	0.0
𓎛𓃹𓈖𓀔	V28,E34,N35,A17	Hwn	child, young man	0.0
𓎛𓇬𓈖	V28,M42,N35,A17D	Hwn	child, young man	0.0
𓎛𓃹𓈖𓇬𓀔	V28,E34,N35,M42,A17	Hwn	child, young man	0.0
𓎛𓇬𓏏𓈖𓀔	V28,M42,X1,N35,A17	Hwnt	maiden	0.0
𓎛𓇬𓈖𓏌𓏏𓀔𓁐	V28,M42,N35,W24,X1,A17,B1	Hwnt	maiden	0.0
𓎛𓇬𓈖𓀔	V28,M42,N35,A17	Hwn	be rejuvenated, refreshed, youthful vigour	0.0
𓎛𓃹𓈖𓀔	V28,E34,N35,A17	Hwn	youthful vigour	0.0
𓎛𓃹𓈖𓄹	V28,E34,N35,F51	Hwn	rib-roast	0.0
𓎛𓇬𓈖𓏏𓏤	V28,M42,N35,X1,Z1	Hwnt	pupil (of eye)	0.0
𓎛𓅨𓂋𓅱𓅪𓀀	V28,G36,D21,G43,G37,A1	Hwrw	poor, humble man, despicable person	0.0
𓎛𓅨𓂋𓅱𓅪𓏥	V28,G36,D21,G43,G37,Z2	Hwrw	the meanest of birds	0.0
𓎛𓅨𓂋𓅱𓀔𓀀	V28,G36,D21,G43,A17,A1	Hwrw	poor, humble man, despicable person	0.0
𓎛𓅨𓂋𓅱𓀔𓅪𓀀	V28,G36,D21,G43,A17,G37,A1	Hwrw	poor, humble man, despicable person	0.0
𓎛𓅨𓂋𓅱𓅪𓄣𓏤	V28,G36,D21,G43,G37,F34,Z1	Hwrw  ib	poor of understanding	0.0
𓎛𓅨𓂋𓅱𓀁	V28,G36,D21,G43,A2	Hwrw	speak ill ?, decry ?	0.0
𓎛𓅱𓏏𓆑𓀜	V28,G43,X1,I9,A24	Hwtf	rob, plunder	0.0
𓎛𓅱𓏏𓆑𓍢𓂡	V28,G43,X1,I9,V1,D40	Hwtf	rob, plunder	0.0
𓎛𓎱𓃀	V28,W3,D58	Hb	festival	0.0
𓎛𓇳𓎱𓃀	V28,N5,W3,D58	Hb	festival	0.0
𓎛𓃀𓏝	V28,D58,Y2	Hb	festival	0.0
𓎛𓃀𓋴𓂧𓈅𓎱𓇳	V28,D58,S29,D46,N21,W3,N5	Hb  sd	jubilee	0.0
𓎛𓃀𓎱𓂡	V28,D58,W3,D40	Hb	celebrate a triumph	0.0
𓎛𓎱𓃀	V28,W3,D58	Hb	celebrate a triumph	0.0
𓎛𓃀𓎱𓏛	V28,D58,W3,Y1	Hb	celebrate a triumph	0.0
𓎛𓃀𓎱𓂘𓂡	V28,D58,W3,D32,D40	Hb	celebrate a triumph	0.0
𓎛𓃀𓇋𓇋𓎳	V28,D58,M17,M17,W4	Hby	be festal, make festival	0.0
𓎛𓃀𓎳𓇋𓇋	V28,D58,W4,M17,M17	Hby	be festal, make festival	0.0
𓎛𓃀𓎱𓀜	V28,D58,W3,A24	Hb	mourn	0.0
𓎛𓃀𓏏𓎱𓍼	V28,D58,X1,W3,V12	Hbt	ritual book	0.0
𓎛𓌨𓃀	V28,T28,D58	Xry  Hbt	lector (priest)	0.0
𓎛𓃀𓇋𓇋𓏏𓎳	V28,D58,M17,M17,X1,W4	Hbyt	festival offerings	0.0
𓎛𓃀𓎳𓇋𓇋𓏏𓏥	V28,D58,W4,M17,M17,X1,Z2	Hbyt	festival offerings	0.0
𓎛𓃀𓇋𓇋𓏏𓏫	V28,D58,M17,M17,X1,Y24,Z3A	Hbyt	festival offerings	0.0
𓎛𓃀𓎳𓅭𓆛𓏥	V28,D58,W4,G39,K1,Z2	Hb	catch (of fish and fowl)	0.0
𓎛𓃀𓅭𓆛𓏥	V28,D58,G39,K1,Z2	Hb	catch (of fish and fowl)	0.0
𓎛𓎱𓃀𓅭𓏥𓆛𓏥	V28,W3,D58,G39,Z2,K1,Z2	Hb	catch (of fish and fowl)	0.0
𓎛𓃀𓅡𓄿𓃀𓅡𓄿𓂻	V28,D58,G29,G1,D58,G29,G1,D54	HbAbA	waddle	0.0
𓎛𓃀𓂝𓌙𓌙𓏛	V28,D58,D36,T14,T14,Y1	Hba	play (draughts)	0.0
𓎛𓂝𓃀𓂡	V28,D36,D58,D40	Hba	play (draughts)	0.0
𓎛𓃀𓅱	V28,D58,G43,Z26	Hbw	target	0.0
𓎛𓃀𓅱𓊌	V28,D58,G43,O39	Hbw	target	0.0
𓎛𓃀𓏯	V28,D58,Z5	Hbw	target	0.0
𓎛𓃀𓃀𓏏𓈗	V28,D58,D58,X1,N35A	Hbbt	water	0.0
𓎛𓃀𓃀𓈅𓈗	V28,D58,D58,N21,N35A	Hbbt	water	0.0
𓎛𓃀𓋴𓋳𓁷𓏤	V28,D58,S29,S28,D2,Z1	Hbs  Hr	be inaccessible to pleas  (cover the face)	0.0
𓎛𓃀𓋴𓋳𓁶𓏤	V28,D58,S29,S28,D1,Z1	Hbs  Hr	cover the head	0.0
𓎛𓃀𓋴𓏲𓋳𓏤𓏥	V28,D58,S29,Z7,S28,Z1,Z2	Hbsw	deception ?	0.0
𓎛𓃀𓋴𓏏𓅱	V28,D58,S29,X1,G43	Hbswt	cloth	0.0
𓎛𓃀𓊃𓋳𓂡	V28,D58,O34,S28,D40	Hbs	bear (flabellum)	0.0
𓎛𓃀𓋴𓅱	V28,D58,S29,G43,J19	Hbsw	bundle ?	0.0
𓎛𓊪𓈘	V28,Q3,N36	Hapy	Nile	0.0
𓎛𓃀𓋴𓇋𓇋𓏏𓋳	V28,D58,S29,M17,M17,X1,S28	Hbsyt	wife	0.0
𓎛𓊪𓏏𓊦	V28,Q3,X1,P10	Hpt	oar	0.0
𓎛𓊪𓏏	V28,Q3,X1,J5	Hpt	oar	0.0
𓎛𓊪𓏏𓊤	V28,Q3,X1,P8	Hpt	oar	0.0
𓎛𓊪𓇋𓇋	V28,Q3,J5,M17,M17	Hpy	Hapy   (one of the four sons of Horus)	0.0
𓎛𓊪𓅱𓃒	V28,Q3,G43,J5,E1	Hpw	Apis Bull	0.0
𓎛𓊪𓅭𓃒	V28,J5,Q3,G39,E1	Hpw	Apis Bull	0.0
𓎛𓊪𓎼𓏏	V28,Q3,W11,X1	Hpgt	a leaping dance	0.0
𓎛𓊪𓏏𓂻	V28,Q3,X1,D54	Hpt	travel	0.0
𓎛𓊪𓏏𓂘𓏏𓂻	V28,Q3,X1,D32,X1,D54	Hptt	course (of sun or moon)	0.0
𓎛𓊪𓏏𓌒𓏏𓂻	V28,Q3,X1,T9,X1,D54	Hptt	course (of sun and moon)	0.0
𓎛𓊪𓏏𓂘	V28,Q3,X1,D32	Hpt	embrace, armful	0.0
𓎛𓊪𓏏𓂘𓂝	V28,Q3,X1,D32,D36	Hpt	embrace	0.0
𓎛𓊪𓏏𓅱𓂘𓆱𓏥	V28,Q3,X1,G43,D32,M3,Z2	Hptw	cross-timber (of door leaves), ribs ? (of boat)	0.0
𓎛𓊪𓏏𓅱𓆱𓏥	V28,Q3,X1,G43,M3,Z2	Hptw	cross-timbers (of door-leaves), ribs (of boat)	0.0
𓎛𓊪𓂧𓂏	V28,Q3,D46,D25	Hpd	open (mouth)	0.0
𓎛𓆑𓂻	V28,I9,D54	Hf	range (hills, of lion)	0.0
𓎛𓆑𓄿𓅱𓆙	V28,I9,G1,G43,I14	HfAw	snake	0.0
𓎛𓆑𓄫𓅱𓆙	V28,I9,F40,G43,I14	HfAw	snake	0.0
𓎛𓆑𓄿𓏏	V28,I9,G1,X1,A16A	HfAt	crawling posture	0.0
𓎛𓆑𓄿𓏏𓂻	V28,I9,G1,X1,D54	HfAt	crawling posture	0.0
𓎛𓆑𓂧𓂻	V28,I9,D46,D54	Hfd	climb	0.0
𓎛𓆑𓂧𓀉	V28,I9,D46,A7	Hfd	sit	0.0
𓎛𓈞𓅓𓅱𓆱	V28,N41,G17,G43,M3	Hmw	steering-oar	0.0
𓎛𓅓𓄿	V28,G17,G1,Y24	HmA	ball	0.0
𓎛𓌳𓄿𓆇	V28,U1,G1,H8	HmA	ball	0.0
𓎛𓌳𓄿𓏏𓍖𓈒𓏥	V28,U1,G1,X1,U32,N33,Z2	HmAt	salt	0.0
𓎛𓌴𓏏𓈒𓏥	V28,U2,X1,N33,Z2	HmAt	salt	0.0
𓎛𓌳𓄿𓎼𓏏𓈒𓏥	V28,U1,G1,W11,X1,N33,Z2	HmAgt	carnelian, garnet	0.0
𓎛𓅓𓎼𓏏𓏥	V28,G17,W11,X1,Z2	HmAgt	carnelian, garnet	0.0
𓎛𓈞𓅱𓋴𓏏	V28,N41,G43,S29,X1,T62	Hmwst	female counterpart of the KA	0.0
𓎛𓅓𓅓𓈔𓏤	V28,G17,G17,N34,Z1	Hmm	surgeon''s knife ?	0.0
𓎛𓈞𓋴𓀉	V28,N41,S29,A7	Hmsi	sit, sit down, dwell (in), seat (someone)	0.0
𓎛𓈞𓋴	V28,N41,S29,A285	Hmsi	sit down	0.0
𓎛𓈞𓋴𓀉𓁷𓏤	V28,N41,S29,A7,D2,Z1	Hms  Hr	besiege (town)	0.0
𓎛𓅓𓊃𓀉	V28,G17,O34,A7	Hmsi	occupy (a place)	0.0
𓎛𓈞𓋴𓂸	V28,N41,S29,D52	Hms	penis	0.0
𓎛𓅓𓎼𓏏𓈓	V28,G17,W11,X1,N33A	HmAgt	carnelian	0.0
𓎛𓆰𓈖𓎨	V28,M2,N35,V36	Hn	encumber, obstruct	0.0
𓎛𓆰𓈖𓏛	V28,M2,N35,Y1	Hn	provide, equip, command, govern, control (oneself)	0.0
𓎛𓆰𓈖𓏛	V28,M2,N35,Y1	Hn	charge (someone with task), commend (someone), occupy (oneself)	0.0
𓎛𓆰𓈖𓎨𓏛	V28,M2,N35,V36,Y1	Hn	control (oneself)	0.0
𓎛𓆰𓈖𓎨𓅪	V28,M2,N35,V36,G37	Hn	control (one''s mouth)	0.0
𓎛𓆰𓈖𓏏𓎨𓏛𓏥	V28,M2,N35,X1,V36,Y1,Z2	Hnt	occupation, craft, business, services	0.0
𓎛𓆰𓈖𓏏𓏛	V28,M2,N35,X1,Y1	Hnt	occupation, craft, business, services	0.0
𓎛𓆰𓈖𓏌𓅱𓂡𓀀𓏪	V28,M2,N35,W24,G43,D40,A1,Z3	Hnw	(military) Commanders	0.0
𓎛𓌼𓈖𓏌𓏲𓏏𓏮𓀀	V28,U8,N35,W24,Z7,X1,Z4A,A1	Hnwty	servant	0.0
𓎛𓆰𓈖𓂻	V28,M2,N35,D54	Hn	go speedily, an attack	0.0
𓎛𓆰𓈖𓏏𓈙	V28,M2,N35,X1,N37	Hnt	swampy lake, watercourse	0.0
𓎛𓆰𓈖𓏏𓏯𓈘𓈇	V28,M2,N35,X1,Z5,N36,N23	Hnt	swampy lake, watercourse	0.0
𓎛𓈖𓏏𓎺	V28,N35,X1,W10	Hnt	cup	0.0
𓎛𓆰𓈖𓏏𓏛	V28,M2,N35,X1,Y1	Hnt	space (of time), lifetime	0.0
𓎛𓆰𓈖𓏏𓏭𓎨𓎨	V28,M2,N35,X1,Z4,V36,V36	Hnty	the two sides / ends (of a space),	0.0
𓎛𓆰𓈖𓏏𓏭𓎨𓎨𓈐𓈐	V28,M2,N35,X1,Z4,V36,V36,N31,N31	Hnty	the two sides, the two ends (of space)	0.0
𓎛𓆰𓈖𓏏𓏭𓎨𓎨	V28,M2,N35,X1,Z4,V36,V36	Hnty	the two sides/ends (of time)	0.0
𓎛𓆰𓈖𓏏𓏭𓈐	V28,M2,N35,X1,Z4,N31	Hnty	the two sides (of time), the two ends (of time), eternity	0.0
𓎛𓆰𓈖𓏏𓏮𓎨	V28,M2,N35,X1,Z4A,V36	Hnty	the two sides (of time), the two ends (of time), eternity	0.0
𓎛𓆰𓈖𓏏𓍘𓇋𓏝	V28,M2,N35,X1,U33,M17,Y2	Hnty	the two sides (of time), the two ends (of time), continually, eternity,	0.0
𓎛𓌼𓈖𓏏𓏭𓂻	V28,U8,N35,X1,Z4,D54	Hnty	the two sides (of time), the two ends (of time), eternity	0.0
𓎛𓆰𓈖𓏌𓏲𓈗𓈘𓈇𓏤	V28,M2,N35,W24,Z7,N35A,N36,N23,Z1	Hnw	canal	0.0
𓎛𓆰𓈖𓇋𓆰	V28,M2,N35,M17,M2	Hni	rush (plant)	0.0
𓎛𓆰𓈖𓆰	V28,M2,N35,M2	Hni	rush	0.0
𓎛𓆰𓈖𓇋𓇋𓏏	V28,M2,N35,M17,M17,X1,T80A	Hnyt	spear	0.0
𓎛𓈖𓇋𓇋𓏏	V28,N35,M17,M17,X1,T80	Hnyt	spear	0.0
𓎛𓈖𓂝𓏥	V28,N35,D36,Z2	Hna	together with, and, therewith, together with them	0.0
𓎛𓆰𓈖𓏌𓅱𓏊	V28,M2,N35,W24,G43,W22	Hnw	jar, bowl, chattels, possessions, goods	0.0
𓎛𓆰𓈖𓅱𓎺	V28,M2,N35,G43,W10	Hnw	bowl	0.0
𓎛𓌼𓈖𓏌𓅱𓏋	V28,U8,N35,W24,G43,W23	Hnw	jar	0.0
𓎛𓆰𓈖𓏌𓅱𓏛𓏥	V28,M2,N35,W24,G43,Y1,Z2	Hnw	goods, chattels, possessions	0.0
𓎛𓏌𓏏𓆗	V28,W24,X1,I12	Hnwt	mistress	0.0
𓎛𓏌𓏏𓁐	V28,W24,X1,B1	Hnwt	mistress	0.0
𓎛𓈖𓏌𓏏𓁐	V28,N35,W24,X1,B1	Hnwt	mistress	0.0
𓎛𓈖𓏌𓏏	V28,M3D,N35,W24,X1,O120	Hnwt	horn	0.0
𓎛𓆰𓈖𓄏	V28,M2,N35,F16	Hnwt	horn	0.0
𓎛𓌼𓈖𓏌𓅱	V28,U8,N35,W24,G43,P60C	Hnw	barque of Sokar	0.0
𓎛𓆰𓈖𓏌𓏲𓇋𓇋	V28,M2,N35,W24,Z7,M17,M17,P114	Hnw	barque of Sokar	0.0
𓎛𓆰𓈖𓏌𓏲𓄹𓏥	V28,M2,N35,W24,Z7,F51,Z2	Hnw	ribs	0.0
𓎛𓈖𓃀𓏲𓂡	V28,N35,D58,Z7,D40	Hnb	convey (land)	0.0
𓎛𓆰𓈖𓃀𓏏𓈇𓏥	V28,M2,N35,D58,X1,N23,Z2	Hnbwt	confines (of district)	0.0
𓎛𓆰𓈖𓅓𓅓𓏏𓀀𓁐𓏥	V28,M2,N35,G17,G17,X1,A1,B1,Z2	Hnmmt	the sun-folk of Heliopolis, mankind	0.0
𓎛𓅓𓅓𓏏𓇶𓏥	V28,G17,G17,X1,N8,Z2	Hnmmt	the sun-folk of Heliopolis, mankind	0.0
𓎛𓈖𓌰𓅓𓌰𓅓𓂻	V28,N35,T34,G17,T34,G17,D54	Hnmnm	creep	0.0
𓎛𓈖𓈖𓌼𓏤	V28,N35,N35,U8,Z1	Hnn	hoe	0.0
𓎛𓆰𓈖𓈖𓆱	V28,M2,N35,N35,M3	Hnn	hoe	0.0
𓎛𓆰𓈖𓈖𓂸	V28,M2,N35,N35,D52	Hnn	penis, circumcised penis	0.0
𓎛𓆰𓈖𓈖𓂺𓄻	V28,M2,N35,N35,D53,F51B	Hnn	phallus, circumsized penis	0.0
𓎛𓆰𓈖𓎛𓆰𓈖𓂽	V28,M2,N35,V28,M2,N35,D55	HnHn	hinder, detain	0.0
𓎛𓆰𓈖𓎛𓂽	V28,M2,N35,V28,D55	HnHn	hinder, detain	0.0
𓎛𓆰𓈖𓆰𓈖𓂻	V28,M2,N35,M2,N35,D54	HnHn	hinder, detain	0.0
𓎛𓆰𓈖𓎛𓆰𓈖𓎨𓂻𓀀	V28,M2,N35,V28,M2,N35,V36,D54,A1	HnHn	dawdler ?, cripple ?	0.0
𓎛𓆰𓈖𓆰𓈖𓏏𓆇	V28,M2,N35,M2,N35,X1,H8	HnHnt	swelling	0.0
𓎛𓆰𓈖𓎼𓎼𓄹	V28,M2,N35,W11,W11,F51	Hngg	tonsils ?, salivary glands ?	0.0
𓎛𓆰𓈖𓋴𓅪	V28,M2,N35,S29,G37	Hns	narrow, constricted	0.0
𓎛𓆰𓈖𓋴𓈐𓅪	V28,M2,N35,S29,N31,G37	Hns	constricted	0.0
𓎛𓈖𓋴𓄣𓏤	V28,N35,S29,F34,Z1	Hns  ib	meanness	0.0
𓎛𓆰𓈖𓋴𓅪𓄣𓏤	V28,M2,N35,S29,G37,F34,Z1	Hns  ib	meanness	0.0
𓎛𓆰𓋴𓂝𓏤	V28,M2,S29,D36,Z1	Hns  a	mean, ungenerous	0.0
𓎛𓎺𓈖𓊃𓎡𓍢𓂡	V28,W10,N35,O34,V31,V1,D40	Hnsk	tie up ?	0.0
𓎛𓆰𓈖𓊃𓎡𓏏𓁸	V28,M2,N35,O34,V31,X1,D3	Hnskt	braided lock (of hair)	0.0
𓎛𓆰𓈖𓊃𓎡𓏏	V28,M2,N35,O34,V31,X1,D156	Hnskt	braided lock (of hair)	0.0
𓎛𓆰𓈖𓊃𓎡𓅂𓏥	V28,M2,N35,O34,V31,G4,D156,D156,D156,Z2	Hnsktyw	wearers of the side-lock (of hair)	0.0
𓎛𓆰𓈖𓋴𓎡𓇋𓇋𓅂𓁸𓀭𓏪	V28,M2,N35,S29,V31,M17,M17,G4,D3,A40,Z3	Hnsktyw	wearers of the side-lock (of hair)	0.0
𓎛𓆰𓈖𓊃𓎡𓇋𓇋𓏏𓁸	V28,M2,N35,O34,V31,M17,M17,X1,D3	Hnskyt	she who has braided hair	0.0
𓎛𓈖𓎡𓂠	V28,N35,V31,D39	Hnk	to present (someone), offer (something), make offering, be burdened	0.0
𓎛𓆰𓈖𓎡𓂠	V28,M2,N35,V31,D39	Hnk	make offering (to)	0.0
𓎛𓈖𓎡𓏏𓂠𓏌𓏌𓏌	V28,N35,V31,X1,D39,W24,W24,W24	Hnkt	offerings	0.0
𓎛𓆰𓈖𓎡𓏲𓂠𓏤	V28,M2,N35,V31,Z7,D39,Z1	Hnkw	(diplomatic) gifts	0.0
𓎛𓆰𓈖𓎡𓇋𓇋𓏏𓂢𓋳	V28,M2,N35,V31,M17,M17,X1,D41,S28	Hnkyt	bed, bier	0.0
𓎛𓆰𓈖𓎡𓇋𓇋𓏏𓂠𓉐𓏥	V28,M2,N35,V31,M17,M17,X1,D39,O1,Z2	Hnkyt	bed	0.0
𓎛𓈖𓎡𓏏𓋳	V28,N35,V31,X1,S28	Hnkyt	bed	0.0
𓎛𓆰𓈖𓎡𓅱𓂠	V28,M2,N35,V31,G43,D39	Hnkw	scale-pan (of a balance)	0.0
𓎛𓆰𓈖𓎡𓅱𓎝	V28,M2,N35,V31,G43,V29	Hnkw	scale-pan (of balance)	0.0
𓎛𓆰𓈖𓎡𓅱	V28,M2,N35,V31,G43,U91	Hnkw	scale-pan (of balance)	0.0
𓎛𓆰𓈖𓏏𓏭𓎨𓀜	V28,M2,N35,X1,Z4,V36,A24	Hnty	be covetous, greedy	0.0
𓎛𓎨𓋔𓏏𓆊	V28,V36,S3,X1,I3	Hnty	be covetous, greedy	0.0
𓎛𓆰𓈖𓏏𓀜	V28,M2,N35,X1,A24	Hnty	be covetous, greedy	0.0
𓎛𓆰𓈖𓏏𓆊𓀜	V28,M2,N35,X1,I3,A24	Hnty	be covetous, greedy	0.0
𓎛𓆰𓈖𓏏𓆊	V28,M2,N35,X1,I3	Hnt	greed	0.0
𓎛𓆰𓏏	V28,M2,X1	Hnt	greed	0.0
𓎛𓆰𓈖𓏏𓍔𓄿𓅪	V28,M2,N35,X1,U30,G1,G37	HntA	be in need	0.0
𓎛𓆰𓈖𓏏𓄿𓄛𓏤	V28,M2,N35,X1,G1,F27,Z1	HntA	porcupine ?	0.0
𓎛𓆰𓈖𓏏𓏭𓄛	V28,M2,N35,X1,Z4,F27	Hnti	porcupine ?	0.0
𓎛𓆰𓈖𓏏𓍔𓄿𓇓𓅱𓆈	V28,M2,N35,X1,U30,G1,M23,G43,I1	HntAsw	lizard	0.0
𓎛𓈖𓏏𓍔𓇋𓇋𓂡	V28,N35,X1,U30,M17,M17,D40	Hnty	(foreign) commander, equerry (of foreign prince)	0.0
𓎛𓈖𓏏𓅱𓇋𓇋	V28,N35,X1,G43,M17,M17	Hnty	(foreign) commander	0.0
𓎛𓆰𓈖𓍘𓇋𓇋𓏯	V28,M2,N35,U33,M17,M17,Z5	Hnty	equerry (of foreign prince)	0.0
𓎛𓆰𓈖𓏏𓄿𓄹	V28,M2,N35,X1,G1,F51	HntA	breastbone	0.0
𓎛𓁷𓂋𓈐	V28,D2,D21,N31	Hr	distant	0.0
𓎛𓁷𓂋𓈐	V28,D2,D21,N31	Hr	be far (from)	0.0
𓎛𓁷𓂋𓀜	V28,D2,D21,J19,A24	Hr	terror, dread	0.0
𓎛𓁷𓂋𓏏𓀜𓏪	V28,D2,D21,X1,A24,Z3	Hryt	terror, dread, respect	0.0
𓎛𓁷𓂋𓏏𓀜𓏪	V28,D2,D21,X1,J19,A24,Z3	Hryt	terror, dread, respect	0.0
𓎛𓂋𓊪𓈙𓀭	V28,D21,Q3,N37,A40	Hapy	Nile	0.0
𓎛𓎛𓏭𓂻	V28,V28,Z4,D54	HHy	seek, search for, be missing	0.0
𓎛𓎛𓂻	V28,V28,D54	HHy	seek, search for, be missing (from)	0.0
𓎛𓎛𓀙𓀜	V28,V28,A21,A24	HH	breaking the force ? (of a wave in wreck)	0.0
𓎛𓎿𓋴𓏏𓏌	V28,W14,S29,X1,W24	Hst	water jar	0.0
𓎛𓎿𓊃𓀁	V28,W14,O34,A2	Hsi	favour / praise (someone)	0.0
𓎛𓎿𓊃𓏏𓀁	V28,W14,O34,X1,A2	Hst	favour, praise	0.0
𓎛𓎿𓊃𓏏𓏛	V28,W14,O34,X1,Y1	Hst	praise	0.0
𓎛𓎿𓊃𓇋𓇋𓀁𓀀	V28,W14,O34,M17,M17,A2,A1	Hsy	favoured one, praised one	0.0
𓎛𓎿𓊃𓀀	V28,W14,O34,A1	Hsy	favoured, praised one	0.0
𓎛𓎿𓊃𓅱𓀁	V28,W14,O34,G43,A2	Hsy	favoured, praised one	0.0
𓎛𓎿𓏏𓏮𓀁	V28,W14,X1,Z4A,A2	Hsty	praise	0.0
𓎛𓎿𓇋𓇋𓏏𓏥	V28,W14,M17,M17,X1,Z2	Hsyt	concubines	0.0
𓎛𓎿𓊃𓅱𓍘𓇋	V28,W14,O34,G43,U33,M17	Hswti	favourite	0.0
𓎛𓎿𓊃𓂻	V28,W14,O34,D54	Hsi	turn back, turn away	0.0
𓎛𓎿𓋴𓏭𓂻	V28,W14,S29,Z4,D54	Hsi	turn back, turn away (the evil doer0	0.0
𓎛𓎿𓊃𓂻𓁷𓏤𓆑	V28,W14,O34,D54,D2,Z1,I9	Hs  Hr  .f	courageous	0.0
𓎛𓎿𓊃𓂻𓁷𓏤𓅓	V28,W14,O34,D54,D2,Z1,G17	Hs  Hr  m	face (an enemy)	0.0
𓎛𓋴𓏥	V28,S29,J2,Z2	Hs	excrement	0.0
𓎛𓋴	V28,S29,D207	Hsi	sing	0.0
𓎛𓎿𓊃𓏭𓀁	V28,W14,O34,Z4,A2	Hsi	sing	0.0
𓎛𓋴𓂢𓅱𓀀	V28,S29,D41,G43,A1	Hsw	minstrel	0.0
𓎛𓎿𓊃	V28,W14,O34	Hsw	minstrel	0.0
𓎛𓎿𓊃𓏏	V28,W14,O34,X1	Hst	minstrel	0.0
𓎛𓋴𓂢𓏏𓁐	V28,S29,D41,X1,B1	Hst	minstrel	0.0
𓎛𓎿𓇋𓇋𓏏𓂢	V28,W14,M17,M17,X1,D41	Hst	minstrel	0.0
𓎛𓎿𓋴𓊡	V28,W14,S29,P5	Hs	be cold	0.0
𓎛𓋴	V28,S29,A361	Hs	be cold	0.0
𓎛𓋴	V28,S29,A359	Hs	be cold	0.0
𓎛𓊃𓅭𓄿𓈗	V28,O34,G39,G1,N35A	HsA	milk, mucus, dough	0.0
𓎛𓋴𓄿𓈗	V28,S29,J17,G1,N35A	HsA	mucus	0.0
𓎛𓊃𓅭	V28,O34,G39	HsA	dough	0.0
𓎛𓅭	V28,G39	HsA	dough	0.0
𓎛𓅭𓏏	V28,G39,X1,E101A	HsAt	a cow goddess	0.0
𓎛𓊨𓏏	V28,Q1,X1,E101A	HsAt	a cow goddess	0.0
𓎛𓎿𓊃𓅱𓊛𓈗	V28,W14,O34,G43,P1,N35A	Hsw	spell (for protection against water)	0.0
𓎛𓋴𓃀𓏴	V28,S29,D58,Z9	Hsb	break, smash, fracture	0.0
𓎛𓋴𓃀	V28,S29,D58,J2	Hsb	breaak, smash	0.0
𓎛𓋴𓃀𓏛	V28,S29,D58,J2,Y1	Hsb	count, reckon, reckon with (offenders)	0.0
𓎛𓋴𓃀𓅱𓏛	V28,S29,D58,G43,J2,Y1	Hsbw	reckoning, account	0.0
𓎛𓋴𓃀𓏤𓏒	V28,S29,D58,J2,Z1,X4	Hsb	a type of bread	0.0
𓎛𓊃𓊪𓈈	V28,O34,Q3,N24	Hsp	garden	0.0
𓎛𓋴𓊪𓈇𓏤	V28,S29,Q3,N23,Z1	Hsp	garden	0.0
𓎛𓋴𓏠𓈖𓍖𓈒𓏥	V28,S29,Y5,N35,U32,N33,Z2	Hsmn	natron, bronze, amethyst	0.0
𓎛𓊃𓏠𓈖𓊺	V28,O34,Y5,N35,R9	Hsmn	natron	0.0
𓎛𓋴𓏠𓈖𓍖𓂐	V28,S29,Y5,N35,U32,D26	Hsmn	menstruation	0.0
𓎛𓊃𓏠𓈖𓏒𓏥	V28,O34,Y5,N35,X4,Z2	Hsmn	(type of ) food	0.0
𓎛𓋴𓈎𓏏𓌪	V28,S29,N29,X1,T30	Hsqt	chopper	0.0
𓎛𓈎𓏏𓆏	V28,N29,X1,I7	Hqt	Heqat (frog goddess)	0.0
𓎛𓈎𓏏𓁐	V28,N29,X1,B1	Hqt	Heqat (frog goddess)	0.0
𓎛𓈎𓏏𓏯𓅆	V28,N29,X1,Z5,G7	Hqt	Heqat (frog goddess)	0.0
𓎛𓈎𓏏𓋾	V28,N29,X1,S38	HqAt	sceptre	0.0
𓎛𓈎𓂋𓅪	V28,N29,D21,G37	Hqr	be hungry, hunger	0.0
𓎛𓈎𓂋𓅪	V28,N29,D21,G37	Hqr	hunger	0.0
𓎛𓈎𓂋𓀁𓀀	V28,N29,D21,A2,A1	Hqr	hungry man	0.0
𓎛𓈎𓂋𓅪𓀀	V28,N29,D21,G37,A1	Hqr	hungry man	0.0
𓎛𓂓𓄿𓏲𓀁𓏪	V28,D28,G1,Z7,A2,Z3	HqAw	magic, magic spells	0.0
𓎛𓂓𓏥	V28,D28,Z2	HqAw	magic, magic spells	0.0
𓎛𓂓𓄿𓀁𓏪	V28,D28,G1,A2,Z3	HqAw	magic, magic spells	0.0
𓎛𓂓𓇋𓇋𓏛𓀭	V28,D28,M17,M17,Y1,A40	HkAy	magician	0.0
𓎛𓂓𓏛𓏪𓀭	V28,D28,Y1,Z3,A40	HkAw	god of Magic	0.0
𓎛𓎡𓈖𓏛	V28,V31,N35,Y1	Hkn	be joyful, acclaim	0.0
𓎛𓎡𓈖𓏌𓅱𓀁	V28,V31,N35,W24,G43,A2	Hkn	acclaim (someone)	0.0
𓎛𓎡𓈖𓏌𓅱𓀁	V28,V31,N35,W24,G43,A2	Hknw	praise (to king / god), thanksgiving	0.0
𓎛𓎡𓏌𓏛	V28,V31,W24,Y1	Hknw	praise (to king / god)	0.0
𓎛𓎡𓏌𓎯	V28,V31,W24,W1	Hknw	a sacred oil	0.0
𓎛𓎡𓈖𓏌𓏲𓈒𓏥	V28,V31,N35,W24,Z7,N33,Z2	Hknw	a sacred oil	0.0
𓎛𓎼𓎼𓄹	V28,W11,W11,F51	Hgg	saliva ?	0.0
𓎛𓏏𓁸𓂡	V28,X1,D3,D40	Ht	become entangled (of hair)	0.0
𓎛𓏏𓏏𓉐	V28,X1,X1,O1	Htt	mine, quarry	0.0
𓎛𓍿𓏏𓉐	V28,V13,X1,O1	Htt	mine, quarry	0.0
𓎛𓏏𓍔𓄿𓊡	V28,X1,U30,G1,P5	HtA	sail, awning	0.0
𓎛𓏏𓍔𓄿𓋳	V28,X1,U30,G1,S28	HtA	sail, awning	0.0
𓎛𓏏𓍔𓄿𓍱	V28,X1,U30,G1,V6	HtA	shabby, threadbare, wrinkled	0.0
𓎛𓏏𓍔𓄿𓅱𓅪𓏥	V28,X1,U30,G1,G43,G37,Z2	HtAw	wrinkles ?	0.0
𓎛𓏏𓏭𓊮	V28,X1,Z4,Q7	Hty	smoke	0.0
𓎛𓏏𓇋𓇋𓏏𓄈𓄹	V28,X1,M17,M17,X1,F10,F51	Htyt	throat	0.0
𓎛𓏏𓏏𓄈	V28,X1,X1,F10	Htt	windpipe, throat	0.0
𓎛𓏏𓂝𓆱𓏤	V28,X1,D36,M3,Z1	Hta	bed	0.0
𓎛𓏏𓅱𓎺𓏥	V28,X1,G43,W10,Z2	Htw	bowls	0.0
𓎛𓊵𓏏𓊪	V28,R4,X1,Q3	Htp	satisfy, make content, pacify, occupy (throne), rest in (tomb), assume (titulary)	0.0
𓎛𓊵𓏏𓊪	V28,R4,X1,Q3	Htp	be pleased (with), be happy, be gracious (to), pardon (someone)	0.0
𓎛𓊵𓏏𓊪	V28,R4,X1,Q3	Htp	be at peace, peaceful, become calm	0.0
𓎛𓊵𓏏𓊪	V28,R4,X1,Q3	Htpw	peace, contentment, good pleasure	0.0
𓎛𓊨𓏏𓆱	V28,Q1,X1,M3	Htmt	chair	0.0
𓎛𓊨𓏏𓅓𓅭𓏛	V28,Q1,X1,G17,G39,Y1	Htm	provide	0.0
𓎛𓏏𓍃𓏛	V28,X1,U15,Y1	Htm	provide (with)	0.0
𓎛𓍃𓅓𓅯𓅪	V28,U15,G17,G41,G37	Htm	perish, be destroyed	0.0
𓎛𓊨𓏏	V28,Q1,X1	Htm	perish, be destroyed	0.0
𓎛𓊨𓏏𓍃	V28,Q1,X1,U15	Htm	perish, be destroyed	0.0
𓎛𓊨𓅪	V28,Q1,J15,G37	Htm	perish, be destroyed	0.0
𓎛𓏏𓍃𓅓𓅪	V28,X1,U15,G17,G37	Htm	perish, be destroyed	0.0
𓎛𓍃𓅓𓅯𓅪	V28,U15,G17,G41,G37	Htm	destroy, (enemies), quench (thirst)	0.0
𓎛𓍃𓂜𓅭	V28,U15,D35,G39	Htm	destroy (enemies), quench (thirst)	0.0
𓎛𓏏𓍃𓂜	V28,X1,U15,D35	Htm	destroy (enemies), quench (thirst)	0.0
𓎛𓏏𓍃𓅓𓅭	V28,X1,U15,G17,G39	Htm	destroy (enemies), quench (thirst)	0.0
𓎛𓏏𓂋𓃒	V28,X1,D21,E1	Htr	yoke (of oxen)	0.0
𓎛𓍿𓂋𓏯𓃒𓏪	V28,V13,D21,Z5,E1,Z3	Htr	yoke (of oxen)	0.0
𓎛𓏏𓂋𓃗	V28,X1,D21,E6	Htr	span (of horses), chariotry	0.0
𓎛𓏏𓂋	V28,X1,D21,E6A	Htr	span (of horses), horses, chariotry	0.0
𓎛𓏏𓂋𓆵𓏥	V28,X1,D21,M6,E6A,Z2	Htrw	span (of horses), horses, chariotry	0.0
𓎛𓏏𓂋𓆵𓏛	V28,X1,D21,M6,Y1	Htr	tax, levy, provide (a temple)	0.0
𓎛𓏏𓂋𓏛	V28,X1,D21,Y1	Htr	tax, levy, provide (a  temple with.......)	0.0
𓎛𓏏𓂋𓀁	V28,X1,D21,M7A,A2	Htr	tax, levy, provide (a  temple with.......)	0.0
𓎛𓍿𓂋𓇋	V28,V13,D21,M17,M5B	Htr	tax, levy, provide (a  temple with.......)	0.0
𓎛𓏏𓂋𓍢	V28,X1,D21,V1	Htr	bind together, be contracted (medical)	0.0
𓎛𓆵𓂋𓅱𓍢𓍢𓍢	V28,M6,D21,G43,V1,V1,V1	Htrw	lashings	0.0
𓎛𓍘𓋴	V28,U33,S29,J30	Hts	bring to an end, complete (period of time), celebrate (festival)	0.0
𓎛𓏏𓋴	V28,X1,J30,S29	Hts	bring to an end, complete (period of time), celebrate (festival)	0.0
𓎛𓍿𓏏𓃥	V28,V13,X1,E17	HTt	hyena	0.0
𓎛𓏏𓏏𓃥	V28,X1,X1,E17	HTt	hyena	0.0
𓎛𓍿𓏏𓉐	V28,V13,X1,O1	Htt	mine (building)	0.0
𓎛𓅷𓎺	V28,G47,W10	HTA	type of bread	0.0
𓎛𓍿𓍿	V28,V13,V13,D210	HTT	carry under the arm	0.0
𓎛𓍿𓍿𓏏𓂢	V28,V13,V13,X1,D41	HTT	armpit	0.0
𓎛𓍿𓍿𓏏𓄻	V28,V13,V13,X1,F51B	HTTt	armpit	0.0
𓎛𓂧𓃀𓂻	V28,D46,D58,D54	Hdb	sit (on), seat (oneself)	0.0
𓎛𓂧𓃀𓀒𓂡	V28,D46,D58,A15,D40	Hdb	overthrow, be prostrate	0.0
𓎛𓆓𓃀𓀒	V28,I10,D58,A15	HDb	overthrow, be prostrate	0.0
𓎛𓂧𓃀𓏴𓂡	V28,D46,D58,Z9,D40	Hdb	overthrow, be prostrate	0.0
𓎛𓌉𓆓𓇶	V28,T3,I10,N8	HD	white, bright	0.0
𓎛𓆓𓏴	V28,I10,Z9	HDi	damage, destruction	0.0
𓎛𓆓𓏴𓅪	V28,I10,Z9,G37	HDi	damage, destruction	0.0
𓎛𓌨𓃀	V28,T28,D58	Xry  Hbt	lector (priest)	0.0
𓎝𓎛𓏛𓁶𓏤	V29,V28,Y1,D1,Z1	wAH  tp	bow the head	0.0
𓎝𓎛𓂝	V29,V28,D36	wAH	(see entries under wAH)	0.0
𓎝𓎛𓏛𓄣𓏤	V29,V28,Y1,F34,Z1	wAH  ib	be kindly, patient,  clemency, benevolence	0.0
𓎝𓎛𓏲𓆰	V29,V28,Z7,M2	wAHw	wreath, garland, necklace	0.0
𓎝𓆰	V29,M2	wAHw	wreath, garland	0.0
𓎝𓎛	V29,V28,S11B	wAHw	necklace	0.0
𓎝𓅱𓋞	V29,G43,S12	wAH	fillet (of gold)	0.0
𓎝𓏏𓉐	V29,X1,O1	wAHt	processional station	0.0
𓎝𓎛𓇋𓇋𓏏𓏥	V29,V28,M17,M17,X1,Z2	wAHyt	temenos	0.0
𓎝𓎛𓇋𓇋𓏏𓆰	V29,V28,M17,M17,X1,M2	wAHyt	corn	0.0
𓎝𓎛𓏏𓌽𓏥	V29,V28,X1,U9,Z2	wAHyt	corn	0.0
𓎝𓇋𓇋𓏏𓌽	V29,M17,M17,X1,U9	wAHyt	corn	0.0
𓎝𓀀𓏤𓏥	V29,A1,Z1,Z2	skw	troops, companies	0.0
𓎟𓀭𓋹	V30,A40,S34	nb    anx	Lord of life	0.0
𓎟𓋹𓀿	V30,S34,A54	nb    anx	sarcophagus	0.0
𓎟𓏏𓏥	V30,X1,Z2	nbwt	the isles (of the Aegean)	0.0
𓎟𓋹𓈖𓊭	V30,S34,N35,J1,Q6	nb  anx	sarcophagus (Lord-of-Life)	0.0
𓎟𓋹𓈖𓀿	V30,S34,N35,J1,A54	nb  anx	sarcophagus (Lord-of-Life)	0.0
𓎟𓂋𓇥𓂋𓅆	V30,D21,M36,D21,G7	nb  r  Dr	Lord - of - All	0.0
𓎟	V30,G7C,G7C	nbwy	The Two Lords (Horus and Seth)	0.0
𓎟𓏏𓁐	V30,X1,B1	nbt	lady, mistress	0.0
𓎟𓏏𓉐𓏤	V30,X1,O1,Z1	nbt  pr	wife	0.0
𓎟𓏏𓁐𓇾𓈇𓏤	V30,X1,B1,N16,N23,Z1	nbt  tA	queen (Lady of the Land)	0.0
𓎟𓏏𓆗𓊪𓏏𓇯	V30,X1,I12,Q3,X1,N1	nbt  pt	Lady of Heaven	0.0
𓎟𓏏𓂋𓇥𓂋𓆗	V30,X1,D21,M36,D21,I12	nbt  r  Dr	Mistress-of-All	0.0
𓎟𓏏𓉗𓏏𓉐𓅆	V30,X1,O6,X1,O1,G7	nbt  Hwt	Nephthys (goddess)	0.0
𓎟𓏏𓏤	V30,X1,Z1	nbt	lordship, authority (of king)	0.0
𓎟𓀀𓎛𓆰𓈖𓏏𓎨𓏛𓏥	V30,A1,V28,M2,N35,X1,V36,Y1,Z2	nb  Hnt	craftsman	0.0
𓎟𓁹𓏏𓏏	V30,D4,X1,J1,X1	nb  irt  xt	Lord of Action	0.0
𓎟𓁹𓏏	V30,D4,J1,X1	nb  irt  xt	Lord of Action	0.0
𓎟𓀭𓏏𓍃𓅓	V30,A40,X1,U15,G17	nb  tm	Lord - of - All	0.0
𓎡𓄿𓀁𓆑	V31,G1,A2,I9	kA  .f	he will say	0.0
𓎡𓄿𓏏𓀁	V31,G1,X1,A2	kAt	thought, plan, device, plot	0.0
𓎡𓄿𓇋	V31,G1,M17,P2H	kAi	boat (of Nubian type)	0.0
𓎡𓄿𓅱𓈒𓏥	V31,G1,G43,N33,Z2	kAw	sycomore figs	0.0
𓎡𓄿𓅱𓏏𓏭𓀋	V31,G1,G43,X1,Z4,A9	kAwty	builder''s workman, porter	0.0
𓎡𓊪𓊶	V31,Q3,R5	kAp	burn (incense)	0.0
𓎡𓄿𓊪𓏯𓂡	V31,G1,Q3,Z5,D40	kAp	fumigate (patient)	0.0
𓎡𓄿𓊪𓉐	V31,G1,Q3,J19,O1	kAp	hut, hide (of fowler)	0.0
𓎡𓄿𓊪𓏏𓇮𓈓	V31,G1,Q3,X1,M44,N33A	kApwt	covers	0.0
𓎡𓄿𓊪𓏏𓇮𓈓𓇯𓊪𓏏	V31,G1,Q3,X1,M44,N33A,N1,Q3,X1	kApwt  pt	covers the sky	0.0
𓎡𓄿𓊪𓏲𓆊	V31,G1,Q3,Z7,I3	kApw	crocodile	0.0
𓎡𓄿𓊪𓅱𓀃	V31,G1,Q3,G43,A4,G67	kApw	Bittern	0.0
𓎡𓄿𓊪𓅱𓀃	V31,G1,Q3,G43,A4,G228	kApw	Bittern	0.0
𓎡𓄿𓊪𓄿𓊪𓇮	V31,G1,Q3,G1,Q3,M44	kApAp	cover	0.0
𓎡𓄿𓅓𓅱𓉐	V31,G1,G17,G43,O1	kAmw	vineyard, orchard	0.0
𓎡𓄿𓂋𓎅𓉐	V31,G1,D21,V19,O1	kAr	shrine	0.0
𓎡𓄿𓉔𓋴𓀁	V31,G1,O4,S29,A2	kAhs	be harsh, overbearing	0.0
𓎡𓄿𓉔𓋴𓃫𓀜	V31,G1,O4,S29,E21,A24	kAhs	be harsh, overbearing	0.0
𓎡𓄿𓈙𓈉	V31,G1,N37,N25	kAS	Kush	0.0
𓎡𓈙𓈉	V31,N37,N25	kAS	Kush	0.0
𓎡𓄿𓊃𓈉	V31,G1,O34,N25	kAS	Kush	0.0
𓎡𓄿𓋴𓌙𓈉	V31,G1,S29,T14,N25	kAS	Kush	0.0
𓎡𓏏𓅱	V31,X1,G43	kit	shout of acclaim	0.0
𓎡𓅱𓏏𓏝	V31,G43,X1,Y2	kit	shout of acclaim	0.0
𓎡𓇋𓇋𓏏	V31,M17,M17,X1	kit	shout of acclaim	0.0
𓎡𓏭𓅱𓏭	V31,Z4,G43,Z4	kywy	other, another	0.0
𓎡𓏏𓏏𓏛𓀀𓏥	V31,X1,J1,X1,Y1,A1,Z2	kt  xtw	others	0.0
𓎡𓏏𓏭𓀀𓁐𓏥	V31,X1,J1,Z4,A1,B1,Z2	kt  xtw	others	0.0
𓎡𓇋𓇋𓃷	V31,M17,M17,E32	ky	monkey	0.0
𓎡𓃀𓈖𓈉	V31,D58,N35,N25	kbn	Byblos	0.0
𓎡𓃀𓈖𓏏𓊛	V31,D58,N35,X1,P1	kbnt	(seagoing) ship	0.0
𓎡𓆑𓇿	V31,I9,N17	kf	obsidian	0.0
𓎡𓆑𓋳	V31,I9,S28	kf	uncover, unclothe, doff (clothes), strip, deprive, despoil	0.0
𓎡𓆑𓋳	V31,I9,S28	kf	strip away (of sail), clear (of sky), gather (flowers)	0.0
𓎡𓆑𓏛	V31,I9,Y1	kf	uncover, unclothe, doff (clothes), strip, deprive, despoil	0.0
𓎡𓆑𓏛	V31,I9,Y1	kf	strip away (of sail), clear (of sky), gather (flowers)	0.0
𓎡𓆑𓂡	V31,I9,D40	kf	uncover, unclothe, doff (clothes), strip, deprive, despoil	0.0
𓎡𓆑𓂡	V31,I9,D40	kf	strip away (of sail), clear (of sky), gather (flowers)	0.0
𓎡𓆑𓄖𓏛	V31,I9,F22,Y1	kf	uncover, unclothe, doff (clothes), strip, deprive, despoil	0.0
𓎡𓆑𓄖𓏛	V31,I9,F22,Y1	kf	strip away (of sail), clear (of sky), gather (flowers)	0.0
𓎡𓆑𓄿𓄖𓂻	V31,I9,G1,F22,D54	kf	uncover, unclothe, doff (clothes), strip, deprive, despoil	0.0
𓎡𓆑𓄿𓄖𓂻	V31,I9,G1,F22,D54	kf	strip away (of sail), clear (of sky), gather (flowers)	0.0
𓎡𓆑𓇋𓇋𓋳	V31,I9,M17,M17,S28	kf	uncover, unclothe, doff (clothes), strip, deprive, despoil	0.0
𓎡𓆑𓇋𓇋𓋳	V31,I9,M17,M17,S28	kf	strip away (of sail), clear (of sky), gather (flowers)	0.0
𓎡𓆑𓄿𓄖𓋳𓂡	V31,I9,G1,F22,S28,D40	kf	uncover, unclothe, doff (clothes), strip, deprive, despoil	0.0
𓎡𓆑𓄿𓄖𓋳𓂡	V31,I9,G1,F22,S28,D40	kf	strip away (of sail), clear (of sky), gather (flowers)	0.0
𓎡𓆑𓏏𓌪	V31,I9,X1,T30	kft	gash	0.0
𓎡𓆑𓏏𓏛𓏥	V31,I9,X1,Y1,Z2	kft	trustworthiness	0.0
𓎡𓆑𓄿𓂐	V31,I9,G1,D26	kfA	flow forth	0.0
𓎡𓆑𓆑𓂐	V31,I9,I9,D26	kff	suck, flow forth	0.0
𓎡𓆑𓄿𓄖𓏛𓄣𓏤	V31,I9,G1,F22,Y1,F34,Z1	kfA  ib	trustworthy	0.0
𓎡𓆑𓄿𓄖𓏛𓄣𓏤𓁷	V31,I9,G1,F22,Y1,F34,Z1,D2	kfA  ib  Hr	trust in	0.0
𓎡𓆑𓂝𓂬	V31,I9,D36,D49	kfa	make captures, make requisition	0.0
𓎡𓆑𓂝𓂡	V31,I9,D36,D272,D40	kfa	make captures	0.0
𓎡𓆑𓂝𓂡	V31,I9,D36,D40	kfa	make captures	0.0
𓎡𓆑𓂝𓍢𓂡	V31,I9,D36,V1,D40	kfa	make requisition	0.0
𓎡𓆑𓂝𓂬	V31,I9,D36,D49	kfa	booty, captures	0.0
𓎡𓆑𓂝𓂡	V31,I9,D36,D40	kfa	shoot at (traget)	0.0
𓎡𓆑𓂝𓅱𓂬𓂡	V31,I9,D36,G43,D49,D40	kfaw	warrior	0.0
𓎡𓆑𓂝𓂬𓂡	V31,I9,D36,D49,D40	kfaw	warrior	0.0
𓎡𓆑𓅂𓈉	V31,I9,G4,N25	kftyw	Crete ?	0.0
𓎡𓆑𓍘𓅱𓈉	V31,I9,U33,G43,N25	kftyw	Crete ?	0.0
𓎡𓆑𓍘𓅱𓊛𓏥	V31,I9,U33,G43,P1,Z2	kftiw	a type of sea - going ships	0.0
𓎡𓈖𓏏𓅪𓏥	V31,N35,X1,G37,Z2	knt	dislike (of someone)	0.0
𓎡𓈖𓇋𓀁	V31,N35,M17,A2	kni	be sullen	0.0
𓎡𓈖𓇋𓂉	V31,N35,M17,D19	kni	be sullen	0.0
𓎡𓈖𓇋𓀁	V31,N35,M17,A2	kni	sullenness	0.0
𓎡𓈖𓇋𓀢	V31,N35,M17,A30	kni	sullenness	0.0
𓎡𓏭𓈖𓂝𓈖𓍇𓏌	V31,Z4,N35,D36,N35,U19,W24	knanw	Canaanites	0.0
𓎡𓈖𓅓𓄛	V31,N35,G17,F27	knm	wrap (in)	0.0
𓎡𓈖𓌰𓅓𓏏𓇰	V31,N35,T34,G17,X1,N2	knmt	darkness	0.0
𓎡𓈖𓌰𓅓𓏏𓅂𓏥𓈉	V31,N35,T34,G17,X1,G4,Z2,N25	knmtyw	they who dwell in darkness (name of a conquered people)	0.0
𓎡𓈖𓈖𓆱	V31,N35,N35,M3	knn	Sweet flag	0.0
𓎡𓈖𓎛𓇰	V31,N35,V28,N2	knH	dark, darken	0.0
𓎡𓈖𓎛𓅱𓇰	V31,N35,V28,G43,N2	knHw	darkness	0.0
𓎡𓈖𓋴𓄹	V31,N35,S29,F51	kns	pubic region ?	0.0
𓎡𓈖𓎡𓈖𓄖	V31,N35,V31,N35,F22	knkn	lash out (with tail)	0.0
𓎡𓂋𓊪𓂷𓂡	V31,D21,Q3,D51,D40	krp	scrape out (inscription)	0.0
𓎡𓉔𓄿𓀁	V31,O4,G1,A2	khA	raise (the voice), utter (a bellow), rage furiously	0.0
𓎡𓉔𓄿𓏝	V31,O4,G1,Y2	khA	raise (the voice)	0.0
𓎡𓉔𓄿𓂡	V31,O4,G1,D40	khA	utter (a bellow)	0.0
𓎡𓉔𓃀𓃫𓀜	V31,O4,D58,E21,A24	khb	harm (someone), be violent, roar, howl	0.0
𓎡𓎛𓎡𓎛𓀘	V31,V28,V31,V28,A20	kHkH	become old	0.0
𓎡𓎛𓎡𓎛𓏏𓀁	V31,V28,V31,V28,X1,A2	kHkHt	hacking (of cough)	0.0
𓎡𓊃𓄇	V31,O34,F9	ks	pose	0.0
𓎡𓊃𓀘	V31,O34,A20	ksi	bend down, bow down, be prostrate	0.0
𓎡𓊃𓀓𓂢	V31,O34,A16,D41	ksi	bend down, bow down, be prostrate	0.0
𓎡𓋴𓅱𓀓	V31,S29,G43,A16	ksw	bowings	0.0
𓎡𓀓𓏪	V31,A16,Z3	ksw	bowings	0.0
𓎡𓋴𓅱𓀘	V31,S29,G43,A20	ksw	bowings	0.0
𓎡𓊃𓅓𓂢𓂡	V31,O34,G17,D41,D40	ksm	defy, browbeat, profane (temple)	0.0
𓎡𓊃𓅓𓂢𓅪	V31,O34,G17,D41,G37	ksm	defy, browbeat	0.0
𓎡𓎡𓅱𓇰	V31,V31,G43,N2	kkw	darkness	0.0
𓎡𓎡𓅱𓇰𓄥𓅱𓇰	V31,V31,G43,N2,F36,G43,N2	kkw smAw	twilight	0.0
𓎡𓏏𓅪	V31,X1,G37	kt	pettiness	0.0
𓎡𓏏𓏤𓅪	V31,X1,Z1,G37	kt	pettiness	0.0
𓎡𓏏𓅱𓏏𓎺𓏥	V31,X1,G43,X1,W10,Z2	ktwt	cauldrons	0.0
𓎡𓏏𓎡𓏏𓀁	V31,X1,V31,X1,A2	ktkt	quiet	0.0
𓎡𓏏𓎡𓏏𓏴𓂻	V31,X1,V31,X1,Z9,D54	ktkt	quiver	0.0
𓎡𓏏𓏏𓅪	V31,X1,X1,G37	ktt	small, trifling, a trifle	0.0
𓎡𓏏𓏏𓅪𓁐	V31,X1,X1,G37,B1	ktt	girl	0.0
𓎤	V33	arf	bag	0.0
𓎤𓏤𓋳	V33,Z1,S28	sSrw	linen	0.0
𓎤𓂋𓅱𓎤𓈓	V33,D21,G43,V33,N33A	sSrw	linen bags	0.0
𓎤𓏤𓌽𓏥	V33,Z1,U9,Z2	sSrw	corn	0.0
𓎤𓏤𓏛𓏥	V33,Z1,Y1,Z2	sSrw	things, actions, course, manner (of action)	0.0
𓎤𓃀𓃀𓈅𓏥	V33,D58,D58,N21,Z2	gbb	earth	0.0
𓎤𓃀𓎤𓃀	V33,D58,V33,D58	gbgb	fell (enemy)	0.0
𓎤𓃀𓅂𓊖	V33,D58,G4,O49	gbtyw	Koptos	0.0
𓎤𓋴𓄿𓊖	V33,S29,J17,G1,O49	gsA	Apollonopolis (Kus)	0.0
𓎤𓎤𓋴𓏭𓊖	V33,V33,S29,Z4,O49	gsA	Apollonopolis	0.0
𓎤𓎤𓅱𓁻	V33,V33,G43,D6	ggwy	stare	0.0
𓎨𓏏𓏛𓏥	V36,X1,Y1,Z2	Hnt	occupation, craft, business, services	0.0
𓎨𓎨	V36,V36	Hnty	the two sides, the two ends (of space)	0.0
𓎨𓏏𓏭	V36,X1,Z4	Hnty	the two sides (of time), the two ends (of time), eternity	0.0
	V36G	Hn	occupy (one''s hands with business)	0.0
𓎩𓂋𓃒𓈓	V37,D21,E1,N33A	idr	herd	0.0
𓎩𓂋𓇋𓇋𓏏𓅪	V37,D21,M17,M17,X1,G37	idryt	punishment	0.0
𓎬𓏏𓏤	V39,X1,Z1	tit	an amulet	0.0
𓍯𓄿𓏏𓍢	V4,G1,X1,V1	wAt	cord	0.0
𓍯𓄿𓏏𓈐	V4,G1,X1,N31	wAt	road, way	0.0
𓍯𓄿𓊮	V4,G1,Q7	wAi	roast ? (grain)	0.0
𓍯𓄿𓇋𓊮	V4,G1,M17,Q7	wAi	roast ? (grain)	0.0
𓍯𓄿𓂝𓅱𓂡	V4,G1,D36,G43,D40	wAaw	captain ? (of ship)	0.0
𓍯𓄿𓅱𓈗	V4,G1,G43,N35A	wAw	wave (of the sea)	0.0
𓍯𓄿𓍯𓄿𓀁	V4,G1,V4,G1,A2	wAwA	take counsel	0.0
𓍯𓍯𓏏𓍢	V4,V4,X1,V1	wAwAt	cord	0.0
𓍯𓍯𓏏𓎆	V4,V4,X1,V20	wAwAt	cord	0.0
𓍯𓄿𓍯𓄿𓏏𓊮	V4,G1,V4,G1,X1,Q7	wAwAt	fiery one ?	0.0
𓍯𓍯𓏏𓈉	V4,V4,X1,N25	wAwAt	Wawat (Northern Nubia)	0.0
𓍯𓍯𓇋𓇋𓏏𓈉	V4,V4,M17,M17,X1,N25	wAwAi	Wawat	0.0
𓍯𓄿𓃀𓆰	V4,G1,D58,M2	wAb	root (of plant), socket (of eye, leg, tooth)	0.0
𓍯𓄿𓃀𓆰	V4,G1,D58,M2	wAb	rooted (to the spot)	0.0
𓍯𓄿𓃀𓍢	V4,G1,D58,V1	wAb	cloth ?, swaddling - clothes	0.0
𓍯𓄿𓃀𓏏𓈇	V4,G1,D58,X1,N23	wAbt	high-lying agriculural land	0.0
𓍯𓃀𓏏𓈇	V4,D58,X1,N23	wAbt	high - lying agricultural land	0.0
𓍯𓄿𓃀𓏏𓏥	V4,G1,D58,X1,Z2	wAbt	body of the Red Crown	0.0
𓍯𓄿𓅓𓊮	V4,G1,G17,Q7	wAm	bake ?	0.0
𓍯𓄿𓂋𓏏𓍢	V4,G1,D21,X1,V1	wArt	draw - rope (of clap-net)	0.0
𓍯𓄿𓎛𓎝𓀜	V4,G1,V28,V29,A24	wAH	(see entries under wAH)	0.0
𓍯𓎛𓎝𓅱𓏏𓏒𓏥	V4,V28,V29,G43,X1,X4,Z2	wAHwt	oblations	0.0
𓍯𓎛𓏏	V4,V28,X1,R33	wAHwt	oblations	0.0
𓍯𓎛𓋝𓆰𓆰𓆰	V4,V28,S11,M2,M2,M2	wAHw	wreath, garland	0.0
𓍯𓄿𓎛𓎝𓍢	V4,G1,V28,V29,V1	wAHw	necklace	0.0
𓍯𓇇	V4,J1,M15	wAx	flood	0.0
𓍯𓄿𓇇𓆰𓏥	V4,G1,J1,M15,M2,Z2	wAx	flood	0.0
𓍯𓄿𓇇	V4,G1,J1,M15	wAxi	be inundated, be content	0.0
𓍯	V4,J1	wAxi	be inundated (of land), be content (of persons)	0.0
𓍯𓄿𓏭𓇇𓉐	V4,G1,J1,Z4,M15,O1	wAxy	columned forecourt	0.0
𓍯𓄿𓇇𓉐	V4,G1,J1,M15,O1	wAxy	columned forecourt	0.0
𓍯𓇇𓉹	V4,M15,O27	wAxy	columned forecourt	0.0
𓍯𓋴𓌀	V4,S29,S40	wAs	sceptre	0.0
𓍯𓄿𓋴𓌀	V4,G1,S29,S40	wAsi	be ruined, decayed	0.0
𓍯𓄿𓈙𓀠	V4,G1,N37,A28	wAS	be honoured, be strong, honour	0.0
𓍯𓈙𓀢𓏛	V4,N37,A30,Y1	wAS	honour	0.0
𓍯𓄿𓎼𓀁	V4,G1,W11,A2	wAg	shouting	0.0
𓍯𓄿𓎼𓎱	V4,G1,W11,W3	wAg	a religious festival	0.0
𓍯𓎼𓎱	V4,W11,W3	wAg	Wag  festival (a religious festival)	0.0
𓍯𓄿𓎼𓎳	V4,G1,W11,W4	wAg	Wag  festival (a religious festival)	0.0
𓍯𓄿𓎼	V4,G1,W11,X4H	wAg	Wag  festival (a religious festival)	0.0
𓍯𓄿𓏏𓅱𓏥	V4,G1,X1,G43,A482,Z2	wAtw	conspirators ?	0.0
𓍯𓆓𓇆	V4,I10,M14	wAD	fortunate, happy	0.0
𓍯𓆓𓈋𓁼𓈓	V4,I10,N26,D7,N33A	wADw	green eye - paint	0.0
𓍯𓆓𓅱𓁼𓈓	V4,I10,M13A,G43,D7,N33A	wADw	green eye - paint	0.0
𓍯𓄿𓆓𓏏	V4,G1,I10,X1	wADt	bow (of ship)	0.0
𓍯𓆓𓆓𓏏𓇅	V4,I10,I10,X1,M13	wADDt	vegetation	0.0
𓍰𓏏	V5,X1	snT	measure out (land), found (a house etc), form (limbs), refix (eyes of the dead)	0.0
𓍰𓏏𓏏𓈇	V5,X1,X1,N23	sntt	foundation, plan	0.0
𓍱𓇆𓏥	V6,M14,Z2	wADt	green linen	0.0
𓍱𓏤𓌽𓏥	V6,Z1,U9,Z2	sSrw	corn	0.0
𓍱𓊃𓂋𓅱𓏛𓏥	V6,O34,D21,G43,Y1,Z2	sSrw	things, actions, course, manner (of action)	0.0
𓍱𓊃	V6,O34,Q19	Ss	bier ?	0.0
𓍱𓋴𓍢	V6,S29,V1	Ss	rope	0.0
𓍱𓎱	V6,W3	Ss	alabaster, vessels of alabaster	0.0
𓍱𓄫	V6,F40,E103	SsAw	bubalis antelope	0.0
𓍱𓊃𓅓𓁹	V6,O34,G17,D4	Ssm	be bloodshot (of eyes)	0.0
𓍱𓊃𓅓𓄛	V6,O34,G17,F27	Ssm	leather roll ?, baton	0.0
𓍱𓊃𓅓𓏏𓊌	V6,O34,G17,X1,O39	Ssmt	malachite	0.0
𓍱𓋴𓂋𓌕	V6,S29,D21,T11	Ssr	arrow	0.0
𓍱𓊃𓂋𓄓	V6,O34,D21,F20	Ssr	tongue	0.0
𓍱𓊃𓂋𓀁	V6,O34,D21,A2	Ssr	utter, express	0.0
𓍱𓋴𓂋𓏛	V6,S29,D21,Y1	Ssr	utter, express	0.0
𓍱𓍱𓅱𓏏𓁹𓏥	V6,V6,G43,X1,D4,Z2	ggwy	stare	0.0
𓍲𓈖𓆭	V7,N35,M1	Sn	tree	0.0
𓍲𓈖𓍢𓂡	V7,N35,V1,D40	Sni	encircle, enclose, surround,	0.0
𓍲𓈖𓍢𓂻	V7,N35,V1,D54	Sni	encircle	0.0
𓍲𓈖𓍢𓏳	V7,N35,V1,Z8	Sni	encircle	0.0
𓍲𓈖𓍢𓂂	V7,N35,V1,D12	Sni	cover (diseased eye)	0.0
𓍲𓈖𓏌𓅱𓍢	V7,N35,W24,G43,V1	Snw	circuit, circumference	0.0
𓍲𓇋𓇋	V7,M17,M17	Snw	circuit, circumference	0.0
𓍲𓈖𓂂	V7,N35,D12	Snw	circuit, circumference	0.0
𓍲𓈖𓏌𓅱𓍷	V7,N35,W24,G43,V10	Snw	circuit, circumference	0.0
𓍲𓈖𓏌𓏳	V7,N35,W24,Z8	Snw	enclosure	0.0
𓍲𓈖𓏌𓅱𓍶	V7,N35,W24,G43,V9	Snw	cartouche	0.0
𓍲𓈖𓏌𓏲𓍷𓊌	V7,N35,W24,Z7,V10,O39	Snw	cartouche - amulet	0.0
𓍲𓈖𓏌𓏲𓍢	V7,N35,W24,Z7,V1	Snw	net, meshes (of net)	0.0
𓍲𓈖𓅨𓂋𓈗𓈘	V7,N35,G36,D21,N35A,N36	Sn  wr	ocean	0.0
𓍲𓈖𓅨𓂋𓈘	V7,N35,G36,D21,N36	Sn  wr	ocean	0.0
𓍲𓈖𓏌𓏲𓏏𓀘𓀀𓏥	V7,N35,W24,Z7,X1,A20,A1,Z2	Snwt	entourage	0.0
𓍲𓈖𓇋𓇋𓏏𓀀𓏪	V7,N35,M17,M17,X1,A1,Z3	Snwt	entourage	0.0
𓍲𓈖𓏌𓅱𓏏𓀭𓏪	V7,N35,W24,G43,X1,A40,Z3	Snwt	entourage	0.0
𓍲𓈖𓇋𓇋𓏏𓀘𓀀𓏥	V7,N35,M17,M17,X1,A20,A1,Z2	Snwt	entourage	0.0
𓍲𓈖𓅪	V7,N35,G37	Sni	suffer in (oneself), suffer from (something)	0.0
𓍲𓈖𓏌𓅱𓅪𓏥	V7,N35,W24,G43,G37,Z2	Snw	troubles, need	0.0
𓍲𓈖𓍢𓀁	V7,N35,V1,A2	Sni	inquire into (a matter), question (someone), litigate	0.0
𓍲𓈖𓍢𓀁	V7,N35,V1,A2	Sni	curse, utter (sedition), exorcise, conjure (sickness)	0.0
𓍲𓈖𓏭𓀁	V7,N35,Z4,A2	Sni	curse	0.0
𓍲𓈖𓏌𓅱𓀁	V7,N35,W24,G43,A2	Snw	enquiry	0.0
𓍲𓈖𓏏𓍢𓀁	V7,N35,X1,V1,A2	Snt	spell, conjuration, curse	0.0
𓍲𓈖𓆊	V7,N35,I3	Sn	be infested with crocodiles	0.0
𓍲𓈖𓏏𓍢	V7,N35,X1,V1	SnT	sheriff	0.0
𓍲𓈖𓏌𓏲𓁸	V7,N35,W24,Z7,D3	Snw	hair, grass	0.0
𓍲𓈖𓏭𓁸𓏥	V7,N35,Z4,D3,Z2	Snw	hair, grass	0.0
𓍲𓈖𓏭𓁸𓏥𓇾𓈇𓏤𓆰𓇠	V7,N35,Z4,D3,Z2,N16,N23,Z1,M2,M33	Sny  tA	fenugreek ?	0.0
𓍲𓈖𓇋𓇲	V7,N35,M17,N4	Sni	dispel (strife)	0.0
𓍲𓈖𓇋𓇋𓏏𓇲	V7,N35,M17,M17,X1,N4	Snyt	storm	0.0
𓍲𓏏𓇋𓇲	V7,X1,M17,N4	Snyt	storm	0.0
𓍲𓈖𓇋𓏏𓈒𓈒𓈒	V7,N35,M17,X1,N33,N33,N33	Snyt	storm	0.0
𓍲𓈖𓂝𓂻	V7,N35,D36,D54	Sna	turn back, repulse, repel, police (district), detain, dart about (of fish)	0.0
𓍲𓈖𓂝𓍕𓉐	V7,N35,D36,U31,O1	Sna	turn back, repulse, repel, police (district), detain, dart about (of fish)	0.0
𓍲𓈖𓂝𓃭𓂻	V7,N35,D36,E23,D54	Sna	turn back, repulse, repel, police (district), detain, dart about (of fish)	0.0
𓍲𓈖𓂝𓇋𓇋𓀜	V7,N35,D36,M17,M17,A24	Sna	turn back, repulse, repel, police (district), detain, dart about (of fish)	0.0
𓍲𓈖𓂝𓂡𓀀	V7,N35,D36,D40,A1	Sna	constable, policeman	0.0
𓍲𓈖𓂝𓍁𓅱𓀀	V7,N35,D36,U13,G43,A1	Snaw	police	0.0
𓍲𓈖𓂝𓏏𓀜	V7,N35,D36,X1,A24	Snat	detention	0.0
𓍲𓈖𓂝𓅱𓍁𓂻	V7,N35,D36,G43,U13,D54	Snaw	policing	0.0
𓍲𓈖𓂝𓄹	V7,N35,D36,F51	Sna	breast	0.0
𓍲𓈖𓂝𓍁𓇲	V7,N35,D36,U13,N4	Sna	storm - cloud	0.0
𓍲𓈖𓂝𓏲𓍁𓉐	V7,N35,D36,Z7,U13,O1	Snaw	storehouse, labour establishment	0.0
𓍲𓏌𓏏𓊚	V7,W24,X1,O51	Snwt	granary	0.0
𓍲𓈖𓃀𓏏𓄹	V7,N35,D58,X1,F51	Snbt	breast	0.0
𓍲𓈖𓃀𓅌𓏏	V7,N35,D58,G11,X1	Snbt	breast	0.0
𓍲𓈖𓋴𓏳	V7,N35,S29,Z8	Sns	a cake or loaf	0.0
𓍲𓊃𓏑	V7,O34,X3	Sns	a cake or loaf	0.0
𓍲𓊃𓏐	V7,O34,X2	Sns	a cake or loaf	0.0
𓍲𓋴𓊵	V7,S29,R4	Snsw	slab (for offerings)	0.0
𓍲𓈖𓏏𓏭𓅣	V7,N35,X1,Z4,G31	Snty	heron	0.0
𓍲𓈖𓍿𓀜	V7,N35,V13,A24	SnT	revile (God), oppose (someone), punish (crime)	0.0
𓍲𓈖𓏏𓀜	V7,N35,X1,A24	SnT	revile (God), oppose (someone), punish (crime)	0.0
𓍲𓈖𓏏𓍢𓀁	V7,N35,X1,V1,A2	SnT	revile (God), oppose (someone), punish (crime)	0.0
𓍲𓈖𓍿𓀜𓄣𓏤	V7,N35,V13,A24,F34,Z1	SnT  ib	be angry	0.0
𓍲𓈖𓍿	V7,N35,V13	SnT	sheriff	0.0
𓍲𓈖𓏏𓍢	V7,N35,X1,V1	SnT	sheriff	0.0
𓍲𓈖𓍿𓏏	V7,N35,V13,X1,D249	SnTt	strife, quarrel	0.0
𓍲𓈖𓍿𓏏𓍢	V7,N35,V13,X1,V1	SnTt	strife, quarrel	0.0
𓍲𓈖𓏏𓏏𓍢𓅪	V7,N35,X1,X1,V1,G37	SnTt	strife, quarrel	0.0
𓍲𓈖𓍿𓅱𓀁	V7,N35,V13,G43,A2	SnTw	strife, quarrel	0.0
𓍲𓈖𓍿𓏝	V7,N35,V13,Y2	SnTw	strife, quarrel	0.0
𓍲𓈖𓍘𓇋𓇋𓀁	V7,N35,U33,M17,M17,A2	SnTw	strife, quarrel	0.0
𓍲𓈖𓍘𓇋𓇋𓀐	V7,N35,U33,M17,M17,A14	SnTw	strife, quarrel	0.0
𓍲𓈖𓍘𓇋𓇋𓀜	V7,N35,U33,M17,M17,A24	Snty	quarrelsome man, foe (of king), courtier	0.0
𓍲𓈖𓏏𓀜𓀀	V7,N35,X1,A24,A1	Snty	quarrelsome man, foe (of king), courtier	0.0
𓍲𓈖𓆓𓏏𓆭	V7,N35,I10,X1,M1	Sndt	Nile acacia tree	0.0
𓍲𓈖𓂧𓏏𓆭	V7,N35,D46,X1,M1	Sndt	Nile acacia tree	0.0
𓍲𓈖𓂧𓇋𓇋𓏏𓋳	V7,N35,D46,M17,M17,X1,S28	SnDwt	kilt, apron	0.0
𓍲𓈖𓆓𓏏𓏭𓀀	V7,N35,I10,X1,Z4,A1	SnDty	wearer of a kilt	0.0
𓍲𓈖𓆓𓏏𓀀	V7,N35,I10,X1,A1	SnDty	wearer of a kilt	0.0
𓍵𓏌𓅱𓍢	V8,W24,G43,V1	Snw	circuit, circumference	0.0
𓍵𓈖𓏳	V8,N35,Z8	Snw	net, meshes (of net)	0.0
𓍵𓅨𓈘	V8,G36,N36	Sn  wr	ocean	0.0
𓏏𓏏𓂻𓏥	V84,X1,X1,D54,Z2	nmtt	stride, journeys, movements, actions, (legal) procedure	0.0
𓎯𓏏𓊖	W1,X1,O49	bAst	Bubastis	0.0
𓎯𓏏𓏏	W1,X1,X1,C164	bAstt	Bastet	0.0
𓎯𓏏𓏏	W1,X1,X1	bAstt	Bastet	0.0
𓎯𓏏𓏏𓁐	W1,X1,X1,B1	bAstt	Bastet	0.0
𓎯𓏪	W1,Z3	mrHt	oil, grease	0.0
𓎺𓏏𓉐	W10,X1,O1	wsxt	hall, court	0.0
𓎻𓅡𓏱	W10A,G29,Z6	bA	soul, BA	0.0
𓎼𓊪𓇲	W11,Q3,N4	igp	be overcast (of sky)	0.0
𓎼𓏏𓏤	W11,X1,Z1	nst	seat, throne	0.0
𓎼𓏏𓊩	W11,X1,Q2	nst	seat, throne	0.0
𓎼𓄿𓅪	W11,G1,J2,G37	gAw	be narrow, constricted, languish, lack, be lacking	0.0
𓎼𓄿𓎣𓅪	W11,G1,V32,G37	gAw	be narrow, constricted	0.0
𓎼𓄿𓅪	W11,G1,J2,G37	gAw	deprive (of)	0.0
𓎼𓄿𓂉	W11,G1,D19	gAw	deprive (of)	0.0
𓎼𓂉	W11,D19	gAw	deprive (of)	0.0
𓎼𓄿𓍘𓇋𓆱	W11,G1,U33,M17,M3	gAti	shrine	0.0
𓎼𓄿𓅱𓎣𓅪	W11,G1,G43,V32,G37	gAw	lack	0.0
𓎼𓄿𓅱𓅪𓏥	W11,G1,G43,J2,G37,Z2	gAw	lack	0.0
𓎼𓄿𓏲𓏏𓅪𓏥	W11,G1,Z7,X1,J2,G37,Z2	gAwt	lack, want	0.0
𓎼𓄿𓏏𓎣𓅪	W11,G1,X1,V32,G37	gAwt	lack, want	0.0
𓎼𓄿𓏏𓅱𓎣𓎣𓎣	W11,G1,X1,G43,V32,V32,V32	gAwt	dues, tribute	0.0
𓎼𓅱𓏥	W11,G43,J2,Z2	gAwt	dues, tribute	0.0
𓎼𓄿𓃀𓂢	W11,G1,D58,D41	gbA	arm	0.0
𓎼𓄿𓊪𓌪	W11,G1,Q3,T30	gAp	lance (an infection)	0.0
𓎼𓄿𓎛𓀉	W11,G1,V28,A7	gAH	be weary	0.0
𓎼𓎛𓀉	W11,V28,A7	gAH	be weary	0.0
𓎼𓄿𓎼𓄿𓀁	W11,G1,W11,G1,A2	gAgA	cackle	0.0
𓎼𓇋𓅱𓆰𓏥	W11,M17,G43,M2,Z2	giw	Cyperus sedge	0.0
𓎼𓇋𓇋𓏖	W11,M17,M17,X6	gy	an offering - loaf	0.0
𓎼𓇋𓆑	W11,M17,I9	gif	monkey	0.0
𓎼𓅱𓃒	W11,G43,E1	gw	class of bull	0.0
𓎼𓍯𓄿𓁶𓂡	W11,V4,G1,D1,D40	gwA	pull tight, be choked	0.0
𓎼𓍯𓄿𓁶𓂡𓂋	W11,V4,G1,D1,D40,D21	gwA  r	beseige (a city)	0.0
𓎼𓍯𓊗𓏮𓁶	W11,V4,O50,Z4A,D1	gwAwA	strangle - hold	0.0
𓎼𓍯𓄿𓇋𓇋𓏯𓁶𓏳	W11,V4,G1,M17,M17,Z5,D1,Z8	gwAwA	strangle - hold	0.0
𓎼𓍯𓄿𓏏𓁶𓆱	W11,V4,G1,X1,D1,M3	gwAt	chest	0.0
𓎼𓅱𓆑𓃷	W11,G43,I9,E32	gwf	monkey	0.0
𓎼𓅱𓈙𓁹	W11,G43,N37,D4	gwS	become askew, bent, twisted, turn away, abandon	0.0
𓎼𓅱𓈙𓂻	W11,G43,N37,D54	gwS	become askew, bent, twisted, turn away, abandon	0.0
𓎼𓅱𓈙𓂽	W11,G43,N37,D55	gwS	become askew, bent, twisted, turn away, abandon	0.0
𓎼𓅱𓈙𓏴𓂡	W11,G43,N37,Z9,D40	gwS	become askew, bent, twisted, turn away, abandon	0.0
𓎼𓅱𓈙𓏴𓅪	W11,G43,N37,Z9,G37	gwS	become askew, bent, twisted, turn away, abandon	0.0
𓎼𓅱𓎼𓀁	W11,G43,W11,A2	gwg	shout (at)	0.0
𓎼𓃀𓅬	W11,D58,G38	gb	goose	0.0
𓎼𓃀𓃀𓀭	W11,D58,D58,A40	gb	Geb (the Earth god)	0.0
𓎼𓃀𓏴	W11,D58,Z9	gb	deficiency, deprivation	0.0
𓎼𓏤𓃀	W11,Z1,D58	gb	deficiency	0.0
𓎼𓃀𓏴𓅪	W11,D58,Z9,G37	gb	deprivation	0.0
𓎼𓃀𓅡𓄿𓂢	W11,D58,G29,G1,D41	gbA	arm	0.0
𓎼𓃀𓂢	W11,D58,D41	gbA	arm	0.0
𓎼𓄿𓃀𓂢	W11,G1,D58,D41	gbA	arm	0.0
𓎼𓃀𓅡𓄿𓂢𓈇𓏤	W11,D58,G29,G1,D41,N23,Z1	gbA	side (of room)	0.0
𓎼𓃀𓎼𓃀𓀉𓅪	W11,D58,W11,D58,A7,G37	gbgb	be lame	0.0
𓎼𓃀𓎼𓃀𓏴𓀜	W11,D58,W11,D58,Z9,A24	gbgb	be lame	0.0
𓎼𓃀𓎼𓃀𓀉𓅪	W11,D58,W11,D58,A7,G37	gbgb	fell (enemy)	0.0
𓎼𓃀𓅂𓊖𓏏𓏤	W11,D58,G4,O49,X1,Z1	gbtyw	Koptos	0.0
𓎼𓊪𓈗𓈖𓈗	W11,Q3,N35A,N35,N35A	gp  n  mw	cloudburst	0.0
𓎼𓆑𓄛	W11,I9,F27	gf	long - tailed monkey	0.0
𓎼𓇋𓆑𓃷	W11,M17,I9,E32	gif	monkey	0.0
𓎼𓄿𓆑	W11,G1,I9,E53	gAf	monkey	0.0
𓎼𓆑𓈖𓂉𓀁	W11,I9,N35,D19,A2	gfn	rebuff	0.0
𓎼𓈖𓆑𓂊𓀁	W11,N35,I9,D20,A2	gfn	rebuff	0.0
𓎼𓅓𓏏	W11,G17,X1	gmt	black ibis	0.0
𓎼𓌳𓄿𓄹	W11,U1,G1,F51	gmA	temple (of head)	0.0
𓎼𓅓𓎛𓇓𓅱	W11,G17,V28,M23,G43,G158	gmHsw	hawk	0.0
𓎼𓈖𓎛𓋴𓅱	W11,N35,V28,S29,G43,G158	gmHsw	hawk	0.0
𓎼𓅓𓎼𓅓𓏴	W11,G17,W11,G17,Z9	gmgm	tear up (books)	0.0
𓎼𓈖	W11,N35,R88	gn	stand (for ritual bowl)	0.0
𓎼𓈖𓏌𓏲𓆱𓏥	W11,N35,W24,Z7,M3,Z2	gnw	branches (of trees)	0.0
𓎼𓈖𓏌𓅱𓏏𓌟𓍼𓈓	W11,N35,W24,G43,X1,T19,V12,N33A	gnwt	records, annals	0.0
𓎼𓈖𓏏𓌟𓏛𓏥	W11,N35,X1,T19,Y1,Z2	gnwt	records, annals	0.0
𓎼𓈖𓏌𓏏𓌟𓌟𓌟	W11,N35,W24,X1,T19,T19,T19	gnwt	records, annals	0.0
𓎼𓈖𓏌𓅱𓏏𓌟𓌟𓌟𓏛𓏛𓏛	W11,N35,W24,G43,X1,T19,T19,T19,Y1,Y1,Y1	gnwt	records, annals	0.0
𓎼𓈖𓃀𓏏𓅱𓁸𓀭𓏪	W11,N35,D58,X1,G43,D3,A40,Z3	gnbtw	a foreign people from Pwenet	0.0
𓎼𓈖𓈖𓀉	W11,N35,N35,A7	gnn	be weak, be soft	0.0
𓎼𓂜𓈖𓀉	W11,D35,N35,A7	gnn	be weak, be soft	0.0
𓎼𓈖𓏌𓏲𓏏𓀉𓅪𓏥	W11,N35,W24,Z7,X1,A7,G37,Z2	gnnwt	weakness	0.0
𓎼𓈖𓏌𓏲𓇋𓇋𓄹𓏥	W11,N35,W24,Z7,M17,M17,F51,Z2	gnwy	suet	0.0
𓎼𓈖𓏌𓏲𓄹𓏥	W11,N35,W24,Z7,F51,Z2	gnwy	suet	0.0
𓎼𓈖𓄡𓈔	W11,N35,F32,N34	gnX	mount (poles in gold)	0.0
𓎼𓈖𓄡𓏏𓇼	W11,N35,F32,X1,N14	gnXt	star	0.0
𓎼𓈖𓄡𓇼	W11,N35,F32,N14	gnX	serve (someone)	0.0
𓎼𓈖𓎼𓆴𓀁	W11,N35,W11,M5,A2	gng	falsehood	0.0
𓎼𓂋𓏏𓀁	W11,D21,X1,A2	grt	either	0.0
𓎼𓂋𓅱𓀁𓀀	W11,D21,G43,A2,A1	grw	the silent man	0.0
𓎼𓂋𓅱	W11,D21,G43	grw	also, further, any more	0.0
𓎼𓂋𓎛𓂢𓏛	W11,D21,V28,D41,Y1	grH	complete, finish off, be satisfied (with)	0.0
𓎼𓂋𓎛𓂢𓏛	W11,D21,V28,D41,Y1	grH	end, cessation	0.0
𓎼𓂋𓎛𓇰	W11,D21,V28,N2	grH	night	0.0
𓎼𓂋𓍅𓏲𓀜	W11,D21,U17,Z7,A24	grg	snare (wildfowl), hunt	0.0
𓎼𓂋𓍅𓏲𓀜	W11,D21,U17,Z7,A24	grg	hunter	0.0
𓎼𓂋𓍅𓀁	W11,D21,U17,A2	grg	falsehood, lie	0.0
𓎼𓈖𓎼𓆴𓀁	W11,N35,W11,M5,A2	grg	falsehood, lie	0.0
𓎼𓂋𓍅𓇋𓇋𓅪𓀀	W11,D21,U17,M17,M17,G37,A1	grgy	liar	0.0
𓎼𓎛𓋴𓃲	W11,V28,S29,E28	gHs	gazelle	0.0
𓎼𓎛𓋴𓂾𓄛	W11,V28,S29,D56,F27	gHs	gazelle	0.0
𓎼𓋴	W11,S29,J13	gs	side, border (of land), half, half - aroura	0.0
𓎼𓄿𓋴𓏊𓀜	W11,G1,S29,W22,A24	gs	anoint (someone with), smear on (unguent)	0.0
𓎼𓊃𓂝	W11,O34,D36	gs	anoint (someone with), smear on (unguent)	0.0
𓎼𓋴𓏏𓂻	W11,S29,J13,X1,D54	gst	speed, run, course	0.0
𓎼𓋴𓄿𓊊	W11,S29,J17,G1,O37	gsA	tilt, favour (someone with)	0.0
𓎼𓋴𓄿𓄹	W11,S29,J17,G1,F51	gsA	favour (someone with)	0.0
𓎼𓋴𓄿𓀀	W11,S29,J17,G1,A1	gsA	favourite	0.0
𓎼𓋴𓄿	W11,S29,J17,G1,V110	gsA	Apollonopolis	0.0
𓎼𓍘𓇋	W11,J13,U33,M17	gsty	(scribe''s) palette	0.0
𓎼𓎼𓏏𓄹	W11,W11,X1,F51	ggt	kidney ?	0.0
𓎼𓎼𓅱𓏭𓁻	W11,W11,G43,Z4,D6	ggwy	stare	0.0
𓎼𓎼𓅱𓁻	W11,W11,G43,D6	ggwy	stare	0.0
𓎼𓏏𓎛𓀉	W11,X1,V28,A7	gtH	be tired	0.0
𓎿𓏏𓏤	W14,X1,Z1	Hst	water jar	0.0
𓎿𓏛	W14,Y1	Hsi	favour (someone), praise (someone)	0.0
𓎿𓏏	W14,X1	Hst	favour	0.0
𓎿𓋴𓏏𓀁	W14,S29,X1,A2	Hst	favour	0.0
𓎿𓎿𓎿	W14,W14,W14	Hswt	favours	0.0
𓎿𓇋𓇋𓏏	W14,M17,M17,X1	Hsyt	favoured, praised one	0.0
𓎿𓋴𓇋𓇋𓀀	W14,S29,M17,M17,A1	Hsy	favoured, praised one	0.0
𓎿𓎿	W14,W14	Hswti	favourite	0.0
𓎿𓋴𓂻	W14,S29,D54	Hsi	turn back, turn away	0.0
𓎿𓅱	W14,G43	Hsw	minstrel	0.0
𓏀𓏏	W14A,X1	qbHt	libation vase	0.0
𓏁𓈗	W15,N35A	qbHw	cold water	0.0
𓏁𓌢𓈖𓏌𓅱𓏥𓆑	W15,T22,N35,W24,G43,Z2,I9	qbH  snw  .f	Qebehsenuef	0.0
𓏁𓌢𓈖𓀭𓏥𓆑	W15,T22,N35,A40,Z2,I9	qbH  snw  .f	Qebehsenuef	0.0
𓏁𓌢𓌢𓌢𓆑𓀭	W15,T22,T22,T22,I9,A40	qbH  snw  .f	Qebehsenuef	0.0
	W15B,Y1V	qbb	cool, cold, cooling, calm, quiet, be purified,take one''s ease	0.0
𓏂𓈗	W16,N35A	qb	pour a libation (to)	0.0
𓏂𓈗	W16,N35A	qbbwt	cold water	0.0
𓏂𓅱	W16,G43	qbHw	libation vase	0.0
𓏂𓁀	W16,A55	qbH	death	0.0
𓏃𓅓	W17,G17	imy  xnt	chamberlain	0.0
𓏃𓏏𓂉𓉐	W17,X1,D19,O1	xnty	outer-chamber	0.0
𓏃𓈖𓏏𓊝	W17,N35,X1,P2	xnti	sail upstream, travel southward	0.0
𓏅𓈖𓏏	W18,N35,X1,Q38	xnt	rack (for jars), sideboard	0.0
𓏅𓏥	W18,Z2	xnt	rack (for jars), sideboard	0.0
𓏅𓈖𓏏𓂉	W18,N35,X1,D19	xnt	face, brow	0.0
𓏅𓈖𓏏	W18,N35,X1	xnt	in front of, among, from, out of	0.0
𓏅𓈖𓏏	W18,N35,X1	xnt	first (in time)	0.0
𓏅𓈖𓏏	W18,N35,X1	xnty	who / which is in front of, southern, south of, who is at the head of	0.0
𓏅𓈖𓏏	W18,N35,X1	xnty	foremost, pre-eminent in, principal, protruding	0.0
𓏅𓈖𓏏𓏭	W18,N35,X1,Z4	xnty	who / which is in front of, southern, south of, who is at the head of	0.0
𓏅𓈖𓏏𓏭	W18,N35,X1,Z4	xnty	foremost, pre-eminent in, principal, protruding	0.0
𓏅𓈖𓏏𓏭𓂉𓉐	W18,N35,X1,Z4,D19,O1	xnty	principal (of offices)	0.0
𓏅𓈖𓏏𓏭𓉐	W18,N35,X1,Z4,O1	xnty	principal (of offices)	0.0
𓏅𓈖𓏏𓈅𓏤	W18,N35,X1,N21,Z1	xnty	foreland, south, southern part	0.0
𓏅𓈖𓏏𓅂𓈇	W18,N35,X1,G4,N23	xnty	foreland, south, southern part	0.0
𓏅𓈖𓏏𓅱𓏛	W18,N35,X1,G43,Y1	xntw	before, earlier	0.0
𓏅𓈖𓏏	W18,N35,X1	xntw	before, earlier	0.0
𓏅𓈖𓏏𓏭𓂉𓉐	W18,N35,X1,Z4,D19,O1	xnty	outer-chamber	0.0
𓏅𓈖𓏏𓏭𓆊𓅆	W18,N35,X1,Z4,I3,G7	xnty	Khenti (a crocodile god)	0.0
𓏅𓈖𓍘𓇋𓄣	W18,N35,U33,M17,F34	xnti  ib	be glad of heart, outstanding of mind	0.0
𓏅𓈖𓏏𓎨𓄤𓈉	W18,N35,X1,V36,F35,N25	xnt  Hn  nfr	Nubia	0.0
𓏅𓈖𓏏𓄡𓍘𓏭𓅆	W18,N35,X1,F32,U33,Z4,G7	xnty  Xty	Khenti-Hety (god)	0.0
𓏅𓈖𓏏𓄡𓍘𓏭𓅆	W18,N35,X1,F32,U33,Z4,G7	xnty  Xty	eleventh month of year	0.0
𓏅𓏏𓈙𓏤𓈅	W18,X1,N37,Z1,N21	xnt  S	garden (with trees)	0.0
𓏅𓏏𓈙𓏤𓈅𓈉	W18,X1,N37,Z1,N21,N25	xnt  S	Lebanon	0.0
𓏅𓅂𓈙𓈅𓏤	W18,G4,N37,N21,Z1	xntyw  S	tenants ?	0.0
𓏅𓈖𓏏𓇾𓏤𓈅𓈉	W18,N35,X1,N16,Z1,N21,N25	xnt  tA	the Southland	0.0
𓏅𓏏𓅂𓇾𓈅𓏤	W18,X1,G4,N16,N21,Z1	xntyw  tA	Southerners	0.0
𓏅𓈖𓏏𓊝	W18,N35,X1,P2	xnti	sail upstream, travel southward	0.0
𓏅𓈖𓏏𓍘𓇋𓇋𓏏𓊛	W18,N35,X1,U33,M17,M17,X1,P1	xntyt	southward voyage	0.0
𓏇𓇋𓅓𓂝	W19,M17,G17,D36	mi  m	how ?	0.0
𓏇𓈖𓏇𓌴𓏏	W19,N35,W19,U2,X1	min   mi   mAwt     ???	anew this day	0.0
𓏇𓈖𓌳𓌳	W19,N35,U1,U1	min   mAwt	anew this day	0.0
𓏇𓇋𓏏𓏛𓏥	W19,M17,J1,X1,Y1,Z2	mi  xt	the like	0.0
𓏇𓇋𓀀	W19,M17,A1	mi	the equal (of someone)	0.0
𓏇𓏏𓏭𓏛	W19,X1,Z4,Y1	mity	equal to, similar to	0.0
𓏇𓇋𓏏	W19,M17,X1	mity	equal to, similar to	0.0
𓏇𓏏𓇋𓇋	W19,X1,M17,M17	mity	equal to, similar to	0.0
𓏇𓏏𓏲𓏛𓀀	W19,X1,Z7,Y1,A1	mitw	equal	0.0
𓏇𓏏𓏭𓀼	W19,X1,Z4,A51	mity	likeness	0.0
𓏇𓏏𓏏𓏛𓇋𓂋𓏭	W19,X1,X1,Y1,M17,D21,Z4	mitt  iry	the like thereof	0.0
𓏇𓇋𓇋𓏏𓏌𓏥	W19,M17,M17,X1,W24,Z2	myt	a drink	0.0
𓏇𓄿𓊃𓏯𓏯𓏯	W19,G1,O34,Z5,Z5,Z5	miAsw	spines	0.0
𓏇𓇋𓂝𓏏𓉐	W19,M17,D36,X1,O1	miat	loom ?	0.0
𓏇𓇋𓅱𓃠	W19,M17,G43,E13	miw	cat	0.0
𓏇𓇋𓇋𓏏𓄛	W19,M17,M17,X1,F27	miw	cat	0.0
𓏇𓇋𓅱𓄛	W19,M17,G43,F27	miw	cat	0.0
𓏇𓃀𓏏𓌎	W19,D58,X1,T7	mibt	axe	0.0
𓏇𓄣𓏏𓌎	W19,F34,X1,T7	mibt	axe	0.0
𓏇𓈖𓇳	W19,N35,N5	min	today	0.0
𓏇𓇋𓈖𓄿𓀁	W19,M17,N35,G1,A2	minA	here, hither, like this, accordingly	0.0
𓏇𓇋𓈖𓏏𓈇𓏤	W19,M17,N35,X1,N23,Z1	mint	type of land	0.0
𓏇𓇋𓈖𓏏𓏌𓏥	W19,M17,N35,X1,W24,Z2	mint	daily fare	0.0
𓏇𓊢𓏏𓉐	W19,P6,X1,O1	maHat	tomb	0.0
𓏇𓇋𓎛𓏏𓉐	W19,M17,V28,X1,O1	miHat	chapel	0.0
𓏇𓇋𓋴𓏏𓄹𓏤	W19,M17,S29,X1,F51,Z1	mist	liver	0.0
𓏇𓊃𓅱𓏏𓋒	W19,O34,G43,X1,S2	miswt	crown of Upper Egypt	0.0
𓏇𓇋𓊃𓏏𓏯𓆗	W19,M17,O34,X1,Z5,I12	miswt	crown of Upper Egypt	0.0
𓏇𓊢𓏏𓉐	W19,P6,X1,O1	maHat	tomb, cenotaph (above ground level)	0.0
𓏇𓇋𓈎𓇋𓀾𓏛	W19,M17,N29,M17,A53,Y1	mi  qi	according to	0.0
𓏇𓇋𓂧𓂂𓏛	W19,M17,J28,D46,D12,Y1	mi  qd	in every respect	0.0
𓏇𓇋𓂧𓂂𓏛𓆑	W19,M17,J28,D46,D12,Y1,I9	mi  qd  .f	entire	0.0
𓏌𓂝𓁽	W24,D36,D8	anw	Ainu ?  (source of Limestone)	0.0
𓏌𓊪𓅱𓇋𓇋	W24,Q3,G43,M17,M17,A415	wdpw	butler, cook	0.0
𓏌𓅱𓀜𓀀𓏥	W24,G43,A24,A1,Z2	wdpw	butler, cook	0.0
𓏌𓊪𓅱𓇋𓇋	W24,Q3,G43,M17,M17,A415	wdpw	butler, cook	0.0
𓏌𓅱𓇋𓇋𓏏	W24,G43,M17,M17,X1	wdpwyt	serving maid	0.0
𓏌𓏏𓇯𓁐	W24,X1,N1,B1	nwt	Nut (sky - goddess), the sky	0.0
𓏌𓏌𓏌𓏏𓇯𓁐	W24,W24,W24,X1,N1,B1	nwt	Nut (sky - goddess), the sky	0.0
𓏌𓏏𓇯𓀭	W24,X1,N1,A40	nwt	Nut (goddess)	0.0
𓏌𓈗	W24,N35A	m  Xnw	within	0.0
𓏌𓏏𓍢𓏥	W24,X1,V1,Z2	nwt	cord	0.0
𓏌𓎛𓍢	W24,V28,V1	nwH	band (of metal)	0.0
𓏌𓏌𓏌𓇯𓀭	W24,W24,W24,N1,A40	nnw	primaeval waters, Nun (god)	0.0
𓏌𓏌𓏌𓅱𓇯𓈗	W24,W24,W24,G43,N1,N35A	nnw	primaeval waters	0.0
𓏌𓈗	W24,N35A	Xnw	interior, home, abode, Residence	0.0
𓏌𓎡𓇭	W24,V31,M43	kAmw	vineyard	0.0
𓏎𓈖𓎛𓁷𓂋𓏏𓈐𓅆	W25,N35,V28,D2,D21,X1,N31,G7	in  Hrt	Onuris	0.0
𓏎𓇯𓀭	W25,N1,A40	in  Hrt	Onuris	0.0
𓏎𓏌𓏥	W25,W24,Z2	inw	produce (of a region), tribute, gifts, quarry	0.0
𓏎𓈖𓏌𓅱𓏛𓏥	W25,N35,W24,G43,Y1,Z2	inw	tribute (of subject lands), gifts (from palace),dues (to be paid),	0.0
𓏎𓈖𓏌𓅱𓏛𓏥	W25,N35,W24,G43,Y1,Z2	inw	produce (of region),quarry (of hunter)	0.0
𓏎𓇋𓇋𓏏𓀁	W25,M17,M17,X1,A2	inyt	refrain (of song) ?	0.0
𓏎𓈖𓏌𓅱𓎅𓏪	W25,N35,W24,G43,V19,Z3	inw	matting	0.0
𓏎𓈖𓇉𓄿𓋴𓏏𓈒𓏥	W25,N35,M16,G1,S29,X1,N33,Z2	inHAst	lotus-leaves ?	0.0
𓏎𓈖𓅓𓎔𓂡	W25,N35,G17,V22,D40	in  m  mH	carry off captive	0.0
𓎱𓏏𓏥	W3,X1,Z2	Hbyt	festival offerings	0.0
𓎳𓋴𓂧𓈅𓉳	W4,S29,D46,N21,O23	Hb  sd	jubilee	0.0
𓎳𓇋𓇋	W4,M17,M17	Hby	be festal, make festival	0.0
𓎳𓏏𓏛	W4,X1,Y1	Hbt	ritual book	0.0
𓎳𓇋𓇋𓏏	W4,M17,M17,X1	Hbyt	festival offerings	0.0
𓀀	W5A,A1	Xry  Hbt	lector (priest)	0.0
𓎸𓏏	W9,X1	mrHt	unguent	0.0
𓎸𓅓𓏛	W9,G17,Y1	Xnm	join, unite with, enclose, enfold, protect, take, enter, wear, receive, enrich, endue, lie on	0.0
𓎸𓅓𓏛	W9,G17,Y1	Xnm	be united, associated (with), be provided, endowed (with)	0.0
𓎸𓅓𓄛𓏥	W9,G17,F27,Z2	Xnm	herd	0.0
𓎸𓏲𓀀𓁐𓏥	W9,Z7,A1,B1,Z2	Xnmw	citizens, dependants, married couple ?	0.0
𓎸𓀀𓏥	W9,A1,Z2	Xnmw	citizens, dependants, married couple ?	0.0
𓎸𓈖𓅓𓀀𓏥	W9,N35,G17,A1,Z2	Xnmw	citizens, dependants, married couple ?	0.0
𓎸𓈖𓌰𓅓𓀀𓏥	W9,N35,T34,G17,A1,Z2	Xnmw	citizens, dependants, married couple ?	0.0
𓎸𓁐	W9,B1	Xnmt	(dry) - nurse	0.0
𓎸𓅓𓏏𓈙	W9,G17,X1,N37	Xnmt	well, cistern	0.0
𓎸𓏏𓈗	W9,X1,N35A	Xnmt	well, cistern	0.0
𓎸𓏏𓈘	W9,X1,N36	Xnmt	well, cistern	0.0
𓎸𓏏𓈟𓈗	W9,X1,N42,N35A	Xnmt	well, cistern	0.0
𓎸𓅓𓏲𓅆	W9,G17,Z7,G7	Xnmw	Khnum (god)	0.0
𓎸𓅱	W9,G43	Xnmw	Khnum (god)	0.0
𓎸𓅓𓏲𓁠	W9,G17,Z7,C4	Xnmw	Khnum (god)	0.0
𓎸𓅓𓏲𓄅	W9,G17,Z7,F7	Xnmw	Khnum (god)	0.0
𓎸𓅓𓏲𓃞	W9,G17,Z7,E11	Xnmw	Khnum (god)	0.0
𓏏𓅜	X1,G25,J1	Axt	what is good, profitable, useful	0.0
𓏏𓅜𓈇𓏤	X1,G25,J1,N23,Z1	Axt	arable land	0.0
𓏏𓅜𓏳𓏳𓀭	X1,G25,J1,Z8,Z8,A40	Axty	horizon - dweller	0.0
𓏏𓋁𓏭	X1,R15,Z4	iAbty	east, eastern, left - hand, the East	0.0
𓏏𓍃𓅱𓀭	X1,U15,J15,G43,A40	itmw	Atum	0.0
𓏏𓊪𓏭𓆵𓀁	X1,Q3,Z4,M6,A2	ptr	who ?, what ?	0.0
𓏏	X1,G16B	mwt	Mut (goddess)	0.0
𓏏𓈗	X1,O289,N35A	mDt	depth	0.0
𓏏𓈖𓏌𓏲𓌙𓅯𓈉	X1,N35,W24,Z7,T14,G41,N25	rTnw	Retenu (Syria)	0.0
𓏏𓅉	X1,G8	Hr  nbt	Falcon of Gold	0.0
𓏏𓏤	X1,R36A,Z1	xAwt	altar	0.0
𓏏𓄝𓏏	X1,F29,X1	sTit	Satis	0.0
𓏏𓏐𓏳𓏥	X1,X2,Z8,Z2	t	bread, loaf	0.0
𓏏𓏐𓌉𓇮	X1,X2,T3,M44	t  HD	white - loaf (used in offerings)	0.0
𓏏𓅓𓇾	X1,G17,N16	t  imy  tA	a type of bread (used in ritual offerings)	0.0
𓏏𓈖𓃀𓋴	X1,N35,D58,S29	t  nbs	a type of bread (used in ritual offerings)	0.0
𓏏𓏐𓀭	X1,X2,A40	t	Thoth	0.0
𓏏𓄿𓇋𓇋𓎡	X1,G1,M17,M17,V31	tAy .k	your	0.0
𓏏𓍔𓄿𓉐	X1,U30,G1,O1	tA	kiln	0.0
𓏏𓍔𓄿𓀜𓄣𓏤	X1,U30,G1,A24,F34,Z1	tA  ib	hot temper	0.0
𓏏𓍔𓄿𓏲𓊮𓏪	X1,U30,G1,Z7,Q7,Z3	tAw	heat	0.0
𓏏𓍔𓄿𓏲𓊮𓏛𓏥	X1,U30,G1,Z7,Q7,Y1,Z2	tAw	heat	0.0
𓏏𓍔𓄿𓇋𓇋𓏏𓋳	X1,U30,G1,M17,M17,X1,S28	tAyt	shroud	0.0
𓏏𓍔𓄿𓇋𓇋𓏏𓏭𓉪	X1,U30,G1,M17,M17,X1,Z4,O16	tAyty	the shrouded one (of Osiris)(title of Vizier)	0.0
𓏏𓍔𓄿𓇋𓇋𓏏𓉪	X1,U30,G1,M17,M17,X1,O16	tAyt	shroud	0.0
𓏏𓍔𓄿𓇋𓇋𓏏𓆗	X1,U30,G1,M17,M17,X1,I12	tAyt	goddess of weaving	0.0
𓏏𓍔𓄿𓇋𓇋𓏏𓋳𓁐	X1,U30,G1,M17,M17,X1,S28,B1	tAyt	goddess of weaving	0.0
𓏏𓍔𓄿𓅓𓏲𓆙	X1,U30,G1,G17,Z7,I14	tAmw	worm, bane	0.0
𓏏𓍔𓄿𓎛𓅯𓀁𓀀	X1,U30,G1,V28,G41,A2,A1	tAH	mischief - maker	0.0
𓏏𓍔𓄿𓎛𓅯𓂻𓀀	X1,U30,G1,V28,G41,D54,A1	tAH	mischief - maker	0.0
𓏏𓍔𓄿𓎛𓏏𓏌𓏥	X1,U30,G1,V28,X1,W24,Z2	tAHt	lees, dregs	0.0
𓏏𓍔𓄿𓈙𓏴𓈇	X1,U30,G1,N37,Z9,N23	tAS	boundary	0.0
𓏏𓍔𓈙𓏴	X1,U30,N37,Z9	tAS	boundary	0.0
𓏏𓍔𓈙𓈅	X1,U30,N37,N21	tAS	boundary	0.0
𓏏𓈙𓏴𓈅𓏤	X1,N37,Z9,N21,Z1	tAS	boundary	0.0
𓏏𓈙𓏴𓂻	X1,N37,Z9,D54	tAS	fix the limits of	0.0
𓏏𓇋𓏏𓂇	X1,M17,X1,D17	tit	image, form, shape, figure, design, (written) sign	0.0
𓏏𓂇	X1,D17	tit	image, form, shape, figure, design, (written) sign	0.0
𓏏𓇋𓂇	X1,M17,D17	tit	image, form, shape, figure, design, (written) sign	0.0
𓏏𓇋𓏏𓂅	X1,M17,X1,D15	tit	(written) sign	0.0
𓏏𓇋𓄿𓄑	X1,M17,G1,F18	tiA	acute pain	0.0
𓏏𓇋𓄿𓄑𓀁	X1,M17,G1,F18,A2	tiA	shriek	0.0
𓏏𓇋𓏏𓇋𓂻	X1,M17,X1,M17,D54	titi	trample on (foe)	0.0
𓏏𓇋𓏏𓇋𓂡	X1,M17,X1,M17,D40	titi	trample on (foe)	0.0
𓏏𓇋𓏏𓇋𓂾	X1,M17,X1,M17,D56	titi	trample on (foe)	0.0
𓏏𓇋𓏏𓇋	X1,M17,X1,M17,A459	titi	trample on (foe)	0.0
𓏏𓅱𓀀	X1,G43,A1	tw .i	I	0.0
𓏏𓍯𓄿𓀘	X1,V4,G1,A20	twA	lean (on)	0.0
𓏏𓍯𓄿𓀘	X1,V4,G1,A20	twA	support, sustain	0.0
𓏏𓍯𓄿𓀘	X1,V4,G1,A20	twA	hold up, set (crown on head)	0.0
𓏏𓍯𓄿𓂡	X1,V4,G1,D40	twA	hold up	0.0
𓏏𓍯𓄿𓀁	X1,V4,G1,A2	twA	put a claim (on), claim from (someone), appeal to (someone)	0.0
𓏏𓍯𓄿𓀁	X1,V4,G1,A2	twA	claim	0.0
𓏏𓍯𓄿𓀢	X1,V4,G1,A30	twA	put a claim (on), claim from (someone), appeal to (someone)	0.0
𓏏𓍯𓄿𓀘𓀁	X1,V4,G1,A20,A2	twA	claim	0.0
𓏏𓍯𓀃	X1,V4,A4	twA	poverty	0.0
𓏏𓍯𓄿𓀢𓀀	X1,V4,G1,A30,A1	twAw	man of low station, inferior	0.0
𓏏𓍯𓄿𓇋𓇋𓏲𓀢𓀁𓀀	X1,V4,G1,M17,M17,Z7,A30,A2,A1	twAw	man of low station, inferior	0.0
𓏏𓍯𓅱𓏏	X1,V4,G43,X1,W10B	twAwt	one of the seven sacred oils	0.0
𓏏𓍯𓏏𓎸	X1,V4,X1,W9	twAwt	one of the seven sacred oils	0.0
𓏏𓅱𓇋𓇋	X1,G43,M17,M17	twy	this, that	0.0
𓏏𓃹𓈖𓃒𓀜	X1,E34,N35,E1,A24	twn	rise, raise	0.0
𓏏𓅨𓂋𓌟	X1,G36,D21,T19	twr	reed	0.0
𓏏𓂋𓇋𓆴𓆰	X1,D21,M17,M5,M2	twr	reed	0.0
𓏏𓅨𓂋𓀜	X1,G36,D21,A24	twr	be clean	0.0
𓏏𓅨𓂋𓇋𓀀	X1,G36,D21,M17,A1	twr	be clean	0.0
𓏏𓅨𓂋𓇋𓌟𓏛	X1,G36,D21,M17,T19,Y1	twr	be clean	0.0
𓏏𓅨𓂋𓇋𓌟𓏛	X1,G36,D21,M17,T19,Y1	twr	cleanse	0.0
𓏏𓅨𓂋𓇋𓀀	X1,G36,D21,M17,A1	twr	cleanse	0.0
𓏏𓅨𓂋𓀜	X1,G36,D21,A24	twr	cleanse	0.0
𓏏𓅨𓂋𓌟𓀁	X1,G36,D21,T19,A2	twr	cleanse	0.0
𓏏𓅨𓂋𓌟𓀁	X1,G36,D21,T19,A2	twr	be clean	0.0
𓏏𓅨𓂋𓀢	X1,G36,D21,A30	twr	show respect to	0.0
𓏏𓅨𓂋𓇋𓌟𓀁	X1,G36,D21,M17,T19,A2	twr	show respect to	0.0
𓏏𓅨𓂋𓇋𓌟𓏛	X1,G36,D21,M17,T19,Y1	twr	show respect to	0.0
𓏏𓅱𓏏𓀾	X1,G43,X1,A53	twt	statue, image, figure, likeness	0.0
𓏏𓅱𓏏	X1,G43,X1,A23H	twt	statue, image, figure, likeness	0.0
𓏏𓅱𓏏𓀾𓏛	X1,G43,X1,A53,Y1	twt	like (to), suitable, fitting, natural (to), fair, pleasing	0.0
𓏏𓅱𓏏𓀾𓏛	X1,G43,X1,A53,Y1	twt	be pleased, assembled, united, be in accord, full, entire, complete	0.0
𓏏𓏏𓅱𓏛	X1,X1,G43,Y1	twt	suitable, fitting	0.0
𓏏𓏲𓏏𓏏𓀾𓏛𓏥	X1,Z7,X1,X1,A53,Y1,Z2	twtt	likeness	0.0
𓏏𓅱𓏏𓀾𓏛	X1,G43,X1,A53,Y1	Twt	you	0.0
𓏏𓅱𓍿𓈖𓏥	X1,G43,V13,N35,Z2	Twtn	you	0.0
𓏏𓃀𓇋𓇋𓏴	X1,D58,M17,M17,Z9	tby	pay	0.0
𓏏𓃀𓏏𓏴𓏛𓏥	X1,D58,X1,Z9,Y1,Z2	tbt	payment, reward	0.0
𓏏𓃀𓈖	X1,D58,N35,J2	tbn	bone - marrow ?	0.0
𓏏𓃀𓏏𓃀𓍢𓂡	X1,D58,X1,D58,V1,D40	tbtb	hoist	0.0
𓏏𓏐𓈖𓁶𓊪𓂋𓏤	X1,X2,N35,D1,Q3,D21,Z1	t  n tp  r	bread for the mouth	0.0
𓏏𓊪𓇋𓂉𓂡	X1,Q3,M17,D19,D40	tpr	breathe	0.0
𓏏𓊪𓇋𓅱𓃒	X1,Q3,M17,G43,E1	tpiw	ox	0.0
𓏏𓊪𓇋𓂉𓃒	X1,Q3,M17,D19,E1	tpiw	ox	0.0
𓏏𓊪𓈖𓈖𓈒𓏥	X1,Q3,N35,N35,N33,Z2	tpnn	cumin	0.0
𓏏𓊪𓇑𓇑𓈖𓈖𓈒𓏥	X1,Q3,M22,M22,N35,N35,N33,Z2	tpnn	cummin	0.0
𓏏𓊪𓂋𓂊	X1,Q3,D21,D20	tpr	breathe	0.0
𓏏𓊪𓇋𓂉𓂡	X1,Q3,M17,D19,D40	tpr	breathe	0.0
𓏏𓆑𓄿	X1,I9,G1	tf	that (over there)	0.0
𓏏𓆑𓄿𓈐	X1,I9,G1,N31	tf	that (over there)	0.0
𓏏𓆑𓌫	X1,I9,T31	tf	saw	0.0
𓏏𓆑𓂾𓂻	X1,I9,D56,D54	tfi	leap	0.0
𓏏𓆑𓇋𓇋𓏏𓂾𓂻𓏥	X1,I9,M17,M17,X1,D56,D54,Z2	tfi	leap	0.0
𓏏𓆑𓈖𓏏𓆗	X1,I9,N35,X1,I12	tfnt	Tefnet	0.0
𓏏𓆑𓏌𓏏𓆗	X1,I9,W24,X1,I12	tfnt	Tefnet	0.0
𓏏𓆑𓈖𓏏	X1,I9,N35,X1,B7C	tfnt	Tefnut	0.0
𓏏𓆑𓈖𓅪𓀀	X1,I9,N35,G37,A1	tfn	orphan	0.0
𓏏𓍃𓅓𓏏𓆱	X1,U15,G17,X1,M3	tmt	sledge	0.0
𓏏𓍃𓏏𓏤	X1,U15,X1,Z1	tmt	sledge	0.0
𓏏𓍃𓅓𓂜	X1,U15,G17,D35	tm	(negates the sentence)	0.0
𓏏𓍃𓂜𓅓	X1,U15,D35,G17	tm	perish	0.0
𓏏𓍃𓅓𓀁	X1,U15,G17,A2	tm	close (the mouth), to hush	0.0
𓏏𓍃𓅓𓅱𓀀𓁐𓏥	X1,U15,G17,G43,A1,B1,Z2	tmw	totality of men, everyone	0.0
𓏏𓍃𓀀𓁐𓏥	X1,U15,A1,B1,Z2	tmw	totality of men, everyone	0.0
𓏏𓍃𓂻𓀀𓁐𓏪	X1,U15,D54,A1,B1,Z3	tmw	totality of men, everyone	0.0
𓏏𓌳𓄿𓎅	X1,U1,G1,V19	tmA	mat	0.0
𓏏𓌳𓋬	X1,U1,S23	tmA	mat	0.0
𓏏𓌳𓄿𓅓𓎅𓏤	X1,U1,G1,G17,V19,Z1	tmA	mat	0.0
𓏏𓌳𓄿𓇋𓇋𓏏𓎅	X1,U1,G1,M17,M17,X1,V19	tmAyt	mat	0.0
𓏏𓌳𓄿𓅓𓏏𓆰𓏥	X1,U1,G1,G17,X1,M2,Z2	tmAyt	mat	0.0
𓏏𓌴𓏏𓏯	X1,U2,X1,Z5	tmAyt	mat	0.0
𓏏𓍃𓊃𓂻	X1,U15,O34,D54	tms	turn (the face to someone)	0.0
𓏏𓈖𓌙𓅯	X1,N35,T14,G41	tn	where ?, whence ?	0.0
𓏏𓈖𓏌𓅱𓌙𓅯	X1,N35,W24,G43,T14,G41	tn	where ?, whence ?	0.0
𓏏𓈖𓌙𓅯𓈐	X1,N35,T14,G41,N31	tn	where ?, whence ?	0.0
𓏏𓈖𓏭𓌙𓅯𓈐	X1,N35,Z4,T14,G41,N31	tn	where ?, whence ?	0.0
𓏏𓈖𓏌𓅱𓌙𓅯	X1,N35,W24,G43,T14,G41,Y1V	tnw	distinction	0.0
𓏏𓈖𓌙𓅯𓏛	X1,N35,T14,G41,Y1	tnw	lift up, promote, distinguish, be distinguished (of actions, speech)	0.0
𓏏𓈖𓏮𓌙𓅯	X1,N35,Z4A,T14,G41	tnw	lift up, promote, distinguish, be distinguished (of actions, speech)	0.0
𓏏𓈖𓏌𓅱𓏛𓏥	X1,N35,W24,G43,Y1,Z2	tnw	number	0.0
𓏏𓈖𓏌𓅱𓏏𓏛𓏥	X1,N35,W24,G43,X1,Y1,Z2	tnwt	quantity, number, numbering, census	0.0
𓏏𓈖𓇋𓀘	X1,N35,M17,A20	tni	grow old	0.0
𓏏𓈖𓇋𓌙𓀘	X1,N35,M17,T14,A20,J2	tni	grow old	0.0
𓏏𓈖𓇋𓀘	X1,N35,M17,A20	tni	old age	0.0
𓏏𓈖𓀘	X1,N35,A20	tni	old age	0.0
𓏏𓈖𓇋𓏥	X1,N35,M17,J2,Z2	tni	(external) signs of old age	0.0
𓏏𓈖𓃀𓄡𓂻	X1,N35,D58,F32,D54	tnbX	turn aside, swerve, shrink (from), run at random (of cattle)	0.0
𓏏𓈖𓌰𓅓𓂽	X1,N35,T34,G17,D55	tnm	turn aside, go astray, err, deflect (of balance), be confused (of roads)	0.0
𓏏𓈖𓌰𓅓𓅪	X1,N35,T34,G17,G37	tnm	deflect (of balance)	0.0
𓏏𓈖𓌰𓅓𓅱𓇰	X1,N35,T34,G17,G43,N2	tnmw	darkness, gloom	0.0
𓏏𓈖𓌰𓅓𓅱𓄛	X1,N35,T34,G17,G43,F27	tnmw	darkness, gloom	0.0
𓏏𓈖𓌰𓅓𓅱𓂻	X1,N35,T34,G17,G43,D54	tnmw	darkness, gloom	0.0
𓏏𓈖𓌰𓅓𓏲𓏌𓏥	X1,N35,T34,G17,Z7,W24,Z2	tnmw	beer	0.0
𓏏𓈖𓇑𓇑𓈖𓏏𓉐	X1,N35,M22,M22,N35,X1,O1	Tnmt	a Memphite sanctuary	0.0
𓏏𓈖𓍿𓅚	X1,N35,V13,G23	tnT	spur - winged plover	0.0
𓏏𓂋𓆵𓇳	X1,D21,M6,N5	tr	time, season	0.0
𓏏𓂋𓇋𓆵𓇳	X1,D21,M17,M6,N5	tr	time, season	0.0
𓏏𓂋𓆵𓇳𓇳	X1,D21,M6,N5,N5	trwy	seasons	0.0
𓏏𓂋𓅱𓆵𓇳𓇳	X1,D21,G43,M6,N5,N5	trwy	seasons	0.0
𓏏𓂋𓇋𓆵𓏭𓅱𓇳𓇳	X1,D21,M17,M6,Z4,G43,N5,N5	trwy	seasons	0.0
𓏏𓂋𓅱𓆳𓇳𓏥	X1,D21,G43,M4,N5,Z2	trw	seasons	0.0
𓏏𓂋𓆵𓀢𓏛	X1,D21,M6,A30,Y1	tr	respect (someone), greet respectfully, worship (god), show respect	0.0
𓏏𓂋𓆵𓏛	X1,D21,M6,Y1	tr	respect (someone), greet respectfully	0.0
𓏏𓂋𓇋𓇋𓀢	X1,D21,M17,M17,A30	tr	show respect	0.0
𓏏𓂋𓇋𓇋𓏏𓆵	X1,D21,M17,M17,X1,M6	tryt	respect	0.0
𓏏𓂋𓇋𓇋𓀢	X1,D21,M17,M17,A30	tryt	respect	0.0
𓏏𓉔𓂾𓂻	X1,O4,D56,D54	thi	go astray, transgress, trespass, attack (with), err	0.0
𓏏𓉔𓂻	X1,O4,D54	thi	go astray	0.0
𓏏𓉔𓄿𓂾𓂻	X1,O4,G1,D56,D54	thi	transgress	0.0
𓏏𓉔𓂾	X1,O4,D56	thi	attack (with)	0.0
𓏏𓉔𓂾𓂻	X1,O4,D56,D54	thi	lead astray, mislead, overstep (path), disobey	0.0
𓏏𓉔𓂾𓂻	X1,O4,D56,D54	thi	impugn (one''s character), falsify (account)	0.0
𓏏𓉔𓂾𓂻	X1,O4,D56,D54	thi	neglect (appointed dates),reject (petitions), violate (corpse)	0.0
𓏏𓉔𓅪	X1,O4,G37	thi	falsify (account)	0.0
𓏏𓉔𓅱𓂾𓂻𓀀	X1,O4,G43,D56,D54,A1	thw	transgressor	0.0
𓏏𓉔𓂾𓂻𓀀	X1,O4,D56,D54,A1	thw	transgressor	0.0
𓏏𓉔𓅓𓂾𓂻	X1,O4,G17,D56,D54	thm	perforate, penetrate, incite, destroy, undertake (works), drive (cattle), knock (on door)	0.0
𓏏𓉔𓅓𓂾𓂡	X1,O4,G17,D56,D40	thm	destroy	0.0
𓏏𓉔𓅓𓂾	X1,O4,G17,D56,Y24	thm	perforation, puncture	0.0
𓏏𓉔𓅱𓂋𓀀	X1,O4,G43,D21,A1	thr	a Syrian warrior	0.0
𓏏𓏌	X1,J1,W24	tx	plummet (of balance)	0.0
𓏏	X1,J1,T55	tx	plummet (of balance)	0.0
𓏏𓏌	X1,J1,W24	txi	be drunk, drink deep	0.0
𓏏𓏌𓀜	X1,J1,W24,A24	txi	be drunk	0.0
𓏏𓈗	X1,J1,N35A	txi	drink deep	0.0
𓏏𓏏𓏌	X1,J1,X1,W24	txt	drunkenness	0.0
𓏏𓅱𓏌𓀀	X1,J1,G43,W24,A1	txw	drunkard	0.0
𓏏𓏭𓎱	X1,J1,Z4,W3	txy	the second month	0.0
𓏏𓃀𓈗	X1,J1,D58,N35A	txb	immerse, irrigate	0.0
𓏏𓈖𓁺	X1,J1,N35,D5	txn	injury (to eye), injure (eye), pierce  (the sky of pylons)	0.0
𓏏𓈖𓉶	X1,J1,N35,O25	txn	obelisk	0.0
𓏏𓏏𓁸	X1,J1,X1,J1,D3	txtx	disorder (hair), crumple (papers)	0.0
𓏏𓏏𓂻	X1,J1,X1,J1,D54	txtx	disorder (hair)	0.0
𓏏𓏏𓍢	X1,J1,X1,J1,V1	txtx	crumple (papers)	0.0
𓏏𓈙𓂻	X1,N37,D54	tSi	desist (from)	0.0
𓏏𓈙𓏭𓂻	X1,N37,Z4,D54	tSi	be missing (from)	0.0
𓏏𓈙𓏴𓂻	X1,N37,Z9,D54	tSi	be absent (from), be missing (from), desist (from)	0.0
𓏏𓍔𓈙𓏴𓂻	X1,U30,N37,Z9,D54	tSi	be missing (from)	0.0
𓏏𓈙𓂾𓂻	X1,N37,D56,D54	tSi	be missing (from)	0.0
𓏏𓈙𓅱𓀀	X1,N37,G43,A1	tSw	deserter	0.0
𓏏𓈙𓂐	X1,N37,D26	tS	spit out	0.0
𓏏𓈙𓏴𓂡	X1,N37,Z9,D40	tS	smash (heads), grind (corn), split (wood)	0.0
𓏏𓆷𓏴𓂝	X1,M8,Z9,D36	tS	smash (heads), grind (corn), split (wood)	0.0
𓏏𓈙𓃀𓏴	X1,N37,D58,Z9	tSb	smash	0.0
𓏏𓈙𓏏𓈙𓏴𓂡	X1,N37,X1,N37,Z9,D40	tStS	crush	0.0
𓏏𓂓𓊮	X1,D28,Q7	tkA	torch, taper, flame	0.0
𓏏𓂓𓊮	X1,D28,Q7	tkA	illumine	0.0
𓏏𓂓𓄿𓊮	X1,D28,G1,Q7	tkA	illumine	0.0
𓏏𓂓𓄿𓅱𓊮	X1,D28,G1,G43,Q7	tkAw	(the rite of) torch - lighting	0.0
𓏏𓎡𓈖𓏌𓏲𓂻𓀀𓁐𓏥	X1,V31,N35,W24,Z7,D54,A1,B1,Z2	tknw	neighbours	0.0
𓏏𓎡𓂋𓀀	X1,V31,D21,A1	tkr	opponent	0.0
𓏏𓎡𓋴𓂻	X1,V31,S29,D54	tks	pierce	0.0
𓏏𓎡𓎡𓏲𓂡	X1,V31,V31,Z7,D40	tkk	violate (frontier), attack (someone)	0.0
𓏏𓎡𓎡𓏲𓏥	X1,V31,V31,Z7,A223,Z2	tkkw	attackers	0.0
𓏏𓏏𓏝	X1,X1,Y2	twt	full, entire	0.0
𓏏𓅱𓏏𓀾𓏛	X1,G43,X1,A53,Y1	Twt	you	0.0
𓏏𓃀𓅱𓋸𓋸	X1,D58,G43,S33,S33	Tbwy	soles  (of feet)	0.0
𓏏𓃀𓇋𓇋𓏏𓋸𓋸	X1,D58,M17,M17,X1,S33,S33	Tbwty	sandals, soles (of feet)	0.0
𓏏𓃀𓏏𓋸	X1,D58,X1,S33	Tbwt	sandal, sole	0.0
𓏏𓃀𓋸	X1,D58,S33	Tbi	be shod	0.0
𓏏𓊪𓎛𓏏𓉐	X1,Q3,V28,X1,O1	TpHt	cavern	0.0
𓏏𓌳𓅓𓎅𓏤	X1,U1,G17,V19,Z1	TmA	cadaster	0.0
𓏏𓅓𓎛𓌙𓀀𓏥	X1,G17,V28,T14,A1,Z2	TmHw	Libyans	0.0
𓏏𓅓𓋴𓏞𓏛	X1,G17,S29,Y3,Y1	Tms	red, ruddy, violet	0.0
𓏏𓄟𓋴𓏞𓏛	X1,F31,S29,Y3,Y1	Tms	red, ruddy, violet	0.0
𓏏𓈖𓌙𓅯𓈐	X1,N35,T14,G41,N31	Tn	where ?, whence ?	0.0
𓏏𓈖𓏭𓌙𓅯𓈐	X1,N35,Z4,T14,G41,N31	Tn	where ?, whence ?	0.0
𓏏𓈖𓏌𓅱𓌙𓅯	X1,N35,W24,G43,T14,G41	Tn	where ?, whence ?	0.0
𓏏𓈖𓏮𓌙𓅯	X1,N35,Z4A,T14,G41	Tni	be distinguised (of actions)	0.0
𓏏𓈖𓌙𓅯𓏛	X1,N35,T14,G41,Y1	Tni	lift up, promote, distinguish (from), be distinguised (of actions)	0.0
𓏏𓈖𓌙𓅯𓀁	X1,N35,T14,G41,A2	Tni	be distinguised (of actions)	0.0
𓏏𓈖𓏌𓅱𓌙𓅯𓏛	X1,N35,W24,G43,T14,G41,Y1	Tnw	distinction	0.0
𓏏𓈖𓏌𓅱𓏛𓏥	X1,N35,W24,G43,Y1,Z2	Tnw	number	0.0
𓏏𓈖𓏌𓅱𓏏𓏛𓏥	X1,N35,W24,G43,X1,Y1,Z2	Tnwt	census (of prisoners)	0.0
𓏏𓈖𓇑𓇑𓈖𓏏𓉐	X1,N35,M22,M22,N35,X1,O1	Tnnt	sanctuary at Memphis	0.0
𓏏𓈖𓅷𓊎𓏏𓏤	X1,N35,G47,O41,X1,Z1	TnTAt	dais	0.0
𓏏𓂋𓊪𓅯	X1,D21,Q3,G41	Trp	an edible bird (goose ?)	0.0
𓏏𓇼𓄿𓇳	X1,N14,G1,N5	dwAw	dawn, morning	0.0
𓏐𓏳𓏥	X2,Z8,Z2	t	bread, loaf	0.0
𓏖𓏏	X6,X1	pAwt	primaeval time	0.0
𓏘𓏘𓏘	X7,X7,X7	aHaw	heaps	0.0
𓏘𓏘𓀁	X7,X7,A2	wnm	eat	0.0
𓏘𓏘𓇋𓇋𓏏𓊮	X7,X7,M17,M17,X1,Q7	wnmyt	devouring flame	0.0
𓏘𓏘𓀁	X7,X7,A2	wnm	eat	0.0
𓏙𓉐𓂋𓂻	X8,O1,D21,D54	di  pr	cut away (a joint of meat)	0.0
𓏙𓌘𓁶𓏤𓀀	X8,T13,D1,Z1,A1	di  rs  tp	foreman	0.0
𓏙𓌘𓁹𓁶𓏤	X8,T13,D4,D1,Z1	di  rs  tp	foreman	0.0
𓏙𓏏𓈖𓂢	X8,X1,J1,N35,D41	dt  xn	beating time	0.0
𓏙𓅏	X8,G13	spdw	Sopd (god)	0.0
𓏙𓏤𓌽𓏥	X8,Z1,U9,Z2	di	provisions	0.0
𓏙𓈎	X8,N29	dqrw	fruit, fruit - tree(s)	0.0
𓏛𓏏𓏤𓈔	Y1,X1,Z1,N34	mDAt	chisel	0.0
𓏛𓏏𓀀𓏪	Y1,X1,A1,Z3	Tt	staff, gang, partisans	0.0
𓏝𓏤	Y2,Z1	mDAt	letter, dispatch	0.0
𓏞𓂧𓏌𓏏	Y3,J28,D46,W24,X1,Y1V	sS  kdwt	painter, draughtsman	0.0
𓏞𓀀𓈙𓂝𓏏𓍼	Y3,A1,N37,D36,X1,V12	sS  Sat	secretary	0.0
𓏞𓀀𓂧𓏌𓅱𓏏𓏛𓏥	Y3,A1,J28,D46,W24,G43,X1,Y1,Z2	sS  qdwt	draughtsman	0.0
𓏞𓀀𓂧𓈖𓄔𓏏𓏛	Y3,A1,D46,N35,F21,X1,Y1	sS  dnit	scribe of distribution	0.0
𓏠𓈖𓏛𓀀	Y5,N35,Y1,A1	mn	so - and - so,  someone	0.0
𓏠𓈖𓏏𓁐	Y5,N35,X1,B1	mnt	so-and-so,  someone	0.0
𓏠𓈖𓏛𓀀𓇋𓂋𓏭	Y5,N35,Y1,A1,M17,D21,Z4	mn  iry	a sample thereof	0.0
𓏠𓈖𓏏𓏛	Y5,N35,X1,Y1	mnt	the like	0.0
𓏠𓈖𓏏𓏛	Y5,N35,X1,Y1	mnt	content (of receptacle)	0.0
𓏠𓈖𓅪	Y5,N35,G37	mn	be ill, suffer, be ill of, suffer from, suffer in (part of the body), be troubled about	0.0
𓏠𓈖𓅪𓀀	Y5,N35,G37,A1	mn	sick man	0.0
𓏠𓈖𓏏𓅪𓏥	Y5,N35,X1,G37,Z2	mnt	malady, what is harmful, suffering	0.0
𓏠𓈖𓏏𓏴𓏥	Y5,N35,X1,Z9,Z2	mnt	malady	0.0
𓏠𓈖𓏌𓏲𓅪𓏥	Y5,N35,W24,Z7,G37,Z2	mnw	pain	0.0
𓏠𓈖𓅪𓏥	Y5,N35,G37,Z2	mnw	pain	0.0
𓏠𓈖𓏏𓅪	Y5,N35,X1,G37	mnt	swallow (bird)	0.0
𓏠𓈖𓏏𓂾	Y5,N35,X1,D56	mnt	thigh (of man), haunch (of ox)	0.0
𓏠𓈖𓏏	Y5,N35,X1,F114	mnt	haunch (of ox)	0.0
𓏠𓈖𓇋𓏋	Y5,N35,M17,W23	mni	jar, measure of capacity	0.0
𓏠𓈖	Y5,N35,W27B	mni	jar	0.0
𓏠𓈖𓏴𓏌	Y5,N35,Z9,W24	mni	jar, measure of capacity	0.0
𓏠𓈖𓇋𓏴𓏌	Y5,N35,M17,Z9,W24	mni	jar, measure of capacity	0.0
𓏠𓈖𓇋𓊛	Y5,N35,M17,J28,P1	mni	moor (ship), marry (to), attach (to), endow (with)	0.0
𓏠𓈖𓇋𓊛	Y5,N35,M17,J28,P1	mni	save (the drowning), revive (the dead)	0.0
𓏠𓈖𓇋𓏝	Y5,N35,M17,J28,Y2	mni	moor (ship)	0.0
𓏠𓈖𓇋𓂡	Y5,N35,M17,D40	mni	endow (with)	0.0
𓏠𓈖𓇋𓏱	Y5,N35,M17,Z6	mni	die	0.0
𓏠𓈖𓇋𓊛	Y5,N35,M17,J28,P1	mni	die	0.0
𓏠𓈖𓇋𓏏𓆱	Y5,N35,M17,X1,J28,M3	mnit	mooring post, whipping post	0.0
𓏠𓏏	Y5,X1,J28	mnit	mooring post, whipping post	0.0
𓏠𓈖𓇋𓏏	Y5,N35,M17,X1,J28	mnit	mooring post, whipping post	0.0
𓏠𓈖𓇋𓄿𓂢	Y5,N35,M17,G1,D41	mniA	a part of the arm	0.0
𓏠𓈖𓇋𓁀	Y5,N35,M17,J28,A55	mni	death	0.0
𓏠𓈖𓇋𓀿	Y5,N35,M17,J28,A54	mni	death	0.0
𓏠𓈖𓇋𓏱	Y5,N35,M17,J28,Z6	mni	death	0.0
𓏠𓈖𓇋𓅱𓏏𓊖	Y5,N35,M17,G43,X1,J28,O49	mniwt	harbour	0.0
𓏠𓈖𓇋𓏏𓋧	Y5,N35,M17,X1,S18	mnit	necklace (sacred to Hathor)	0.0
𓏠𓈖𓏏𓋧	Y5,N35,X1,S18	mnit	necklace (sacred to Hathor)	0.0
𓏠𓈖𓇋𓇋𓂾𓂾	Y5,N35,M17,M17,D56,D56	mny	thighs	0.0
𓏠𓈖𓇋𓇋𓀋𓀀𓏥	Y5,N35,M17,M17,A9,A1,Z2	mny	corvee	0.0
𓏠𓈖𓇋𓇋𓏏𓆱	Y5,N35,M17,M17,X1,M3	mnyt	root, root (of disease)	0.0
𓏠𓈖𓇋𓅱	Y5,N35,M17,U58,G43	mniw	herdsman	0.0
𓏠𓈖𓇋	Y5,N35,J20,M17	mni	act as herdsman	0.0
𓏠𓈖𓂝𓁔	Y5,N35,D36,B5	mni	nurse	0.0
𓏠𓈖𓂝𓏏𓁐	Y5,N35,D36,X1,B1	mnat	nurse	0.0
𓏠𓈖𓂝𓏏	Y5,N35,D36,X1,A352	mnat	(male) nurse	0.0
𓏠𓈖𓂝𓏭𓂑	Y5,N35,D36,Z4,D27	mnay	(male )nurse	0.0
𓏠𓈖𓂑𓂝	Y5,N35,D27,D36	mnay	(male) nurse	0.0
𓏠𓈖𓂝𓏏𓃒	Y5,N35,D36,X1,E1	mnat	milch cow	0.0
𓏠𓈖𓂝𓏏𓂑𓃒	Y5,N35,D36,X1,D27,E1	mnat	milch cow	0.0
𓏠𓈖𓅱𓅆	Y5,N35,G43,G7	mnw	Min (god)	0.0
𓏠𓈖𓏌𓊌	Y5,N35,W24,O39	mnw	type of stone, quartz ?	0.0
𓏠𓈖𓏌𓍢	Y5,N35,W24,V1	mnw	thread	0.0
𓏠𓈖𓏌𓏏𓅭	Y5,N35,W24,X1,G39	mnwt	pigeon	0.0
𓏠𓈖𓏏𓅯	Y5,N35,X1,G41	mnwt	pigeon	0.0
𓏠𓈖𓇋𓇋𓏏𓅭	Y5,N35,M17,M17,X1,G39	mnwt	pigeon	0.0
𓏠𓈖𓏌𓅱𓅭𓇡	Y5,N35,W24,G43,G39,M33A	mnw	pigeons	0.0
𓏠𓈖𓏌𓅱𓏛𓏥	Y5,N35,W24,G43,Y1,Z2	mnw	monuments	0.0
𓏠𓏌𓏌𓏌𓇋𓇋𓏛	Y5,W24,W24,W24,M17,M17,Y1	mnwy	abundant of monuments (epitaph of King)	0.0
𓏠𓏌𓏌𓏌𓆭𓆭𓆭	Y5,W24,W24,W24,M1,M1,M1	mnw	trees, plantation	0.0
𓏠𓆭𓆭𓆭	Y5,M1,M1,M1	mnw	trees, plantation	0.0
𓏠𓏌𓏌𓏌𓆮	Y5,W24,W24,W24,M1A	mnw	trees, plantation	0.0
𓏠𓈖𓏌𓅱𓆭	Y5,N35,W24,G43,M1	mnw	trees, plantation	0.0
𓏠𓈖𓏌𓅱𓉐	Y5,N35,W24,G43,O1	mnnw	fortress	0.0
𓏠𓈖𓆑𓄿𓏏𓀎𓏪	Y5,N35,I9,G1,X1,A12,Z3	mnfAt	trained soldiers, assult troops, infantry, soldiery	0.0
𓏠𓈖𓆑𓄿𓏏𓀀𓏥	Y5,N35,I9,G1,X1,A1,Z2	mnfAt	trained soldiers, assult troops, infantry, soldiers	0.0
𓏠𓈖𓆑𓇋𓏏𓇋𓀎𓏪	Y5,N35,I9,M17,X1,M17,A12,Z3	mnfAt	trained soldiers, assult troops, infantry, soldiers	0.0
𓏠𓈖𓆑𓇋𓇋𓏏𓀘𓏪	Y5,N35,I9,M17,M17,X1,A20,Z3	mnfAt	trained soldiers, assult troops, infantry, soldiers	0.0
𓏠𓈖𓆑𓏏𓀀𓏪	Y5,N35,I9,X1,A1,Z3	mnfAt	trained soldiers, assault troops, infantry, soldiery	0.0
𓏠𓈖𓆑𓏏𓀙𓏪	Y5,N35,I9,X1,A21,Z3	mnfAt	trained soldiers, assault troops, infantry, soldiery	0.0
𓏠𓈖𓆑𓂋𓏏𓇛	Y5,N35,I9,D21,X1,M29	mnfrt	band (for arm or ankle)	0.0
𓏠𓈖𓆑𓂋𓏏	Y5,N35,I9,D21,X1,S107	mnfrt	band (for arm or ankle)	0.0
𓏠𓈖𓏠𓈖𓂻	Y5,N35,Y5,N35,D54	mnmn	move quickly (of person), move about (of army), (earth)quake, be shifted (of boundary)	0.0
𓏠𓈖𓏠𓈖𓏏𓃒𓏪	Y5,N35,Y5,N35,X1,E1,Z3	mnmnt	cattle	0.0
𓏠𓈖𓈖𓏌𓏥	Y5,N35,N35,W24,Z2	mnn	Wood pitch	0.0
𓏠𓈖𓈖𓏌𓅱𓉐	Y5,N35,N35,W24,G43,O1	mnnw	fortress	0.0
𓏠𓈖𓈖𓏌𓉐	Y5,N35,N35,W24,O1	mnnw	fortress	0.0
𓏠𓈖𓏌𓅱𓉐	Y5,N35,W24,G43,O1	mnnw	fortress	0.0
𓏠𓈖𓄤𓆑𓂋𓉴𓊖	Y5,N35,F35,I9,D21,O24,O49	mn  nfr	Memphis	0.0
𓏠𓈖𓉔𓆓𓏞	Y5,N35,O4,I10,Y3	mnhD	scribe''s palette	0.0
𓏠𓈖𓉔𓂧𓏞	Y5,N35,O4,D46,Y3	mnhD	scribe''s palette	0.0
𓏠𓈖𓎛𓈒𓏥	Y5,N35,V28,N33,Z2	mnH	wax	0.0
𓏠𓈖𓎛𓆰	Y5,N35,V28,M2	mnH	papyrus plant	0.0
𓏠𓈖𓎛𓏭𓇇𓆰	Y5,N35,V28,Z4,M15,M2	mnH	papyrus plant	0.0
𓏠𓈖𓎛𓅱𓏪	Y5,N35,V28,G43,Z3	mnHw	froth ? (on lips)	0.0
𓏠𓈖𓍢𓂡	Y5,N35,J1,V1,D40	mnx	string (beads)	0.0
𓏠𓈖𓍊	Y5,N35,J1,U22	mnx	chisel	0.0
𓏠𓈖𓍊𓏛	Y5,N35,J1,U22,Y1	mnx	potent (of king), trusty (of officials), efficacious (of commands)	0.0
𓏠𓈖𓍊𓏛	Y5,N35,J1,U22,Y1	mnx	well disposed, devoted, splendid (of buildings), costly (of material)	0.0
𓏠𓈖𓍊𓏛	Y5,N35,J1,U22,Y1	mnx	lavish (of worship), excellent (of occasions), well famed, well established,	0.0
𓏠𓈖𓏛	Y5,N35,J1,Y1	mnx	potent (of king etc..)	0.0
𓏠𓈖𓍊𓂡	Y5,N35,J1,U22,D40	mnx	potent (of king etc..)	0.0
𓏠𓈖𓍊𓈖	Y5,N35,J1,U22,Y1V,N35	mnx  n	go well with (affairs)	0.0
𓏠𓈖𓍊𓏛	Y5,N35,J1,U22,Y1	mnx	thoroughly	0.0
𓏠𓈖𓏛𓄣𓏤	Y5,N35,J1,Y1,F34,Z1	mnx  ib	pleasing to the heart	0.0
𓏠𓈖𓅱𓍊𓏛𓏥	Y5,N35,J1,G43,U22,Y1,Z2	mnxw	excellence, virtues (of someone)	0.0
𓏠𓈖𓍊𓏛	Y5,N35,J1,U22,Y1	mnxw	excellence, virtues (of someone)	0.0
𓏠𓈖𓏛	Y5,N35,J1,Y1	mnxw	excellence,  virtues (of someone)	0.0
𓏠𓈖𓏏𓍊	Y5,N35,J1,X1,U22	mnxt	willingness (of heart)	0.0
𓏠𓈖	Y5,N35,J1	mnx	be joyful ?	0.0
𓏠𓈖𓅓	Y5,N35,J1,G17	mnx  m	be joyful over ?	0.0
𓏠𓈖𓏏	Y5,N35,J1,X1	mnxt	the third month	0.0
𓏠𓈖𓏏𓋳	Y5,N35,J1,X1,S28	mnxt	type of fabric, clothing	0.0
𓏠𓈖𓏏𓋲	Y5,N35,J1,X1,S27	mnxt	type of fabric, clothing	0.0
𓏠𓈖𓋴𓏏𓅪	Y5,N35,S29,X1,G37	mnst	lack ?	0.0
𓏠𓈖𓎂𓎿	Y5,N35,V16,W14	mnsA	jar (for liquids)	0.0
𓏠𓈖𓈙𓍷	Y5,N35,N37,V10	mnS	cartouche	0.0
𓏠𓈖𓈙𓏏𓈒𓏥	Y5,N35,N37,X1,N33,Z2	mnSt	ochre (red or yellow ?)	0.0
𓏠𓈖𓈎𓍼	Y5,N35,N29,V12	mnq	come to an end	0.0
𓏠𓈖𓈎𓏏𓏋	Y5,N35,N29,X1,W23	mnqt	jar ?	0.0
𓏠𓈖𓈎𓃀𓋼	Y5,N35,N29,D58,S36	mnqb	fan	0.0
𓏠𓈖𓈎𓃀𓏁𓉐	Y5,N35,N29,D58,W15,O1	mnqb	cool place,	0.0
𓏠𓈖𓈎𓃀𓉐	Y5,N35,N29,D58,O1	mnqb	chapel	0.0
𓏠𓈖𓎡𓂋𓏏𓄛𓏤	Y5,N35,V31,D21,X1,F27,Z1	mnkrt	bull''s tail (worn by king)	0.0
𓏠𓈖𓏏𓏏𓊌	Y5,N35,X1,X1,O39	mntt	diorite	0.0
𓏠𓈖𓅷𓄿𓏏𓏊	Y5,N35,G47,G1,X1,W22	mnTAt	pottery vessel	0.0
𓏠𓈖𓍿𓅱𓁣	Y5,N35,V13,G43,C7	mnTw	Montu (god)	0.0
𓏠𓈖𓏏𓏲𓅆	Y5,N35,X1,Z7,G7	mnTw	Montu (god)	0.0
𓏠𓈖𓍿𓅱𓀭	Y5,N35,V13,G43,A40	mnTw	Montu (god)	0.0
𓏠𓈖𓍿𓅱𓌙𓀀𓏥	Y5,N35,V13,G43,T14,A1,Z2	mnTw	Bedouin	0.0
𓏠𓅂𓀺𓏪	Y5,G4,A49,Z3	mnTw	Bedouin	0.0
𓏠𓈖𓅂𓌙𓀐𓏥	Y5,N35,G4,T14,A14,Z2	mnTw	Bedouin	0.0
𓏠𓏏𓅱𓏪	Y5,X1,G43,C248,Z3	mnTw	Bedouin	0.0
𓏠𓈖𓆓𓂑	Y5,N35,I10,D27	mnD	breast	0.0
𓏠𓈖𓂧𓂑	Y5,N35,D46,D27	mnD	breast	0.0
𓏠𓈖𓆓𓏏𓂉	Y5,N35,I10,X1,D19	mnDt	cheek	0.0
𓏠𓈖𓂧𓏏𓄹	Y5,N35,D46,X1,F51	mnDt	cheek	0.0
𓏠𓈖𓂧𓏏𓂑𓄹	Y5,N35,D46,X1,D27,F51	mnDt	cheek	0.0
𓏠𓈖𓇛𓆓𓅓𓎅	Y5,N35,M29,I10,G17,V19	mnDm	basket	0.0
𓏠𓈖𓇛𓎅	Y5,N35,M29,V19	mnDm	basket	0.0
𓏠𓈖𓇥𓂋𓄹	Y5,N35,M36,D21,F51	mnDr	stomach	0.0
𓏡	Y6	ibA	draughtsman	0.0
𓏣𓅓𓀜𓁹𓆑𓀴	Y8,G17,A24,D4,I9,A44	sxm  ir  .f	potentate	0.0
𓏤𓏤𓏤𓏤𓏤𓏤𓏤𓏤𓏌𓊖	Z1,Z1,Z1,Z1,Z1,Z1,Z1,Z1,W24,O49	xmnw	Hermopolis	0.0
𓏤𓏤𓏤𓏤𓏤𓏤𓏤𓏤𓇋𓇋𓅱𓀭𓏪	Z1,Z1,Z1,Z1,Z1,Z1,Z1,Z1,M17,M17,G43,A40,Z3	xmnyw	Ogdoad	0.0
𓏶𓅓	Z11,G17	imy	who is in, which is in	0.0
𓏶𓅨𓂋𓏏𓉐	Z11,G36,D21,X1,O1	imy  wrt	designation of priestly phyle	0.0
𓏶𓅓𓅨𓂋𓏏	Z11,G17,G36,D21,X1	imy  wrt	starboard (of ship)	0.0
𓏶𓅨𓂋𓏏𓉐	Z11,G36,D21,X1,O1	imy  wrt	the West	0.0
𓏶𓅓𓅱𓏏	Z11,G17,G43,X1,J2	imy  wt	name of Anubis-fetish	0.0
𓏶𓅓𓂺	Z11,G17,D53	imy  bAH	who is in the presence, who existed aforetime, ancestor	0.0
𓏶𓅓𓏏𓉐𓏛𓏥	Z11,G17,X1,O1,Y1,Z2	imy  pr	will, testament	0.0
𓏶𓅓𓏏𓏛𓏥𓉐𓏤	Z11,G17,X1,Y1,Z2,O1,Z1	imt  pt	will, testament	0.0
𓏶𓅓𓏏𓈖𓆓𓋴𓏏𓅪	Z11,G17,X1,N35,I10,S29,X1,G37	imt  nDst	stern (of ship)	0.0
𓏶𓅓𓂋𓈖𓆑𓀀𓏥	Z11,G17,D21,N35,I9,A1,Z2	imy  rn  .f	list of names	0.0
𓏶𓅓𓏭𓂋𓈖𓆑	Z11,G17,Z4,D21,N35,I9	imy  rn  .f	list of names	0.0
𓏶𓅓𓏭𓉔𓂋𓏲𓇳𓏤𓆑	Z11,G17,Z4,O4,D21,Z7,N5,Z1,I9	imy  hrw  .f	sentry, who is on duty for the day	0.0
𓏶𓅓𓄂𓏏𓏤	Z11,G17,F4,X1,Z1	imy  HAt	who, which is in front, which was before	0.0
𓏶𓅓𓄂𓏏𓏤	Z11,G17,F4,X1,Z1	imy  HAt	pattern, mould (of conduct)	0.0
𓏶𓅓𓏏𓄂𓏏𓏤𓆑𓆘	Z11,G17,X1,F4,X1,Z1,I9,I13	imt  HAt  .f	Royal Uraeus (she who is on his front)	0.0
𓏶𓏃𓀀	Z11,W17,A1	imy  xmt	chamberlain	0.0
𓏶𓂉𓏏	Z11,D19,X1	imy  xnt	chamberlain	0.0
𓏶𓏥𓅱𓆱𓏏𓂻𓀀𓏪	Z11,Z2,G43,M3,J1,X1,D54,A1,Z3	imyw  xtw	those of later times, posterity	0.0
𓏶𓅓𓄡𓏏𓄹	Z11,G17,F32,X1,F51	imy  Xt	viscera	0.0
𓏶𓅓𓊨𓏏𓉐𓂝𓏤𓀀	Z11,G17,Q1,X1,O1,D36,Z1,A1	imy  st  a	acolyte, helper	0.0
𓏶𓎃𓀀	Z11,V17,A1	imy  sA	attendant	0.0
𓏶𓅓𓂜	Z11,G17,D35	imi	''negates the verb''	0.0
𓏶𓅓𓏭𓏏𓏲	Z11,G17,Z4,X1,Z7	imytw	between, in the midst of	0.0
𓏶𓅓𓏏	Z11,G17,X1	imytw	between, in the midst of	0.0
𓏶𓅓𓀁	Z11,G17,A2	wnm	eat, feed on, consume	0.0
𓏶𓀁	Z11,A2	wnm	eat	0.0
𓏶𓏛	Z11,Y1	wnm	eat of, feed on	0.0
𓏶𓅓𓏏𓏒𓏥	Z11,G17,X1,X4,Z2	wnmt	food, fodder	0.0
𓏶𓌽𓏥	Z11,J15,U9,Z2	wnmw	food, sustenance	0.0
𓏶𓀁𓌽𓈒𓏥𓃒	Z11,A2,U9,N33,Z2,E1	wnm	fattened ox	0.0
𓏶𓅓𓇋𓇋𓏏𓊮	Z11,G17,M17,M17,X1,Q7	wnmyt	devouring flame	0.0
𓏶𓎃𓀀	Z11,V17,A1	imy sA	attendant	0.0
𓈋𓏲𓃒𓏥	Z11A,N26,Z7,E1,Z2	wnDw	short horned cattle	0.0
𓏥𓏥𓏥𓏏	Z2,Z2,Z2,X1	psDt	group of nine	0.0
𓏥𓏌	Z2,W24	xmt  nw	third	0.0
𓏥𓏥𓋳	Z2,Z2,S28	sis	six - weave linen	0.0
𓏥𓏥𓈖𓏏𓎳	Z2,Z2,N35,X1,W4	snt	festival of the 6th day of lunar month	0.0
𓏥𓏥𓈖𓏏𓎱	Z2,Z2,N35,X1,W3	snt	festival of the 6th day of lunar month	0.0
𓏥𓏮𓏏𓅱𓏥	Z2,Z4A,X1,G43,Z2	diwt	five parts	0.0
𓏥	Z2	3	three	0.0
𓏮𓏮𓏮𓏮𓍘𓊛	Z4A,Z4A,Z4A,Z4A,U33,P1	xmntyw	a ship	0.0
𓏮𓏮𓏮𓏮𓈖𓏏𓅂𓊛	Z4A,Z4A,Z4A,Z4A,N35,X1,G4,P1	xmntyw	a ship	0.0
𓏮𓏮𓏥	Z4A,Z4A,Z2	sfxw	seven	0.0
𓏮𓏌	Z4A,W24	snnw	second (ordinal number), twin, equal	0.0
𓏮𓏌𓏛	Z4A,W24,Y1	snw	companion, fellow, equal, counterpart, dual contestants (in Court of Law)	0.0
𓏲𓂝𓂋𓆭	Z7,D36,D21,J2,M1	wan	juniper	0.0
𓏲𓎛𓏲𓏏𓌙𓀀𓁐𓏥	Z7,V28,Z7,X1,T14,A1,B1,Z2	wHyt	family, kindred	0.0
𓏲𓄿𓆼𓇰	Z7,G1,M12,N2	wx	night	0.0
𓏲𓆼𓄿𓊡	Z7,M12,G1,P5	wxA	full blast (of storm) ?	0.0
𓏲𓆼𓄿𓅪	Z7,M12,G1,G37	wxA	be foolish, act stupidly	0.0
𓏲𓂋𓉐𓉐	Z7,J1,D21,O1,O1	wxr	dockyard	0.0
𓏲𓂧𓏲𓏥	Z7,J1,D46,Z7,J2,Z2	wxdw	pain	0.0
𓏲𓂧𓏏	Z7,J1,D46,X1,J2	wxdt	pain	0.0
𓏲𓋴𓏏𓍼	Z7,S29,X1,V12	wsty	letter	0.0
𓏲𓈙𓈙𓂺	Z7,N37,N37,D53	wsS	urinate	0.0
𓏲𓆷𓄿𓂷𓂡	Z7,M8,G1,D51,D40	wSA	fatten	0.0
𓏲𓈙𓅓𓀜	Z7,N37,G17,A24	wSm	mix	0.0
𓏲𓎼𓇋𓇋𓏏𓄒	Z7,W11,M17,M17,X1,F19	wgyt	jaw	0.0
𓏲𓎼𓏏𓄒	Z7,W11,X1,F19	wgyt	jaw	0.0
𓏲𓎼𓄿𓏲𓄑𓆱	Z7,W11,G1,Z7,F18,M3	wgiw	ribs (of ship)	0.0
𓏲𓎼𓄿𓋴𓂡	Z7,W11,G1,S29,T30A,D40	wgs	cut open, gut (fish etc)	0.0
𓏲𓏏	Z7,X1,J2	wt	bandage	0.0
𓏲𓆓𓆑𓄿𓅯𓂻	Z7,I10,I9,G1,G41,D54	wdf	be sluggish (of wound)	0.0
𓏲𓂧𓈖𓏌𓏲𓍖𓏛𓏥	Z7,D46,N35,W24,Z7,U32,Y1,Z2	wdnw	offerings	0.0
𓏲𓂧𓈖𓍖𓏛𓏥	Z7,D46,N35,U32,Y1,Z2	wdnt	offering	0.0
𓏲𓂧𓎛𓀜	Z7,D46,V28,A24	wdH	pour out, pour off	0.0
𓏲𓂧𓃀𓄲𓂻	Z7,D46,D58,F46,D54	wDb	fold over	0.0
𓏴𓏛𓋴𓏏	Z9,Y1,S29,X1	wp  st	specify it (details of it)	0.0
𓏴𓏥	Z9,Z2	xbsw	ploughlands	0.0
𓏴𓅱𓈅𓏥	Z9,G43,N21,Z2	xbsw	ploughlands	0.0
𓏴𓌪𓂡	Z9,T30,D40	swA	break, cut (throat), cut off, cut down	0.0
𓏴𓈐	Z9,N31	swA	pass (on road), escape (from), surpass (someone), pass away, transgress, occur	0.0
𓏴𓃒	Z9,E1	kA  Sbn	rabble ?	0.0
𓏴𓈖𓏌𓅱	Z9,N35,W24,G43	Sbnw	various	0.0
𓏴𓈖𓏌𓏛𓏥	Z9,N35,W24,Y1,Z2	Sbnw	various	0.0
